"","taxon_id","taxonomic_group","scientific_name","common_name","state_listing_status","conservation_concern_rare_plant_rank","accepted_scientific_name","gbif_taxonID","duplicated_taxon","authorship","rank","kingdom","phylum","class","order","family","genus","species"
"1","2431960","Amphibians","Ambystoma californiense pop. 1","California Tiger Salamander – Central California DPS","ST","None","Ambystoma californiense","2431960","Yes","Gray, 1853","Species","Animalia","Chordata","Amphibia","Caudata","Ambystomatidae","Ambystoma","Ambystoma californiense"
"2","2431960","Amphibians","Ambystoma californiense pop. 2","California Tiger Salamander – Santa Barbara County DPS","ST","None","Ambystoma californiense","2431960","Yes","Gray, 1853","Species","Animalia","Chordata","Amphibia","Caudata","Ambystomatidae","Ambystoma","Ambystoma californiense"
"3","2431960","Amphibians","Ambystoma californiense pop. 3","California Tiger Salamander – Sonoma County DPS","ST","None","Ambystoma californiense","2431960","Yes","Gray, 1853","Species","Animalia","Chordata","Amphibia","Caudata","Ambystomatidae","Ambystoma","Ambystoma californiense"
"4","6170146","Amphibians","Ambystoma macrodactylum croceum","Santa Cruz Long-toed Salamander","SE, SFP","None","Ambystoma macrodactylum croceum","6170146","No","Russell & Anderson, 1956","Subspecies","Animalia","Chordata","Amphibia","Caudata","Ambystomatidae","Ambystoma","Ambystoma californiense"
"5","6170145","Amphibians","Ambystoma macrodactylum sigillatum","Southern Long-toed Salamander","None","SSC","Ambystoma macrodactylum sigillatum","6170145","No","Ferguson, 1961","Subspecies","Animalia","Chordata","Amphibia","Caudata","Ambystomatidae","Ambystoma","Ambystoma californiense"
"6","2422897","Amphibians","Anaxyrus californicus","Arroyo Toad","None","SSC","Anaxyrus californicus","2422897","No","(Camp, 1915) ","Species","Animalia","Chordata","Amphibia","Caudata","Ambystomatidae","Ambystoma","Ambystoma californiense"
"7","2422932","Amphibians","Anaxyrus canorus","Yosemite Toad","None","SSC","Anaxyrus canorus","2422932","No","(Camp, 1916) ","Species","Animalia","Chordata","Amphibia","Caudata","Ambystomatidae","Ambystoma","Ambystoma californiense"
"8","2422884","Amphibians","Anaxyrus exsul","Black Toad","ST, SFP","None","Anaxyrus exsul","2422884","No","(Myers, 1942) ","Species","Animalia","Chordata","Amphibia","Caudata","Ambystomatidae","Ambystoma","Ambystoma californiense"
"9","9019940","Amphibians","Aneides niger","Santa Cruz Black Salamander","None","SSC","Aneides niger","9019940","No","Myers & Maslin, 1948","Species","Animalia","Chordata","Amphibia","Caudata","Ambystomatidae","Ambystoma","Ambystoma californiense"
"10","2429804","Amphibians","Ascaphus truei","Pacific Tailed Frog","None","SSC","Ascaphus truei","2429804","No","Stejneger, 1899","Species","Animalia","Chordata","Amphibia","Caudata","Ambystomatidae","Ambystoma","Ambystoma californiense"
"11","2431759","Amphibians","Batrachoseps campi","Inyo Mountains Slender Salamander","None","SSC","Batrachoseps campi","2431759","No","Marlow, Brode & Wake, 1979","Species","Animalia","Chordata","Amphibia","Caudata","Ambystomatidae","Ambystoma","Ambystoma californiense"
"12","2431756","Amphibians","Batrachoseps incognitus","San Simeon Slender Salamander","None","None","Batrachoseps incognitus","2431756","No","Jockusch, Yanev & Wake, 2001","Species","Animalia","Chordata","Amphibia","Caudata","Ambystomatidae","Ambystoma","Ambystoma californiense"
"13","2431762","Amphibians","Batrachoseps luciae","Santa Lucia Slender Salamander","None","None","Batrachoseps luciae","2431762","No","Jockusch, Yanev & Wake, 2001","Species","Animalia","Chordata","Amphibia","Caudata","Ambystomatidae","Ambystoma","Ambystoma californiense"
"14","6170187","Amphibians","Batrachoseps major aridus","Desert Slender Salamander","SE","None","Batrachoseps major aridus","6170187","No","Brame, 1970","Subspecies","Animalia","Chordata","Amphibia","Caudata","Ambystomatidae","Ambystoma","Ambystoma californiense"
"15","2431774","Amphibians","Batrachoseps minor","Lesser Slender Salamander","None","SSC","Batrachoseps minor","2431774","No","Jockusch, Yanev & Wake, 2001","Species","Animalia","Chordata","Amphibia","Caudata","Ambystomatidae","Ambystoma","Ambystoma californiense"
"16","2431761","Amphibians","Batrachoseps relictus","Relictual Slender Salamander","None","SSC","Batrachoseps relictus","2431761","No","Brame & Murray, 1968","Species","Animalia","Chordata","Amphibia","Caudata","Ambystomatidae","Ambystoma","Ambystoma californiense"
"17","2431755","Amphibians","Batrachoseps simatus","Kern Canyon Slender Salamander","ST","None","Batrachoseps simatus","2431755","No","Brame & Murray, 1968","Species","Animalia","Chordata","Amphibia","Caudata","Ambystomatidae","Ambystoma","Ambystoma californiense"
"18","2431775","Amphibians","Batrachoseps stebbinsi","Tehachapi Slender Salamander","ST","None","Batrachoseps stebbinsi","2431775","No","Brame & Murray, 1968","Species","Animalia","Chordata","Amphibia","Caudata","Ambystomatidae","Ambystoma","Ambystoma californiense"
"19","12245000","Amphibians","Batrachoseps wakei","Arguello Slender Salamander","None","None","Batrachoseps wakei","12245000","No","Sweet & Jockusch, 2021","Species","Animalia","Chordata","Amphibia","Caudata","Ambystomatidae","Ambystoma","Ambystoma californiense"
"20","2432020","Amphibians","Dicamptodon ensatus","California Giant Salamander","None","SSC","Dicamptodon ensatus","2432020","No","(Eschscholtz, 1833) ","Species","Animalia","Chordata","Amphibia","Caudata","Ambystomatidae","Ambystoma","Ambystoma californiense"
"21","2431664","Amphibians","Hydromantes brunus","Limestone Salamander","ST","None","Hydromantes brunus","2431664","No","Gorman, 1954","Species","Animalia","Chordata","Amphibia","Caudata","Ambystomatidae","Ambystoma","Ambystoma californiense"
"22","2431661","Amphibians","Hydromantes platycephalus","Mount Lyell Salamander","None","None","Hydromantes platycephalus","2431661","No","(Camp, 1916) ","Species","Animalia","Chordata","Amphibia","Caudata","Ambystomatidae","Ambystoma","Ambystoma californiense"
"23","9325706","Amphibians","Hydromantes samweli","Samwel Shasta Salamander","ST","None","Hydromantes samweli","9325706","No","Bingham, Papenfuss, Lindstrand & Wake, 2018","Species","Animalia","Chordata","Amphibia","Caudata","Ambystomatidae","Ambystoma","Ambystoma californiense"
"24","2431663","Amphibians","Hydromantes shastae","Shasta Salamander","ST","None","Hydromantes shastae","2431663","No","Gorman & Camp, 1953","Species","Animalia","Chordata","Amphibia","Caudata","Ambystomatidae","Ambystoma","Ambystoma californiense"
"25","9637901","Amphibians","Hydromantes wintu","Wintu Shasta Salamander","ST","None","Hydromantes wintu","9637901","No","Bingham, Papenfuss, Lindstrand & Wake, 2018","Species","Animalia","Chordata","Amphibia","Caudata","Ambystomatidae","Ambystoma","Ambystoma californiense"
"26","2427185","Amphibians","Lithobates pipiens","Northern Leopard Frog","None","SSC","Lithobates pipiens","2427185","No","(Schreber, 1782) ","Species","Animalia","Chordata","Amphibia","Caudata","Ambystomatidae","Ambystoma","Ambystoma californiense"
"27","2427144","Amphibians","Lithobates yavapaiensis","Lowland Leopard Frog","None","SSC","Lithobates yavapaiensis","2427144","No","(Platz & Frost, 1984) ","Species","Animalia","Chordata","Amphibia","Caudata","Ambystomatidae","Ambystoma","Ambystoma californiense"
"28","2431523","Amphibians","Plethodon asupak","Scott Bar Salamander","ST","None","Plethodon asupak","2431523","No","Mead, Clayton, Nauman, Olson & Pfrender, 2005","Species","Animalia","Chordata","Amphibia","Caudata","Ambystomatidae","Ambystoma","Ambystoma californiense"
"29","2431542","Amphibians","Plethodon dunni","Dunn’s Salamander","None","None","Plethodon dunni","2431542","No","Bishop, 1934","Species","Animalia","Chordata","Amphibia","Caudata","Ambystomatidae","Ambystoma","Ambystoma californiense"
"30","2431533","Amphibians","Plethodon stormi","Siskiyou Mountains Salamander","ST","None","Plethodon stormi","2431533","No","Highton & Brame, 1965","Species","Animalia","Chordata","Amphibia","Caudata","Ambystomatidae","Ambystoma","Ambystoma californiense"
"31","2426808","Amphibians","Rana aurora","Northern Red-legged Frog","None","SSC","Rana aurora","2426808","No","Baird & Girard, 1852","Species","Animalia","Chordata","Amphibia","Caudata","Ambystomatidae","Ambystoma","Ambystoma californiense"
"32","2426814","Amphibians","Rana boylii pop. 1","Foothill Yellow-legged Frog – North Coast DPS","None","SSC","Rana boylii","2426814","Yes","Baird, 1854","Species","Animalia","Chordata","Amphibia","Caudata","Ambystomatidae","Ambystoma","Ambystoma californiense"
"33","2426814","Amphibians","Rana boylii pop. 2","Foothill Yellow-legged Frog – Feather River DPS","ST","None","Rana boylii","2426814","Yes","Baird, 1854","Species","Animalia","Chordata","Amphibia","Caudata","Ambystomatidae","Ambystoma","Ambystoma californiense"
"34","2426814","Amphibians","Rana boylii pop. 3","Foothill Yellow-legged Frog – North Sierra DPS","ST","None","Rana boylii","2426814","Yes","Baird, 1854","Species","Animalia","Chordata","Amphibia","Caudata","Ambystomatidae","Ambystoma","Ambystoma californiense"
"35","2426814","Amphibians","Rana boylii pop. 4","Foothill Yellow-legged Frog – Central Coast DPS","SE","None","Rana boylii","2426814","Yes","Baird, 1854","Species","Animalia","Chordata","Amphibia","Caudata","Ambystomatidae","Ambystoma","Ambystoma californiense"
"36","2426814","Amphibians","Rana boylii pop. 5","Foothill Yellow-legged Frog – South Sierra DPS","SE","None","Rana boylii","2426814","Yes","Baird, 1854","Species","Animalia","Chordata","Amphibia","Caudata","Ambystomatidae","Ambystoma","Ambystoma californiense"
"37","2426814","Amphibians","Rana boylii pop. 6","Foothill Yellow-legged Frog – South Coast DPS","SE","None","Rana boylii","2426814","Yes","Baird, 1854","Species","Animalia","Chordata","Amphibia","Caudata","Ambystomatidae","Ambystoma","Ambystoma californiense"
"38","2426771","Amphibians","Rana cascadae","Cascades Frog","SCL","SSC","Rana cascadae","2426771","No","Slater, 1939","Species","Animalia","Chordata","Amphibia","Caudata","Ambystomatidae","Ambystoma","Ambystoma californiense"
"39","2426756","Amphibians","Rana draytonii","California Red-legged Frog","None","SSC","Rana draytonii","2426756","No","Baird & Girard, 1852","Species","Animalia","Chordata","Amphibia","Caudata","Ambystomatidae","Ambystoma","Ambystoma californiense"
"40","2426791","Amphibians","Rana muscosa","Southern Mountain Yellow-legged Frog","SE","None","Rana muscosa","2426791","No","Camp, 1917","Species","Animalia","Chordata","Amphibia","Caudata","Ambystomatidae","Ambystoma","Ambystoma californiense"
"41","2426776","Amphibians","Rana pretiosa","Oregon Spotted Frog","None","SSC","Rana pretiosa","2426776","No","Baird & Girard, 1853","Species","Animalia","Chordata","Amphibia","Caudata","Ambystomatidae","Ambystoma","Ambystoma californiense"
"42","2426754","Amphibians","Rana sierrae","Sierra Nevada Yellow-legged Frog","ST","None","Rana sierrae","2426754","No","Camp, 1917","Species","Animalia","Chordata","Amphibia","Caudata","Ambystomatidae","Ambystoma","Ambystoma californiense"
"43","2431176","Amphibians","Rhyacotriton variegatus","Southern Torrent Salamander","None","SSC","Rhyacotriton variegatus","2431176","No","Stebbins & Lowe, 1951","Species","Animalia","Chordata","Amphibia","Caudata","Ambystomatidae","Ambystoma","Ambystoma californiense"
"44","2429795","Amphibians","Scaphiopus couchii","Couch’s Spadefoot","None","SSC","Scaphiopus couchii","2429795","No","Baird, 1854","Species","Animalia","Chordata","Amphibia","Caudata","Ambystomatidae","Ambystoma","Ambystoma californiense"
"45","2429783","Amphibians","Spea hammondii","Western Spadefoot","None","SSC","Spea hammondii","2429783","No","(Baird, 1859) ","Species","Animalia","Chordata","Amphibia","Caudata","Ambystomatidae","Ambystoma","Ambystoma californiense"
"46","2431916","Amphibians","Taricha rivularis","Red-Bellied Newt","None","SSC","Taricha rivularis","2431916","No","(Twitty, 1935) ","Species","Animalia","Chordata","Amphibia","Caudata","Ambystomatidae","Ambystoma","Ambystoma californiense"
"47","2431913","Amphibians","Taricha torosa","Coast Range Newt","None","SSC","Taricha torosa","2431913","No","(Rathke, 1833) ","Species","Animalia","Chordata","Amphibia","Caudata","Ambystomatidae","Ambystoma","Ambystoma californiense"
"48","2482032","Birds","Aechmophorus clarkii","Clark’s Grebe","None","BCC","Aechmophorus clarkii","2482032","No","(Lawrence, 1858) ","Species","Animalia","Chordata","Amphibia","Caudata","Ambystomatidae","Ambystoma","Ambystoma californiense"
"49","2482033","Birds","Aechmophorus occidentalis","Western Grebe","None","BCC","Aechmophorus occidentalis","2482033","No","(Lawrence, 1858) ","Species","Animalia","Chordata","Amphibia","Caudata","Ambystomatidae","Ambystoma","Ambystoma californiense"
"50","6175168","Birds","Agelaius phoeniceus aciculatus","Kern Red-winged Blackbird","None","SSC","Agelaius phoeniceus aciculatus","6175168","No","Mailliard, 1915","Subspecies","Animalia","Chordata","Amphibia","Caudata","Ambystomatidae","Ambystoma","Ambystoma californiense"
"51","2484445","Birds","Agelaius tricolor","Tricolored Blackbird","ST","SSC, BCC, Red","Agelaius tricolor","2484445","No","(Audubon, 1837) ","Species","Animalia","Chordata","Amphibia","Caudata","Ambystomatidae","Ambystoma","Ambystoma californiense"
"52","6173738","Birds","Aimophila ruficeps obscura","Santa Cruz Island Rufous-crowned Sparrow","None","SSC","Aimophila ruficeps obscura","6173738","No","Dickey & Van Rossem, 1923","Subspecies","Animalia","Chordata","Amphibia","Caudata","Ambystomatidae","Ambystoma","Ambystoma californiense"
"53","2491123","Birds","Ammodramus savannarum","Grasshopper Sparrow","None","SSC","Ammodramus savannarum","2491123","No","(J.F.Gmelin, 1789) ","Species","Animalia","Chordata","Amphibia","Caudata","Ambystomatidae","Ambystoma","Ambystoma californiense"
"54","2480292","Birds","Anarhynchus montanus","Mountain Plover","None","SSC, BCC","Charadrius montanus","2480292","No","J.K.Townsend, 1837","Species","Animalia","Chordata","Amphibia","Caudata","Ambystomatidae","Ambystoma","Ambystoma californiense"
"55","6065879","Birds","Anarhynchus nivosus nivosus","Northern Snowy Plover – Interior Population","None","SSC, BCC, Yellow","Charadrius nivosus","6065879","Yes","(Cassin, 1858) ","Species","Animalia","Chordata","Amphibia","Caudata","Ambystomatidae","Ambystoma","Ambystoma californiense"
"56","6065879","Birds","Anarhynchus nivosus nivosus","Northern Snowy Plover – West Coast DPS","None","SSC, BCC, Yellow","Charadrius nivosus","6065879","Yes","(Cassin, 1858) ","Species","Animalia","Chordata","Amphibia","Caudata","Ambystomatidae","Ambystoma","Ambystoma californiense"
"57","2498112","Birds","Anas acuta","Northern Pintail","None","Yellow","Anas acuta","2498112","No","Linnaeus, 1758","Species","Animalia","Chordata","Amphibia","Caudata","Ambystomatidae","Ambystoma","Ambystoma californiense"
"58","6178329","Birds","Anser albifrons elgasi","Tule Greater White-fronted Goose","None","SSC","Anser albifrons elgasi","6178329","No","Delacour & Ripley, 1975","Subspecies","Animalia","Chordata","Amphibia","Caudata","Ambystomatidae","Ambystoma","Ambystoma californiense"
"59","9594287","Birds","Antigone canadensis canadensis","Lesser Sandhill Crane","None","SSC","Antigone canadensis canadensis","9594287","No","","Subspecies","Animalia","Chordata","Amphibia","Caudata","Ambystomatidae","Ambystoma","Ambystoma californiense"
"60","9018037","Birds","Antigone canadensis tabida","Greater Sandhill Crane","ST, SFP","None","Antigone canadensis tabida","9018037","No","(J.L.Peters, 1925) ","Subspecies","Animalia","Chordata","Amphibia","Caudata","Ambystomatidae","Ambystoma","Ambystoma californiense"
"61","2482399","Birds","Aphelocoma insularis","Island Scrub-Jay","None","BCC","Aphelocoma insularis","2482399","No","Henshaw, 1886","Species","Animalia","Chordata","Amphibia","Caudata","Ambystomatidae","Ambystoma","Ambystoma californiense"
"62","2480506","Birds","Aquila chrysaetos","Golden Eagle","SFP","CDF-S","Aquila chrysaetos","2480506","No","(Linnaeus, 1758) ","Species","Animalia","Chordata","Amphibia","Caudata","Ambystomatidae","Ambystoma","Ambystoma californiense"
"63","9752617","Birds","Ardea alba","Great Egret","None","CDF-S","Ardea alba","9752617","No","Linnaeus, 1758","Species","Animalia","Chordata","Amphibia","Caudata","Ambystomatidae","Ambystoma","Ambystoma californiense"
"64","9630752","Birds","Ardea herodias","Great Blue Heron","None","CDF-S","Ardea herodias","9630752","No","Linnaeus, 1758","Species","Animalia","Chordata","Amphibia","Caudata","Ambystomatidae","Ambystoma","Ambystoma californiense"
"65","7884034","Birds","Ardenna bulleri","Buller’s Shearwater","None","BCC","Puffinus bulleri","5229379","No","Salvin, 1888","Species","Animalia","Chordata","Amphibia","Caudata","Ambystomatidae","Ambystoma","Ambystoma californiense"
"66","8475930","Birds","Ardenna creatopus","Pink-footed Shearwater","None","BCC, Red","Puffinus creatopus","5229358","No","Coues, 1864","Species","Animalia","Chordata","Amphibia","Caudata","Ambystomatidae","Ambystoma","Ambystoma californiense"
"67","2481776","Birds","Arenaria interpres","Ruddy Turnstone","None","Orange","Arenaria interpres","2481776","No","(Linnaeus, 1758) ","Species","Animalia","Chordata","Amphibia","Caudata","Ambystomatidae","Ambystoma","Ambystoma californiense"
"68","5229406","Birds","Arenaria melanocephala","Black Turnstone","None","None","Arenaria melanocephala","5229406","No","(Vigors, 1829) ","Species","Animalia","Chordata","Amphibia","Caudata","Ambystomatidae","Ambystoma","Ambystoma californiense"
"69","8934987","Birds","Artemisiospiza belli clementeae","San Clemente Bell’s Sparrow","None","SSC","Artemisiospiza belli clementeae","8934987","No","(Ridgway, 1898) ","Subspecies","Animalia","Chordata","Amphibia","Caudata","Ambystomatidae","Ambystoma","Ambystoma californiense"
"70","8276794","Birds","Artemisiospiza nevadensis","Sagebrush Sparrow","None","Yellow","Artemisiospiza nevadensis","8276794","No","(Ridgway, 1874) ","Species","Animalia","Chordata","Amphibia","Caudata","Ambystomatidae","Ambystoma","Ambystoma californiense"
"71","2497295","Birds","Asio flammeus","Short-eared Owl","None","SSC, BCC","Asio flammeus","2497295","No","(Pontoppidan, 1763) ","Species","Animalia","Chordata","Amphibia","Caudata","Ambystomatidae","Ambystoma","Ambystoma californiense"
"72","2497306","Birds","Asio otus","Long-eared Owl","None","SSC, BCC","Asio otus","2497306","No","(Linnaeus, 1758) ","Species","Animalia","Chordata","Amphibia","Caudata","Ambystomatidae","Ambystoma","Ambystoma californiense"
"73","11297138","Birds","Astur atricapillus","American Goshawk","None","SSC, CDF-S","Falco atricapillus","10542232","No","Wilson, 1812","Species","Animalia","Chordata","Amphibia","Caudata","Ambystomatidae","Ambystoma","Ambystoma californiense"
"74","2497240","Birds","Athene cunicularia","Burrowing Owl","None","SSC, BCC","Athene cunicularia","2497240","No","(Molina, 1782) ","Species","Animalia","Chordata","Amphibia","Caudata","Ambystomatidae","Ambystoma","Ambystoma californiense"
"75","2487397","Birds","Auriparus flaviceps","Verdin","None","BCC","Auriparus flaviceps","2487397","No","(Sundevall, 1850) ","Species","Animalia","Chordata","Amphibia","Caudata","Ambystomatidae","Ambystoma","Ambystoma californiense"
"76","2498263","Birds","Aythya americana","Redhead","None","SSC","Aythya americana","2498263","No","(Eyton, 1838) ","Species","Animalia","Chordata","Amphibia","Caudata","Ambystomatidae","Ambystoma","Ambystoma californiense"
"77","2487905","Birds","Baeolophus inornatus","Oak Titmouse","None","BCC","Baeolophus inornatus","2487905","No","(Gambel, 1845) ","Species","Animalia","Chordata","Amphibia","Caudata","Ambystomatidae","Ambystoma","Ambystoma californiense"
"78","2480909","Birds","Botaurus exilis","Least Bittern","None","SSC","Botaurus","2480909","No","Stephens, 1819","Genus","Animalia","Chordata","Amphibia","Caudata","Ambystomatidae","Ambystoma","Ambystoma californiense"
"79","5229281","Birds","Brachyramphus marmoratus","Marbled Murrelet","SE","CDF-S, Yellow","Brachyramphus marmoratus","5229281","No","(J.F.Gmelin, 1789) ","Species","Animalia","Chordata","Amphibia","Caudata","Ambystomatidae","Ambystoma","Ambystoma californiense"
"80","5232446","Birds","Branta bernicla","Brant","None","SSC","Branta bernicla","5232446","No","(Linnaeus, 1758) ","Species","Animalia","Chordata","Amphibia","Caudata","Ambystomatidae","Ambystoma","Ambystoma californiense"
"81","2498325","Birds","Bucephala islandica","Barrow’s Goldeneye","None","SSC","Bucephala islandica","2498325","No","(J.F.Gmelin, 1789) ","Species","Animalia","Chordata","Amphibia","Caudata","Ambystomatidae","Ambystoma","Ambystoma californiense"
"82","2480562","Birds","Buteo swainsoni","Swainson’s Hawk","ST","None","Buteo swainsoni","2480562","No","Bonaparte, 1838","Species","Animalia","Chordata","Amphibia","Caudata","Ambystomatidae","Ambystoma","Ambystoma californiense"
"83","2481748","Birds","Calidris alba","Sanderling","None","Orange","Calidris alba","2481748","No","(Pallas, 1764) ","Species","Animalia","Chordata","Amphibia","Caudata","Ambystomatidae","Ambystoma","Ambystoma californiense"
"84","2481765","Birds","Calidris canutus","Red Knot","None","BCC, Orange","Calidris canutus","2481765","No","(Linnaeus, 1758) ","Species","Animalia","Chordata","Amphibia","Caudata","Ambystomatidae","Ambystoma","Ambystoma californiense"
"85","2481744","Birds","Calidris melanotos","Pectoral Sandpiper","None","BCC, Orange","Calidris melanotos","2481744","No","(Vieillot, 1819) ","Species","Animalia","Chordata","Amphibia","Caudata","Ambystomatidae","Ambystoma","Ambystoma californiense"
"86","5229395","Birds","Calidris ptilocnemis","Rock Sandpiper","None","Yellow","Calidris ptilocnemis","5229395","No","(Coues, 1873) ","Species","Animalia","Chordata","Amphibia","Caudata","Ambystomatidae","Ambystoma","Ambystoma californiense"
"87","7964835","Birds","Calidris virgata","Surfbird","None","None","Calidris virgata","7964835","No","(J.F.Gmelin, 1789) ","Species","Animalia","Chordata","Amphibia","Caudata","Ambystomatidae","Ambystoma","Ambystoma californiense"
"88","5228081","Birds","Callipepla californica catalinensis","Catalina California Quail","None","SSC","Callipepla californica catalinensis","5228081","No","(Grinnell, 1906) ","Subspecies","Animalia","Chordata","Amphibia","Caudata","Ambystomatidae","Ambystoma","Ambystoma californiense"
"89","2476675","Birds","Calypte costae","Costa’s Hummingbird","None","BCC","Calypte costae","2476675","No","(Bourcier, 1839) ","Species","Animalia","Chordata","Amphibia","Caudata","Ambystomatidae","Ambystoma","Ambystoma californiense"
"90","6090709","Birds","Campylorhynchus brunneicapillus sandiegensis","Coastal Cactus Wren","None","SSC","Campylorhynchus brunneicapillus sandiegensis","6090709","No","Rea, 1986","Subspecies","Animalia","Chordata","Amphibia","Caudata","Ambystomatidae","Ambystoma","Ambystoma californiense"
"91","5959240","Birds","Centrocercus urophasianus","Greater Sage-Grouse","SCL","SSC, Red","Centrocercus urophasianus","5959240","No","(Bonaparte, 1827) ","Species","Animalia","Chordata","Amphibia","Caudata","Ambystomatidae","Ambystoma","Ambystoma californiense"
"92","9315520","Birds","Cepphus columba","Pigeon Guillemot","None","None","Cepphus columba","9315520","No","Pallas, 1811","Species","Animalia","Chordata","Amphibia","Caudata","Ambystomatidae","Ambystoma","Ambystoma californiense"
"93","2481324","Birds","Cerorhinca monocerata","Rhinoceros Auklet","None","None","Cerorhinca monocerata","2481324","No","(Pallas, 1811) ","Species","Animalia","Chordata","Amphibia","Caudata","Ambystomatidae","Ambystoma","Ambystoma californiense"
"94","5228612","Birds","Chaetura vauxi","Vaux’s Swift","None","SSC, BCC","Chaetura vauxi","5228612","No","(J.K.Townsend, 1839) ","Species","Animalia","Chordata","Amphibia","Caudata","Ambystomatidae","Ambystoma","Ambystoma californiense"
"95","2493558","Birds","Chamaea fasciata","Wrentit","None","BCC","Chamaea fasciata","2493558","No","(Gambel, 1845) ","Species","Animalia","Chordata","Amphibia","Caudata","Ambystomatidae","Ambystoma","Ambystoma californiense"
"96","2481119","Birds","Chlidonias niger","Black Tern","None","SSC, BCC","Chlidonias niger","2481119","No","(Linnaeus, 1758) ","Species","Animalia","Chordata","Amphibia","Caudata","Ambystomatidae","Ambystoma","Ambystoma californiense"
"97","9606873","Birds","Cinclus mexicanus","American Dipper","None","BCC","Cinclus mexicanus","9606873","No","Swainson, 1827","Species","Animalia","Chordata","Amphibia","Caudata","Ambystomatidae","Ambystoma","Ambystoma californiense"
"98","6101217","Birds","Circus hudsonius","Northern Harrier","None","SSC, BCC","Circus cyaneus","2480487","No","(Linnaeus, 1766) ","Species","Animalia","Chordata","Amphibia","Caudata","Ambystomatidae","Ambystoma","Ambystoma californiense"
"99","6175043","Birds","Cistothorus palustris clarkae","Clark’s Marsh Wren","None","SSC","Cistothorus palustris clarkae","6175043","No","Unitt, Messer & Thery, 1996","Subspecies","Animalia","Chordata","Amphibia","Caudata","Ambystomatidae","Ambystoma","Ambystoma californiense"
"100","2494321","Birds","Coccothraustes vespertinus","Evening Grosbeak","None","BCC, Orange","Hesperiphona vespertina","2494324","No","(W.Cooper, 1825) ","Species","Animalia","Chordata","Amphibia","Caudata","Ambystomatidae","Ambystoma","Ambystoma californiense"
"101","6170319","Birds","Coccyzus americanus occidentalis","Western Yellow-billed Cuckoo","SE","None","Coccyzus americanus occidentalis","6170319","No","Ridgway, 1887","Subspecies","Animalia","Chordata","Amphibia","Caudata","Ambystomatidae","Ambystoma","Ambystoma californiense"
"102","2478248","Birds","Colaptes chrysoides","Gilded Flicker","SE","BCC","Colaptes chrysoides","2478248","No","(Malherbe, 1852) ","Species","Animalia","Chordata","Amphibia","Caudata","Ambystomatidae","Ambystoma","Ambystoma californiense"
"103","5229743","Birds","Contopus cooperi","Olive-sided Flycatcher","None","SSC, BCC, Yellow","Contopus cooperi","5229743","No","(Nuttall, 1831) ","Species","Animalia","Chordata","Amphibia","Caudata","Ambystomatidae","Ambystoma","Ambystoma californiense"
"104","5228183","Birds","Coturnicops noveboracensis","Yellow Rail","None","SSC, BCC, Yellow","Coturnicops noveboracensis","5228183","No","(Gmelin, 1789) ","Species","Animalia","Chordata","Amphibia","Caudata","Ambystomatidae","Ambystoma","Ambystoma californiense"
"105","2498345","Birds","Cygnus buccinator","Trumpeter Swan","SFP","None","Cygnus buccinator","2498345","No","Richardson, 1831","Species","Animalia","Chordata","Amphibia","Caudata","Ambystomatidae","Ambystoma","Ambystoma californiense"
"106","2477282","Birds","Cypseloides niger","Black Swift","None","SSC, BCC, Orange","Cypseloides niger","2477282","No","(J.F.Gmelin, 1789) ","Species","Animalia","Chordata","Amphibia","Caudata","Ambystomatidae","Ambystoma","Ambystoma californiense"
"107","6085318","Birds","Dendragapus fuliginosus howardi","Mount Pinos Sooty Grouse","None","SSC","Dendragapus fuliginosus howardi","6085318","No","Dickey & Van Rossem, 1923","Subspecies","Animalia","Chordata","Amphibia","Caudata","Ambystomatidae","Ambystoma","Ambystoma californiense"
"108","2498402","Birds","Dendrocygna bicolor","Fulvous Whistling-Duck","None","SSC","Dendrocygna bicolor","2498402","No","(Vieillot, 1816) ","Species","Animalia","Chordata","Amphibia","Caudata","Ambystomatidae","Ambystoma","Ambystoma californiense"
"109","10876512","Birds","Dryobates albolarvatus","White-headed Woodpecker","None","BCC","Leuconotopicus albolarvatus","9128444","No","(Cassin, 1850) ","Species","Animalia","Chordata","Amphibia","Caudata","Ambystomatidae","Ambystoma","Ambystoma californiense"
"110","9088491","Birds","Dryobates nuttallii","Nuttall’s Woodpecker","None","BCC","Dryobates nuttallii","9088491","No","(Gambel, 1843) ","Species","Animalia","Chordata","Amphibia","Caudata","Ambystomatidae","Ambystoma","Ambystoma californiense"
"111","2480367","Birds","Elanus leucurus","White-tailed Kite","SFP","None","Elanus leucurus","2480367","No","(Vieillot, 1818) ","Species","Animalia","Chordata","Amphibia","Caudata","Ambystomatidae","Ambystoma","Ambystoma californiense"
"112","2482786","Birds","Empidonax traillii","Willow Flycatcher","SE","None","Empidonax traillii","2482786","No","(Audubon, 1828) ","Species","Animalia","Chordata","Amphibia","Caudata","Ambystomatidae","Ambystoma","Ambystoma californiense"
"113","6174855","Birds","Empidonax traillii brewsteri","Little Willow Flycatcher","SE","None","Empidonax traillii brewsteri","6174855","No","Oberholser, 1918","Subspecies","Animalia","Chordata","Amphibia","Caudata","Ambystomatidae","Ambystoma","Ambystoma californiense"
"114","6174856","Birds","Empidonax traillii extimus","Southwestern Willow Flycatcher","SE","None","Empidonax traillii extimus","6174856","No","A.R.Phillips, 1948","Subspecies","Animalia","Chordata","Amphibia","Caudata","Ambystomatidae","Ambystoma","Ambystoma californiense"
"115","6177974","Birds","Falco peregrinus anatum","American Peregrine Falcon","None","CDF-S","Falco peregrinus anatum","6177974","No","Bonaparte, 1838","Subspecies","Animalia","Chordata","Amphibia","Caudata","Ambystomatidae","Ambystoma","Ambystoma californiense"
"116","2481357","Birds","Fratercula cirrhata","Tufted Puffin","None","SSC, BCC","Fratercula cirrhata","2481357","No","(Pallas, 1769) ","Species","Animalia","Chordata","Amphibia","Caudata","Ambystomatidae","Ambystoma","Ambystoma californiense"
"117","2481962","Birds","Gavia immer","Common Loon","None","SSC","Gavia immer","2481962","No","(Brunnich, 1764) ","Species","Animalia","Chordata","Amphibia","Caudata","Ambystomatidae","Ambystoma","Ambystoma californiense"
"118","2481263","Birds","Gelochelidon nilotica","Gull-billed Tern","None","SSC, BCC","Gelochelidon nilotica","2481263","No","(J.F.Gmelin, 1789) ","Species","Animalia","Chordata","Amphibia","Caudata","Ambystomatidae","Ambystoma","Ambystoma californiense"
"119","6172909","Birds","Geothlypis trichas sinuosa","Saltmarsh Common Yellowthroat","None","SSC, BCC","Geothlypis trichas sinuosa","6172909","No","Grinnell, 1901","Subspecies","Animalia","Chordata","Amphibia","Caudata","Ambystomatidae","Ambystoma","Ambystoma californiense"
"120","2481920","Birds","Gymnogyps californianus","California Condor","SE, SFP","CDF-S, Orange","Gymnogyps californianus","2481920","No","(Shaw, 1797) ","Species","Animalia","Chordata","Amphibia","Caudata","Ambystomatidae","Ambystoma","Ambystoma californiense"
"121","5229498","Birds","Gymnorhinus cyanocephalus","Pinyon Jay","None","BCC, Yellow","Gymnorhinus cyanocephalus","5229498","No","Wied-Neuwied, 1841","Species","Animalia","Chordata","Amphibia","Caudata","Ambystomatidae","Ambystoma","Ambystoma californiense"
"122","2480272","Birds","Haematopus bachmani","Black Oystercatcher","None","BCC","Haematopus bachmani","2480272","No","Audubon, 1838","Species","Animalia","Chordata","Amphibia","Caudata","Ambystomatidae","Ambystoma","Ambystoma californiense"
"123","8255548","Birds","Haemorhous cassinii","Cassin’s Finch","None","BCC","Haemorhous cassinii","8255548","No","(S.F.Baird, 1854) ","Species","Animalia","Chordata","Amphibia","Caudata","Ambystomatidae","Ambystoma","Ambystoma californiense"
"124","2480446","Birds","Haliaeetus leucocephalus","Bald Eagle","SE, SFP","CDF-S","Haliaeetus leucocephalus","2480446","No","(Linnaeus, 1766) ","Species","Animalia","Chordata","Amphibia","Caudata","Ambystomatidae","Ambystoma","Ambystoma californiense"
"125","2498224","Birds","Histrionicus histrionicus","Harlequin Duck","None","SSC","Histrionicus histrionicus","2498224","No","(Linnaeus, 1758) ","Species","Animalia","Chordata","Amphibia","Caudata","Ambystomatidae","Ambystoma","Ambystoma californiense"
"126","9720475","Birds","Hydrobates furcatus","Fork-Tailed Storm-Petrel","None","SSC","Oceanodroma furcata","2482009","No","(Gmelin, 1789) ","Species","Animalia","Chordata","Amphibia","Caudata","Ambystomatidae","Ambystoma","Ambystoma californiense"
"127","10750616","Birds","Hydrobates homochroa","Ashy Storm-Petrel","None","SSC, BCC, Red","Hydrobates homochroa","10750616","No","(Coues, 1864) ","Species","Animalia","Chordata","Amphibia","Caudata","Ambystomatidae","Ambystoma","Ambystoma californiense"
"128","11068810","Birds","Hydrobates melania","Black Storm-Petrel","None","SSC, BCC","Hydrobates melania","11068810","No","(Bonaparte, 1854) ","Species","Animalia","Chordata","Amphibia","Caudata","Ambystomatidae","Ambystoma","Ambystoma californiense"
"129","2489989","Birds","Icteria virens","Yellow-Breasted Chat","None","SSC","Icteria virens","2489989","No","(Linnaeus, 1758) ","Species","Animalia","Chordata","Amphibia","Caudata","Ambystomatidae","Ambystoma","Ambystoma californiense"
"130","5229864","Birds","Icterus bullockii","Bullock’s Oriole","None","BCC","Icterus bullockii","5229864","No","(Swainson, 1827) ","Species","Animalia","Chordata","Amphibia","Caudata","Ambystomatidae","Ambystoma","Ambystoma californiense"
"131","5229930","Birds","Icterus parisorum","Scott’s Oriole","None",NA,"Icterus parisorum","5229930","No","Bonaparte, 1838","Species","Animalia","Chordata","Amphibia","Caudata","Ambystomatidae","Ambystoma","Ambystoma californiense"
"132","2490926","Birds","Ixoreus naevius","Varied Thrush","None","BCC","Ixoreus naevius","2490926","No","(Gmelin, 1789) ","Species","Animalia","Chordata","Amphibia","Caudata","Ambystomatidae","Ambystoma","Ambystoma californiense"
"133","2492870","Birds","Lanius ludovicianus","Loggerhead Shrike","None","SSC","Lanius ludovicianus","2492870","No","Linnaeus, 1766","Species","Animalia","Chordata","Amphibia","Caudata","Ambystomatidae","Ambystoma","Ambystoma californiense"
"134","6172717","Birds","Lanius ludovicianus anthonyi","Island Loggerhead Shrike","None","SSC","Lanius ludovicianus anthonyi","6172717","No","Mearns, 1898","Subspecies","Animalia","Chordata","Amphibia","Caudata","Ambystomatidae","Ambystoma","Ambystoma californiense"
"135","6172713","Birds","Lanius ludovicianus mearnsi","San Clemente Loggerhead Shrike","None","SSC","Lanius ludovicianus mearnsi","6172713","No","Ridgway, 1903","Subspecies","Animalia","Chordata","Amphibia","Caudata","Ambystomatidae","Ambystoma","Ambystoma californiense"
"136","2481146","Birds","Larus californicus","California Gull","None","BCC","Larus californicus","2481146","No","Lawrence, 1854","Species","Animalia","Chordata","Amphibia","Caudata","Ambystomatidae","Ambystoma","Ambystoma californiense"
"137","2481130","Birds","Larus heermanni","Heermann’s Gull","None","BCC","Larus heermanni","2481130","No","Cassin, 1852","Species","Animalia","Chordata","Amphibia","Caudata","Ambystomatidae","Ambystoma","Ambystoma californiense"
"138","2481127","Birds","Larus hyperboreus","Glaucous Gull","None","Orange","Larus hyperboreus","2481127","No","Gunnerus, 1767","Species","Animalia","Chordata","Amphibia","Caudata","Ambystomatidae","Ambystoma","Ambystoma californiense"
"139","2481154","Birds","Larus livens","Yellow-footed Gull","None","BCC","Larus livens","2481154","No","Dwight, 1919","Species","Animalia","Chordata","Amphibia","Caudata","Ambystomatidae","Ambystoma","Ambystoma californiense"
"140","9656686","Birds","Larus occidentalis","Western Gull","None","BCC, Orange","Larus occidentalis","9656686","No","Audubon, 1839","Species","Animalia","Chordata","Amphibia","Caudata","Ambystomatidae","Ambystoma","Ambystoma californiense"
"141","6176697","Birds","Laterallus jamaicensis coturniculus","California Black Rail","ST, SFP","Red","Laterallus jamaicensis coturniculus","6176697","No","(Ridgway, 1874) ","Subspecies","Animalia","Chordata","Amphibia","Caudata","Ambystomatidae","Ambystoma","Ambystoma californiense"
"142","8293756","Birds","Leiothlypis luciae","Lucy’s Warbler","SSC","No","Leiothlypis luciae","8293756","No","(J.G.Cooper, 1861) ","Species","Animalia","Chordata","Amphibia","Caudata","Ambystomatidae","Ambystoma","Ambystoma californiense"
"143","8314699","Birds","Leiothlypis virginiae","Virginia’s Warbler","None","BCC","Leiothlypis virginiae","8314699","No","(S.F.Baird, 1860) ","Species","Animalia","Chordata","Amphibia","Caudata","Ambystomatidae","Ambystoma","Ambystoma californiense"
"144","5846430","Birds","Leucophaeus pipixcan","Franklin’s Gull","None","BCC","Leucophaeus pipixcan","5846430","No","(Wagler, 1831) ","Species","Animalia","Chordata","Amphibia","Caudata","Ambystomatidae","Ambystoma","Ambystoma californiense"
"145","2494360","Birds","Leucosticte tephrocotis","Gray-crowned Rosy-Finch","None","None","Leucosticte tephrocotis","2494360","No","(Swainson, 1832) ","Species","Animalia","Chordata","Amphibia","Caudata","Ambystomatidae","Ambystoma","Ambystoma californiense"
"146","2481672","Birds","Limnodromus griseus","Short-billed Dowitcher","None","BCC, Orange","Limnodromus griseus","2481672","No","(J.F.Gmelin, 1789) ","Species","Animalia","Chordata","Amphibia","Caudata","Ambystomatidae","Ambystoma","Ambystoma californiense"
"147","2481670","Birds","Limnodromus scolopaceus","Long-billed Dowitcher","None","Orange","Limnodromus scolopaceus","2481670","No","(Say, 1822) ","Species","Animalia","Chordata","Amphibia","Caudata","Ambystomatidae","Ambystoma","Ambystoma californiense"
"148","2481684","Birds","Limosa fedoa","Marbled Godwit","None","BCC","Limosa fedoa","2481684","No","(Linnaeus, 1758) ","Species","Animalia","Chordata","Amphibia","Caudata","Ambystomatidae","Ambystoma","Ambystoma californiense"
"149","2478142","Birds","Melanerpes lewis","Lewis’ Woodpecker","None","BCC, Yellow","Melanerpes lewis","2478142","No","(G.R.Gray, 1849) ","Species","Animalia","Chordata","Amphibia","Caudata","Ambystomatidae","Ambystoma","Ambystoma californiense"
"150","2478112","Birds","Melanerpes uropygialis","Gila Woodpecker","SE","BCC","Melanerpes uropygialis","2478112","No","(S.F.Baird, 1854) ","Species","Animalia","Chordata","Amphibia","Caudata","Ambystomatidae","Ambystoma","Ambystoma californiense"
"151","2498250","Birds","Melanitta americana","Black Scoter","None","Yellow","Melanitta americana","2498250","No","(Swainson, 1832) ","Species","Animalia","Chordata","Amphibia","Caudata","Ambystomatidae","Ambystoma","Ambystoma californiense"
"152","6173883","Birds","Melospiza melodia graminea","Channel Island Song Sparrow","None","SSC, BCC","Melospiza melodia graminea","6173883","No","C.H.Townsend, 1890","Subspecies","Animalia","Chordata","Amphibia","Caudata","Ambystomatidae","Ambystoma","Ambystoma californiense"
"153","6173896","Birds","Melospiza melodia maxillaris","Suisun Song Sparrow","None","SSC","Melospiza melodia maxillaris","6173896","No","Grinnell, 1909","Subspecies","Animalia","Chordata","Amphibia","Caudata","Ambystomatidae","Ambystoma","Ambystoma californiense"
"154","2492196","Birds","Melospiza melodia pop. 1","Song Sparrow (“Modesto” Population)","None","SSC","Melospiza melodia","2492196","No","(A.Wilson, 1810) ","Species","Animalia","Chordata","Amphibia","Caudata","Ambystomatidae","Ambystoma","Ambystoma californiense"
"155","6173872","Birds","Melospiza melodia pusillula","Alameda Song Sparrow","None","SSC, BCC","Melospiza melodia pusillula","6173872","No","Ridgway, 1899","Subspecies","Animalia","Chordata","Amphibia","Caudata","Ambystomatidae","Ambystoma","Ambystoma californiense"
"156","6173882","Birds","Melospiza melodia samuelis","San Pablo Song Sparrow","None","SSC, BCC","Melospiza melodia samuelis","6173882","No","(S.F.Baird, 1858) ","Subspecies","Animalia","Chordata","Amphibia","Caudata","Ambystomatidae","Ambystoma","Ambystoma californiense"
"157","6091918","Birds","Melozone crissalis eremophilus","Inyo California Towhee","SE","None","Melozone crissalis eremophila","6091918","No","(van Rossem, 1935) ","Subspecies","Animalia","Chordata","Amphibia","Caudata","Ambystomatidae","Ambystoma","Ambystoma californiense"
"158","2497430","Birds","Micrathene whitneyi","Elf Owl","SE","None","Micrathene whitneyi","2497430","No","(J.G.Cooper, 1861) ","Species","Animalia","Chordata","Amphibia","Caudata","Ambystomatidae","Ambystoma","Ambystoma californiense"
"159","2481937","Birds","Mycteria americana","Wood Stork","None","SSC","Mycteria americana","2481937","No","Linnaeus, 1758","Species","Animalia","Chordata","Amphibia","Caudata","Ambystomatidae","Ambystoma","Ambystoma californiense"
"160","2483589","Birds","Myiarchus tyrannulus","Brown-crested Flycatcher","None","None","Myiarchus tyrannulus","2483589","No","(Statius Muller, 1776) ","Species","Animalia","Chordata","Amphibia","Caudata","Ambystomatidae","Ambystoma","Ambystoma californiense"
"161","2481784","Birds","Numenius phaeopus","Whimbrel","None","Orange","Numenius phaeopus","2481784","No","(Linnaeus, 1758) ","Species","Animalia","Chordata","Amphibia","Caudata","Ambystomatidae","Ambystoma","Ambystoma californiense"
"162","2494973","Birds","Oreoscoptes montanus","Sage Thrasher","None","BCC","Oreoscoptes montanus","2494973","No","(J.K.Townsend, 1837) ","Species","Animalia","Chordata","Amphibia","Caudata","Ambystomatidae","Ambystoma","Ambystoma californiense"
"163","2480726","Birds","Pandion haliaetus","Osprey","None","CDF-S","Pandion haliaetus","2480726","No","(Linnaeus, 1758) ","Species","Animalia","Chordata","Amphibia","Caudata","Ambystomatidae","Ambystoma","Ambystoma californiense"
"164","6173955","Birds","Passerculus sandwichensis alaudinus","Bryant’s Savannah Sparrow","None","SSC","Passerculus sandwichensis alaudinus","6173955","No","Bonaparte, 1853","Subspecies","Animalia","Chordata","Amphibia","Caudata","Ambystomatidae","Ambystoma","Ambystoma californiense"
"165","6173946","Birds","Passerculus sandwichensis beldingi","Belding’s Savannah Sparrow","SE","BCC","Passerculus sandwichensis beldingi","6173946","No","Ridgway, 1885","Subspecies","Animalia","Chordata","Amphibia","Caudata","Ambystomatidae","Ambystoma","Ambystoma californiense"
"166","6173944","Birds","Passerculus sandwichensis rostratus","Large-billed Savannah Sparrow","None","SSC","Passerculus sandwichensis rostratus","6173944","No","(Cassin, 1852) ","Subspecies","Animalia","Chordata","Amphibia","Caudata","Ambystomatidae","Ambystoma","Ambystoma californiense"
"167","5229155","Birds","Pelecanus erythrorhynchos","American White Pelican","None","BCC, SSC","Pelecanus erythrorhynchos","5229155","No","Gmelin, 1789","Species","Animalia","Chordata","Amphibia","Caudata","Ambystomatidae","Ambystoma","Ambystoma californiense"
"168","5229161","Birds","Pelecanus occidentalis californicus","California Brown Pelican","None","None","Pelecanus occidentalis californicus","5229161","No","Ridgway, 1884","Subspecies","Animalia","Chordata","Amphibia","Caudata","Ambystomatidae","Ambystoma","Ambystoma californiense"
"169","2481385","Birds","Phoebastria albatrus","Short-tailed Albatross","None","SSC","Phoebastria albatrus","2481385","No","(Pallas, 1769) ","Species","Animalia","Chordata","Amphibia","Caudata","Ambystomatidae","Ambystoma","Ambystoma californiense"
"170","2481381","Birds","Phoebastria immutabilis","Laysan Albatross","None","BCC","Phoebastria immutabilis","2481381","No","(Rothschild, 1893) ","Species","Animalia","Chordata","Amphibia","Caudata","Ambystomatidae","Ambystoma","Ambystoma californiense"
"171","2481383","Birds","Phoebastria nigripes","Black-footed Albatross","None","BCC","Phoebastria nigripes","2481383","No","(Audubon, 1839) ","Species","Animalia","Chordata","Amphibia","Caudata","Ambystomatidae","Ambystoma","Ambystoma californiense"
"172","5229489","Birds","Pica nuttalli","Yellow-billed Magpie","None","BCC, Red","Pica nuttalli","5229489","No","(Audubon, 1837) ","Species","Animalia","Chordata","Amphibia","Caudata","Ambystomatidae","Ambystoma","Ambystoma californiense"
"173","6173299","Birds","Pipilo maculatus clementae","San Clemente Spotted Towhee","None","SSC","Pipilo maculatus clementae","6173299","No","Grinnell, 1897","Subspecies","Animalia","Chordata","Amphibia","Caudata","Ambystomatidae","Ambystoma","Ambystoma californiense"
"174","2488485","Birds","Piranga rubra","Summer Tanager","None","SSC","Piranga rubra","2488485","No","(Linnaeus, 1758) ","Species","Animalia","Chordata","Amphibia","Caudata","Ambystomatidae","Ambystoma","Ambystoma californiense"
"175","2480327","Birds","Pluvialis squatarola","Black-Bellied Plover","None","Orange","Pluvialis squatarola","2480327","No","(Linnaeus, 1758) ","Species","Animalia","Chordata","Amphibia","Caudata","Ambystomatidae","Ambystoma","Ambystoma californiense"
"176","2482059","Birds","Podiceps auritus","Horned Grebe","None","Yellow","Podiceps auritus","2482059","No","(Linnaeus, 1758) ","Species","Animalia","Chordata","Amphibia","Caudata","Ambystomatidae","Ambystoma","Ambystoma californiense"
"177","7192360","Birds","Poecile rufescens rufescens","Northern Chestnut-backed Chickadee","None","BCC","Poecile rufescens rufescens","7192360","No","(J.K.Townsend, 1837) ","Subspecies","Animalia","Chordata","Amphibia","Caudata","Ambystomatidae","Ambystoma","Ambystoma californiense"
"178","7596905","Birds","Polioptila californica californica","Coastal California Gnatcatcher","None","SSC","Polioptila californica californica","7596905","No","","Subspecies","Animalia","Chordata","Amphibia","Caudata","Ambystomatidae","Ambystoma","Ambystoma californiense"
"179","6173849","Birds","Pooecetes gramineus affinis","Oregon Vesper Sparrow","None","SSC","Pooecetes gramineus affinis","6173849","No","G.S.Miller, 1888","Subspecies","Animalia","Chordata","Amphibia","Caudata","Ambystomatidae","Ambystoma","Ambystoma californiense"
"180","2489129","Birds","Progne subis","Purple Martin","None","SSC","Progne subis","2489129","No","(Linnaeus, 1758) ","Species","Animalia","Chordata","Amphibia","Caudata","Ambystomatidae","Ambystoma","Ambystoma californiense"
"181","7807178","Birds","Psiloscops flammeolus","Flammulated Owl","None","BCC","Psiloscops flammeolus","7807178","No","(Kaup, 1852) ","Species","Animalia","Chordata","Amphibia","Caudata","Ambystomatidae","Ambystoma","Ambystoma californiense"
"182","2481491","Birds","Pterodroma cookii","Cook’s Petrel","None","BCC","Pterodroma cookii","2481491","No","(G.R.Gray, 1843) ","Species","Animalia","Chordata","Amphibia","Caudata","Ambystomatidae","Ambystoma","Ambystoma californiense"
"183","2481466","Birds","Pterodroma ultima","Murphy’s Petrel","None","BCC","Pterodroma ultima","2481466","No","Murphy, 1949","Species","Animalia","Chordata","Amphibia","Caudata","Ambystomatidae","Ambystoma","Ambystoma californiense"
"184","2481302","Birds","Ptychoramphus aleuticus","Cassin’s Auklet","None","SSC, BCC","Ptychoramphus aleuticus","2481302","No","(Pallas, 1811) ","Species","Animalia","Chordata","Amphibia","Caudata","Ambystomatidae","Ambystoma","Ambystoma californiense"
"185","5229356","Birds","Puffinus opisthomelas","Black-vented Shearwater","None","BCC","Puffinus opisthomelas","5229356","No","Coues, 1864","Species","Animalia","Chordata","Amphibia","Caudata","Ambystomatidae","Ambystoma","Ambystoma californiense"
"186","2483647","Birds","Pyrocephalus rubinus","Vermilion Flycatcher","None","SSC","Pyrocephalus rubinus","2483647","No","(Boddaert, 1783) ","Species","Animalia","Chordata","Amphibia","Caudata","Ambystomatidae","Ambystoma","Ambystoma californiense"
"187","9135908","Birds","Rallus obsoletus levipes","Light-footed Ridgway’s Rail","SE, SFP","Red","Rallus obsoletus levipes","9135908","No","Bangs, 1899","Subspecies","Animalia","Chordata","Amphibia","Caudata","Ambystomatidae","Ambystoma","Ambystoma californiense"
"188","9006862","Birds","Rallus obsoletus obsoletus","California Ridgway’s Rail","SE, SFP","Red","Rallus obsoletus obsoletus","9006862","No","","Subspecies","Animalia","Chordata","Amphibia","Caudata","Ambystomatidae","Ambystoma","Ambystoma californiense"
"189","9065502","Birds","Rallus obsoletus yumanensis","Yuma Ridgway’s Rail","ST, SFP","Red","Rallus obsoletus yumanensis","9065502","No","Dickey, 1923","Subspecies","Animalia","Chordata","Amphibia","Caudata","Ambystomatidae","Ambystoma","Ambystoma californiense"
"190","2480258","Birds","Recurvirostra americana","American Avocet","None","BCC","Recurvirostra americana","2480258","No","J.F.Gmelin, 1789","Species","Animalia","Chordata","Amphibia","Caudata","Ambystomatidae","Ambystoma","Ambystoma californiense"
"191","2489160","Birds","Riparia riparia","Bank Swallow","ST","None","Riparia riparia","2489160","No","(Linnaeus, 1758) ","Species","Animalia","Chordata","Amphibia","Caudata","Ambystomatidae","Ambystoma","Ambystoma californiense"
"192","2481209","Birds","Rynchops niger","Black Skimmer","None","SSC, BCC","Rynchops niger","2481209","No","Linnaeus, 1758","Species","Animalia","Chordata","Amphibia","Caudata","Ambystomatidae","Ambystoma","Ambystoma californiense"
"193","7597244","Birds","Selasphorus calliope","Calliope Hummingbird","None","BCC","Selasphorus calliope","7597244","No","(Gould, 1847) ","Species","Animalia","Chordata","Amphibia","Caudata","Ambystomatidae","Ambystoma","Ambystoma californiense"
"194","2476844","Birds","Selasphorus platycercus","Broad-tailed Hummingbird","None","BCC","Selasphorus platycercus","2476844","No","(Swainson, 1827) ","Species","Animalia","Chordata","Amphibia","Caudata","Ambystomatidae","Ambystoma","Ambystoma californiense"
"195","2476855","Birds","Selasphorus rufus","Rufous Hummingbird","None","BCC, Orange","Selasphorus rufus","2476855","No","(J.F.Gmelin, 1788) ","Species","Animalia","Chordata","Amphibia","Caudata","Ambystomatidae","Ambystoma","Ambystoma californiense"
"196","2476852","Birds","Selasphorus sasin","Allen’s Hummingbird","None","BCC, Red","Selasphorus sasin","2476852","No","(R.Lesson, 1829) ","Species","Animalia","Chordata","Amphibia","Caudata","Ambystomatidae","Ambystoma","Ambystoma californiense"
"197","7341770","Birds","Setophaga nigrescens","Black-throated Gray Warbler","None","BCC","Setophaga nigrescens","7341770","No","(J.K.Townsend, 1837) ","Species","Animalia","Chordata","Amphibia","Caudata","Ambystomatidae","Ambystoma","Ambystoma californiense"
"198","6092644","Birds","Setophaga occidentalis","Hermit Warbler","None","BCC","Setophaga occidentalis","6092644","No","(J.K.Townsend, 1837) ","Species","Animalia","Chordata","Amphibia","Caudata","Ambystomatidae","Ambystoma","Ambystoma californiense"
"199","7341834","Birds","Setophaga petechia","Yellow Warbler","None","SSC","Setophaga petechia","7341834","No","(Linnaeus, 1766) ","Species","Animalia","Chordata","Amphibia","Caudata","Ambystomatidae","Ambystoma","Ambystoma californiense"
"200","2484892","Birds","Sitta carolinensis","White-breasted Nuthatch","None",NA,"Sitta carolinensis","2484892","No","Latham, 1790","Species","Animalia","Chordata","Amphibia","Caudata","Ambystomatidae","Ambystoma","Ambystoma californiense"
"201","5231643","Birds","Spinus lawrencei","Lawrence’s Goldfinch","None","BCC","Spinus lawrencei","5231643","No","(Cassin, 1850) ","Species","Animalia","Chordata","Amphibia","Caudata","Ambystomatidae","Ambystoma","Ambystoma californiense"
"202","2492104","Birds","Spizella atrogularis","Black-chinned Sparrow","None","BCC, Yellow","Spizella atrogularis","2492104","No","(Cabanis, 1851) ","Species","Animalia","Chordata","Amphibia","Caudata","Ambystomatidae","Ambystoma","Ambystoma californiense"
"203","5229247","Birds","Sterna forsteri","Forster’s Tern","None","BCC","Sterna forsteri","5229247","No","Nuttall, 1834","Species","Animalia","Chordata","Amphibia","Caudata","Ambystomatidae","Ambystoma","Ambystoma californiense"
"204","6065775","Birds","Sternula antillarum browni","California Least Tern","SE, SFP","Orange","Sternula antillarum browni","6065775","No","(Mearns, 1916) ","Subspecies","Animalia","Chordata","Amphibia","Caudata","Ambystomatidae","Ambystoma","Ambystoma californiense"
"205","2497522","Birds","Strix nebulosa","Great Gray Owl","SE","CDF-S","Strix nebulosa","2497522","No","J.R.Forster, 1772","Species","Animalia","Chordata","Amphibia","Caudata","Ambystomatidae","Ambystoma","Ambystoma californiense"
"206","6176043","Birds","Strix occidentalis caurina","Northern Spotted Owl","ST","CDF-S, Yellow","Strix occidentalis caurina","6176043","No","(Merriam, 1898) ","Subspecies","Animalia","Chordata","Amphibia","Caudata","Ambystomatidae","Ambystoma","Ambystoma californiense"
"207","7191276","Birds","Strix occidentalis occidentalis","California Spotted Owl","None","SSC, BCC, Yellow","Strix occidentalis occidentalis","7191276","No","","Subspecies","Animalia","Chordata","Amphibia","Caudata","Ambystomatidae","Ambystoma","Ambystoma californiense"
"208","2481348","Birds","Synthliboramphus craveri","Craveri’s Murrelet","None","BCC, Red","Synthliboramphus craveri","2481348","No","(Salvadori, 1866) ","Species","Animalia","Chordata","Amphibia","Caudata","Ambystomatidae","Ambystoma","Ambystoma californiense"
"209","2481351","Birds","Synthliboramphus hypoleucus","Guadalupe Murrelet","None","BCC, Red","Synthliboramphus hypoleucus","2481351","No","(Xantus de Vesey, 1860) ","Species","Animalia","Chordata","Amphibia","Caudata","Ambystomatidae","Ambystoma","Ambystoma californiense"
"210","9410588","Birds","Synthliboramphus scrippsi","Scripps’s Murrelet","ST","BCC, Red","Synthliboramphus scrippsi","9410588","No","(Green & Arnold, 1939) ","Species","Animalia","Chordata","Amphibia","Caudata","Ambystomatidae","Ambystoma","Ambystoma californiense"
"211","2481285","Birds","Thalasseus elegans","Elegant Tern","None","BCC","Thalasseus elegans","2481285","No","(Gambel, 1849) ","Species","Animalia","Chordata","Amphibia","Caudata","Ambystomatidae","Ambystoma","Ambystoma californiense"
"212","5789281","Birds","Thalasseus maximus","Royal Tern","None","None","Thalasseus maximus","5789281","No","(Boddaert, 1783) ","Species","Animalia","Chordata","Amphibia","Caudata","Ambystomatidae","Ambystoma","Ambystoma californiense"
"213","6175002","Birds","Thryomanes bewickii leucophrys","San Clemente Bewick’s Wren","None","SSC","Thryomanes bewickii leucophrys","6175002","No","(Anthony, 1895) ","Subspecies","Animalia","Chordata","Amphibia","Caudata","Ambystomatidae","Ambystoma","Ambystoma californiense"
"214","5231697","Birds","Toxostoma bendirei","Bendire’s Thrasher","None","SSC, BCC, Red","Toxostoma bendirei","5231697","No","(Coues, 1873) ","Species","Animalia","Chordata","Amphibia","Caudata","Ambystomatidae","Ambystoma","Ambystoma californiense"
"215","5231693","Birds","Toxostoma crissale","Crissal Thrasher","None","SSC","Toxostoma crissale","5231693","No","Henry, 1858","Species","Animalia","Chordata","Amphibia","Caudata","Ambystomatidae","Ambystoma","Ambystoma californiense"
"216","5231703","Birds","Toxostoma lecontei","Le Conte’s Thrasher","None","SSC, BCC, Red","Toxostoma lecontei","5231703","No","Lawrence, 1851","Species","Animalia","Chordata","Amphibia","Caudata","Ambystomatidae","Ambystoma","Ambystoma californiense"
"217","5231713","Birds","Toxostoma redivivum","California Thrasher","None","BCC","Toxostoma redivivum","5231713","No","(Gambel, 1845) ","Species","Animalia","Chordata","Amphibia","Caudata","Ambystomatidae","Ambystoma","Ambystoma californiense"
"218","2481721","Birds","Tringa flavipes","Lesser Yellowlegs","None","BCC","Tringa flavipes","2481721","No","(J.F.Gmelin, 1789) ","Species","Animalia","Chordata","Amphibia","Caudata","Ambystomatidae","Ambystoma","Ambystoma californiense"
"219","9733156","Birds","Tringa incana","Wandering Tattler","None","Yellow","Tringa incana","9733156","No","(J.F.Gmelin, 1789) ","Species","Animalia","Chordata","Amphibia","Caudata","Ambystomatidae","Ambystoma","Ambystoma californiense"
"220","5789298","Birds","Tringa semipalmata","Willet","None","BCC","Tringa semipalmata","5789298","No","(J.F.Gmelin, 1789) ","Species","Animalia","Chordata","Amphibia","Caudata","Ambystomatidae","Ambystoma","Ambystoma californiense"
"221","6180028","Birds","Tympanuchus phasianellus columbianus","Columbian Sharp-tailed Grouse","None","SSC","Tympanuchus phasianellus columbianus","6180028","No","(Ord, 1815) ","Subspecies","Animalia","Chordata","Amphibia","Caudata","Ambystomatidae","Ambystoma","Ambystoma californiense"
"222","2481342","Birds","Uria aalge","Common Murre","None","None","Uria aalge","2481342","No","(Pontoppidan, 1763) ","Species","Animalia","Chordata","Amphibia","Caudata","Ambystomatidae","Ambystoma","Ambystoma californiense"
"223","11042913","Birds","Urile pelagicus","Pelagic Cormorant","None","Orange","Phalacrocorax pelagicus","2481870","No","Pallas, 1811","Species","Animalia","Chordata","Amphibia","Caudata","Ambystomatidae","Ambystoma","Ambystoma californiense"
"224","10682451","Birds","Urile penicillatus","Brandt’s Cormorant","None","BCC","Urile penicillatus","10682451","No","(J.F.Brandt, 1837) ","Species","Animalia","Chordata","Amphibia","Caudata","Ambystomatidae","Ambystoma","Ambystoma californiense"
"225","6175221","Birds","Vireo bellii arizonae","Arizona Bell’s Vireo","SE","None","Vireo bellii arizonae","6175221","No","Ridgway, 1903","Subspecies","Animalia","Chordata","Amphibia","Caudata","Ambystomatidae","Ambystoma","Ambystoma californiense"
"226","6175220","Birds","Vireo bellii pusillus","Least Bell’s Vireo","SE","None","Vireo bellii pusillus","6175220","No","Coues, 1866","Subspecies","Animalia","Chordata","Amphibia","Caudata","Ambystomatidae","Ambystoma","Ambystoma californiense"
"227","6090705","Birds","Vireo huttoni unitti","Catalina Hutton’s Vireo","None","SSC","Vireo huttoni unitti","6090705","No","Rea, 1991","Subspecies","Animalia","Chordata","Amphibia","Caudata","Ambystomatidae","Ambystoma","Ambystoma californiense"
"228","2487411","Birds","Vireo vicinior","Gray Vireo","None","SSC","Vireo vicinior","2487411","No","Coues, 1866","Species","Animalia","Chordata","Amphibia","Caudata","Ambystomatidae","Ambystoma","Ambystoma californiense"
"229","2484195","Birds","Xanthocephalus xanthocephalus","Yellow-Headed Blackbird","None","SSC","Xanthocephalus xanthocephalus","2484195","No","(Bonaparte, 1826) ","Species","Animalia","Chordata","Amphibia","Caudata","Ambystomatidae","Ambystoma","Ambystoma californiense"
"230","2402118","Fish","Acipenser medirostris pop. 1","Green Sturgeon – Southern DPS",NA,"SSC","Acipenser medirostris","2402118","Yes","Ayres, 1854","Species","Animalia","Chordata","Amphibia","Caudata","Ambystomatidae","Ambystoma","Ambystoma californiense"
"231","2402118","Fish","Acipenser medirostris pop. 2","Green Sturgeon – Northern DPS","None","SSC","Acipenser medirostris","2402118","Yes","Ayres, 1854","Species","Animalia","Chordata","Amphibia","Caudata","Ambystomatidae","Ambystoma","Ambystoma californiense"
"232","2402122","Fish","Acipenser transmontanus","White Sturgeon","SCL","SSC","Acipenser transmontanus","2402122","No","Richardson, 1836","Species","Animalia","Chordata","Amphibia","Caudata","Ambystomatidae","Ambystoma","Ambystoma californiense"
"233","2394479","Fish","Archoplites interruptus","Sacramento Perch","None","SSC","Archoplites interruptus","2394479","No","(Girard, 1854) ","Species","Animalia","Chordata","Amphibia","Caudata","Ambystomatidae","Ambystoma","Ambystoma californiense"
"234","2420694","Fish","Carcharodon carcharias","White Shark","None","NT","Carcharodon carcharias","2420694","No","(Linnaeus, 1758) ","Species","Animalia","Chordata","Amphibia","Caudata","Ambystomatidae","Ambystoma","Ambystoma californiense"
"235","2359040","Fish","Catostomus fumeiventris","Owens Sucker","None","SSC","Catostomus fumeiventris","2359040","No","Miller, 1973","Species","Animalia","Chordata","Amphibia","Caudata","Ambystomatidae","Ambystoma","Ambystoma californiense"
"236","2359043","Fish","Catostomus microps","Modoc Sucker","SE, SFP","None","Catostomus microps","2359043","No","Rutter, 1908","Species","Animalia","Chordata","Amphibia","Caudata","Ambystomatidae","Ambystoma","Ambystoma californiense"
"237","6167536","Fish","Catostomus occidentalis lacusanserinus","Goose Lake Sucker","None","SSC","Catostomus occidentalis lacusanserinus","6167536","No","Fowler, 1913","Subspecies","Animalia","Chordata","Amphibia","Caudata","Ambystomatidae","Ambystoma","Ambystoma californiense"
"238","2359035","Fish","Catostomus snyderi","Klamath Largescale Sucker","None","SSC","Catostomus snyderi","2359035","No","Gilbert, 1898","Species","Animalia","Chordata","Amphibia","Caudata","Ambystomatidae","Ambystoma","Ambystoma californiense"
"239","2359089","Fish","Chasmistes brevirostris","ShortNose Sucker","SE, SFP","None","Chasmistes brevirostris","2359089","No","Cope, 1879","Species","Animalia","Chordata","Amphibia","Caudata","Ambystomatidae","Ambystoma","Ambystoma californiense"
"240","2334177","Fish","Cottus asper ssp.","Clear Lake Prickly Sculpin","None","SSC","Cottus asper","2334177","No","Richardson, 1836","Species","Animalia","Chordata","Amphibia","Caudata","Ambystomatidae","Ambystoma","Ambystoma californiense"
"241","2334152","Fish","Cottus asperrimus","Rough Sculpin","ST, SFP","None","Cottus asperrimus","2334152","No","Rutter, 1908","Species","Animalia","Chordata","Amphibia","Caudata","Ambystomatidae","Ambystoma","Ambystoma californiense"
"242","2334097","Fish","Cottus gulosus","Riffle Sculpin","None","SSC","Cottus gulosus","2334097","No","(Girard, 1854) ","Species","Animalia","Chordata","Amphibia","Caudata","Ambystomatidae","Ambystoma","Ambystoma californiense"
"243","6166337","Fish","Cottus klamathensis klamathensis","Upper Klamath Marbled Sculpin","None","SSC","Cottus klamathensis klamathensis","6166337","No","","Subspecies","Animalia","Chordata","Amphibia","Caudata","Ambystomatidae","Ambystoma","Ambystoma californiense"
"244","6166338","Fish","Cottus klamathensis macrops","Bigeye Marbled Sculpin","None","SSC","Cottus klamathensis macrops","6166338","No","Rutter, 1908","Subspecies","Animalia","Chordata","Amphibia","Caudata","Ambystomatidae","Ambystoma","Ambystoma californiense"
"245","6166336","Fish","Cottus klamathensis polyporus","Lower Klamath Marbled Sculpin","None","SSC","Cottus klamathensis polyporus","6166336","No","Daniels & Moyle, 1984","Subspecies","Animalia","Chordata","Amphibia","Caudata","Ambystomatidae","Ambystoma","Ambystoma californiense"
"246","2347892","Fish","Cyprinodon macularius","Desert Pupfish","SE","None","Cyprinodon macularius","2347892","No","Baird & Girard, 1853","Species","Animalia","Chordata","Amphibia","Caudata","Ambystomatidae","Ambystoma","Ambystoma californiense"
"247","6165251","Fish","Cyprinodon nevadensis amargosae","Amargosa Pupfish","None","SSC","Cyprinodon nevadensis amargosae","6165251","No","Miller, 1948","Subspecies","Animalia","Chordata","Amphibia","Caudata","Ambystomatidae","Ambystoma","Ambystoma californiense"
"248","7193293","Fish","Cyprinodon nevadensis nevadensis","Saratoga Springs Pupfish","None","SSC","Cyprinodon nevadensis nevadensis","7193293","No","","Subspecies","Animalia","Chordata","Amphibia","Caudata","Ambystomatidae","Ambystoma","Ambystoma californiense"
"249","6165249","Fish","Cyprinodon nevadensis shoshone","Shoshone Pupfish","None","SSC","Cyprinodon nevadensis shoshone","6165249","No","Miller, 1948","Subspecies","Animalia","Chordata","Amphibia","Caudata","Ambystomatidae","Ambystoma","Ambystoma californiense"
"250","2347874","Fish","Cyprinodon radiosus","Owens Pupfish","SE, SFP","None","Cyprinodon radiosus","2347874","No","Miller, 1948","Species","Animalia","Chordata","Amphibia","Caudata","Ambystomatidae","Ambystoma","Ambystoma californiense"
"251","6165261","Fish","Cyprinodon salinus milleri","Cottonball Marsh Pupfish","ST","None","Cyprinodon salinus milleri","6165261","No","LaBounty & Deacon, 1972","Subspecies","Animalia","Chordata","Amphibia","Caudata","Ambystomatidae","Ambystoma","Ambystoma californiense"
"252","6165260","Fish","Cyprinodon salinus salinus","Salt Creek Pupfish","None","SSC","Cyprinodon salinus salinus","6165260","No","","Subspecies","Animalia","Chordata","Amphibia","Caudata","Ambystomatidae","Ambystoma","Ambystoma californiense"
"253","2358958","Fish","Deltistes luxatus","Lost River Sucker","SE, SFP","None","Deltistes luxatus","2358958","No","(Cope, 1879) ","Species","Animalia","Chordata","Amphibia","Caudata","Ambystomatidae","Ambystoma","Ambystoma californiense"
"254","2421331","Fish","Entosphenus folletti","Northern California Brook Lamprey","None","SSC","Entosphenus folletti","2421331","No","Vladykov & Kott, 1976","Species","Animalia","Chordata","Amphibia","Caudata","Ambystomatidae","Ambystoma","Ambystoma californiense"
"255","2421333","Fish","Entosphenus lethophagus","Pit-Klamath Brook Lamprey","None","SSC","Entosphenus lethophagus","2421333","No","(Hubbs, 1971) ","Species","Animalia","Chordata","Amphibia","Caudata","Ambystomatidae","Ambystoma","Ambystoma californiense"
"256","2421359","Fish","Entosphenus similis","Klamath River Lamprey","None","SSC","Entosphenus similis","2421359","No","Vladykov & Kott, 1979","Species","Animalia","Chordata","Amphibia","Caudata","Ambystomatidae","Ambystoma","Ambystoma californiense"
"257","2421422","Fish","Entosphenus tridentatus","Pacific Lamprey","None","SSC","Entosphenus tridentatus","2421422","Yes","(Richardson, 1836) ","Species","Animalia","Chordata","Amphibia","Caudata","Ambystomatidae","Ambystoma","Ambystoma californiense"
"258","2421422","Fish","Entosphenus tridentatus ssp. 1","Goose Lake Lamprey","None","SSC","Entosphenus tridentatus","2421422","Yes","(Richardson, 1836) ","Species","Animalia","Chordata","Amphibia","Caudata","Ambystomatidae","Ambystoma","Ambystoma californiense"
"259","2409237","Fish","Eopsetta jordani","Petrale Sole","None","R","Eopsetta jordani","2409237","No","(Lockington, 1879) ","Species","Animalia","Chordata","Amphibia","Caudata","Ambystomatidae","Ambystoma","Ambystoma californiense"
"260","2378650","Fish","Eucyclogobius newberryi","Tidewater Goby","None","SSC","Eucyclogobius newberryi","2378650","No","(Girard, 1856) ","Species","Animalia","Chordata","Amphibia","Caudata","Ambystomatidae","Ambystoma","Ambystoma californiense"
"261","6169883","Fish","Gasterosteus aculeatus williamsoni","Unarmored Threespine Stickleback","SE, SFP","None","Gasterosteus aculeatus williamsoni","6169883","No","Girard, 1854","Subspecies","Animalia","Chordata","Amphibia","Caudata","Ambystomatidae","Ambystoma","Ambystoma californiense"
"262","2360123","Fish","Gila coerulea","Blue Chub","None","SSC","Gila coerulea","2360123","No","(Girard, 1856) ","Species","Animalia","Chordata","Amphibia","Caudata","Ambystomatidae","Ambystoma","Ambystoma californiense"
"263","2360106","Fish","Gila orcuttii","Arroyo Chub","None","SSC","Gila orcuttii","2360106","No","(Eigenmann & Eigenmann, 1890) ","Species","Animalia","Chordata","Amphibia","Caudata","Ambystomatidae","Ambystoma","Ambystoma californiense"
"264","2360059","Fish","Hesperoleucus mitrulus","Northern Roach","None","SSC","Hesperoleucus symmetricus","2360051","Yes","(Baird & Girard, 1854) ","Species","Animalia","Chordata","Amphibia","Caudata","Ambystomatidae","Ambystoma","Ambystoma californiense"
"265","2360057","Fish","Hesperoleucus parvipinnis","Gualala Roach","None","SSC","Hesperoleucus symmetricus","2360051","Yes","(Baird & Girard, 1854) ","Species","Animalia","Chordata","Amphibia","Caudata","Ambystomatidae","Ambystoma","Ambystoma californiense"
"266","10581454","Fish","Hesperoleucus symmetricus serpentinus","Red Hills Roach","None","SSC","Hesperoleucus symmetricus serpentinus","10581454","No","Baumsteiger & Moyle, 2019","Subspecies","Animalia","Chordata","Amphibia","Caudata","Ambystomatidae","Ambystoma","Ambystoma californiense"
"267","9941559","Fish","Hesperoleucus symmetricus symmetricus","Central California Roach","None","SSC","Hesperoleucus symmetricus symmetricus","9941559","No","","Subspecies","Animalia","Chordata","Amphibia","Caudata","Ambystomatidae","Ambystoma","Ambystoma californiense"
"268","12346082","Fish","Hesperoleucus venustus navarroensis","Northern Coastal Roach","None","SSC","Hesperoleucus venustus navarroensis","12346082","No","Snyder, 1913","Subspecies","Animalia","Chordata","Amphibia","Caudata","Ambystomatidae","Ambystoma","Ambystoma californiense"
"269","12381359","Fish","Hesperoleucus venustus subditus","Southern Coastal Roach","None","SSC","Hesperoleucus venustus subditus","12381359","No","Snyder, 1913","Subspecies","Animalia","Chordata","Amphibia","Caudata","Ambystomatidae","Ambystoma","Ambystoma californiense"
"270",NA,"Fish","Hesperoleucus venustus x H. symmetricus","Clear Lake Roach","None","SSC",NA,NA,"Yes",NA,NA,NA,NA,NA,NA,NA,NA,NA
"271","2410879","Fish","Hypomesus transpacificus","Delta Smelt","SE","None","Hypomesus transpacificus","2410879","No","McAllister, 1963","Species","Animalia","Chordata","Amphibia","Caudata","Ambystomatidae","Ambystoma","Ambystoma californiense"
"272","2398736","Fish","Hypsypops rubicundus","Garibaldi","None","NT","Hypsypops rubicundus","2398736","No","(Girard, 1854) ","Species","Animalia","Chordata","Amphibia","Caudata","Ambystomatidae","Ambystoma","Ambystoma californiense"
"273","6168780","Fish","Hysterocarpus traskii lagunae","Clear Lake Tule Perch","None","SSC","Hysterocarpus traskii lagunae","6168780","No","Hopkirk, 1974","Subspecies","Animalia","Chordata","Amphibia","Caudata","Ambystomatidae","Ambystoma","Ambystoma californiense"
"274","6168782","Fish","Hysterocarpus traskii pomo","Russian River Tule Perch","None","SSC","Hysterocarpus traski pomo","6168782","No","Hopkirk, 1974","Subspecies","Animalia","Chordata","Amphibia","Caudata","Ambystomatidae","Ambystoma","Ambystoma californiense"
"275","5216466","Fish","Lampetra hubbsi","Kern Brook Lamprey","None","SSC","Lampetra hubbsi","5216466","No","(Vladykov & Kott, 1976) ","Species","Animalia","Chordata","Amphibia","Caudata","Ambystomatidae","Ambystoma","Ambystoma californiense"
"276","8742103","Fish","Lavinia exilicauda chi","Clear Lake Hitch","ST","None","Lavinia exilicauda chi","8742103","No","Hopkirk, 1974","Subspecies","Animalia","Chordata","Amphibia","Caudata","Ambystomatidae","Ambystoma","Ambystoma californiense"
"277","8761413","Fish","Lavinia exilicauda exilicauda","Sacramento Hitch","None","SSC","Lavinia exilicauda exilicauda","8761413","No","","Subspecies","Animalia","Chordata","Amphibia","Caudata","Ambystomatidae","Ambystoma","Ambystoma californiense"
"278","9341007","Fish","Lavinia exilicauda harengus","Monterey Hitch","None","SSC","Lavinia exilicauda harengus","9341007","No","Girard, 1856","Subspecies","Animalia","Chordata","Amphibia","Caudata","Ambystomatidae","Ambystoma","Ambystoma californiense"
"279","2388991","Fish","Mycteroperca jordani","Gulf Grouper","None","NT","Mycteroperca jordani","2388991","No","(Jenkins & Evermann, 1889) ","Species","Animalia","Chordata","Amphibia","Caudata","Ambystomatidae","Ambystoma","Ambystoma californiense"
"280","2388990","Fish","Mycteroperca xenarcha","Broomtail Grouper","None","NT","Mycteroperca xenarcha","2388990","No","Jordan, 1888","Species","Animalia","Chordata","Amphibia","Caudata","Ambystomatidae","Ambystoma","Ambystoma californiense"
"281","2360262","Fish","Mylopharodon coNocephalus","Hardhead","None","SSC","Mylopharodon conocephalus","2360262","No","(Baird & Girard, 1854) ","Species","Animalia","Chordata","Amphibia","Caudata","Ambystomatidae","Ambystoma","Ambystoma californiense"
"282","5216497","Fish","Occidentis ayresii","Western River Lamprey","None","SSC","Lampetra ayresii","5216497","No","(Günther, 1870) ","Species","Animalia","Chordata","Amphibia","Caudata","Ambystomatidae","Ambystoma","Ambystoma californiense"
"283","5216507","Fish","Occidentis richardsoni","Western Brook Lamprey","None","SSC","Lampetra richardsoni","5216507","No","Vladykov & Follett, 1965","Species","Animalia","Chordata","Amphibia","Caudata","Ambystomatidae","Ambystoma","Ambystoma californiense"
"284","5711980","Fish","Oncorhynchus clarkii","Coast Cutthroat Trout","None","SSC","Oncorhynchus clarkii","5711980","No","(Richardson, 1836) ","Species","Animalia","Chordata","Amphibia","Caudata","Ambystomatidae","Ambystoma","Ambystoma californiense"
"285","11115657","Fish","Oncorhynchus henshawi henshawi","Lahontan Cutthroat Trout","None","SSC","Oncorhynchus henshawi","11115657","Yes","(Gill & Jordan, 1878) ","Species","Animalia","Chordata","Amphibia","Caudata","Ambystomatidae","Ambystoma","Ambystoma californiense"
"286","11115657","Fish","Oncorhynchus henshawi seleniris","Paiute Cutthroat Trout","None","SSC","Oncorhynchus henshawi","11115657","Yes","(Gill & Jordan, 1878) ","Species","Animalia","Chordata","Amphibia","Caudata","Ambystomatidae","Ambystoma","Ambystoma californiense"
"287","5204034","Fish","Oncorhynchus kisutch pop. 2","Coho Salmon – Southern Oregon / Northern California ESU","ST","NT","Oncorhynchus kisutch","5204034","Yes","(Walbaum, 1792) ","Species","Animalia","Chordata","Amphibia","Caudata","Ambystomatidae","Ambystoma","Ambystoma californiense"
"288","5204034","Fish","Oncorhynchus kisutch pop. 4","Coho Salmon – Central California Coast ESU","SE","NT","Oncorhynchus kisutch","5204034","Yes","(Walbaum, 1792) ","Species","Animalia","Chordata","Amphibia","Caudata","Ambystomatidae","Ambystoma","Ambystoma californiense"
"289","5204030","Fish","Oncorhynchus mykiss aguabonita","California Golden Trout","None","SSC","Oncorhynchus mykiss aguabonita","5204030","No","(Jordan, 1892) ","Subspecies","Animalia","Chordata","Amphibia","Caudata","Ambystomatidae","Ambystoma","Ambystoma californiense"
"290","9360987","Fish","Oncorhynchus mykiss aquilarum","Eagle Lake Rainbow Trout","None","SSC","Oncorhynchus mykiss aquilarum","9360987","No","(Snyder, 1917) ","Subspecies","Animalia","Chordata","Amphibia","Caudata","Ambystomatidae","Ambystoma","Ambystoma californiense"
"291","5711993","Fish","Oncorhynchus mykiss gilberti","Kern River Rainbow Trout","None","SSC","Oncorhynchus mykiss gilberti","5711993","No","(Jordan, 1894) ","Subspecies","Animalia","Chordata","Amphibia","Caudata","Ambystomatidae","Ambystoma","Ambystoma californiense"
"292","5204019","Fish","Oncorhynchus mykiss irideus pop. 1","Steelhead – Klamath Mountains Province DPS","None","SSC","Oncorhynchus mykiss","5204019","Yes","(Walbaum, 1792) ","Species","Animalia","Chordata","Amphibia","Caudata","Ambystomatidae","Ambystoma","Ambystoma californiense"
"293","5204019","Fish","Oncorhynchus mykiss irideus pop. 10","Steelhead – Southern California DPS","SE","None","Oncorhynchus mykiss","5204019","Yes","(Walbaum, 1792) ","Species","Animalia","Chordata","Amphibia","Caudata","Ambystomatidae","Ambystoma","Ambystoma californiense"
"294","5204019","Fish","Oncorhynchus mykiss irideus pop. 11","Steelhead – Central Valley DPS","None","SSC, NT","Oncorhynchus mykiss","5204019","Yes","(Walbaum, 1792) ","Species","Animalia","Chordata","Amphibia","Caudata","Ambystomatidae","Ambystoma","Ambystoma californiense"
"295","5204019","Fish","Oncorhynchus mykiss irideus pop. 48","Steelhead – Northern California DPS summer-run","SE","NT","Oncorhynchus mykiss","5204019","Yes","(Walbaum, 1792) ","Species","Animalia","Chordata","Amphibia","Caudata","Ambystomatidae","Ambystoma","Ambystoma californiense"
"296","5204019","Fish","Oncorhynchus mykiss irideus pop. 49","Steelhead – Northern California DPS winter-run","None","SSC","Oncorhynchus mykiss","5204019","Yes","(Walbaum, 1792) ","Species","Animalia","Chordata","Amphibia","Caudata","Ambystomatidae","Ambystoma","Ambystoma californiense"
"297","5204019","Fish","Oncorhynchus mykiss irideus pop. 8","Steelhead – Central California Coast DPS","None","SSC, NT","Oncorhynchus mykiss","5204019","Yes","(Walbaum, 1792) ","Species","Animalia","Chordata","Amphibia","Caudata","Ambystomatidae","Ambystoma","Ambystoma californiense"
"298","5204019","Fish","Oncorhynchus mykiss irideus pop. 9","Steelhead – South-Central California Coast DPS","None","SSC, NT","Oncorhynchus mykiss","5204019","Yes","(Walbaum, 1792) ","Species","Animalia","Chordata","Amphibia","Caudata","Ambystomatidae","Ambystoma","Ambystoma californiense"
"299","5204019","Fish","Oncorhynchus mykiss ssp. 1","Goose Lake Redband Trout","None","SSC","Oncorhynchus mykiss","5204019","Yes","(Walbaum, 1792) ","Species","Animalia","Chordata","Amphibia","Caudata","Ambystomatidae","Ambystoma","Ambystoma californiense"
"300","5711996","Fish","Oncorhynchus mykiss ssp. 2 (Oncorhynchus mykiss stonei)","Mccloud River Redband Trout","None","SSC","Oncorhynchus mykiss stonei","5711996","No","(Jordan, 1894) ","Subspecies","Animalia","Chordata","Amphibia","Caudata","Ambystomatidae","Ambystoma","Ambystoma californiense"
"301","5711991","Fish","Oncorhynchus mykiss whitei","Little Kern Golden Trout","None","SSC","Oncorhynchus mykiss whitei","5711991","No","(Evermann, 1906) ","Subspecies","Animalia","Chordata","Amphibia","Caudata","Ambystomatidae","Ambystoma","Ambystoma californiense"
"302","5204024","Fish","Oncorhynchus tshawytscha","Chinook Salmon – Upper Klamath And Trinity Rivers fall-run","ST","SSC","Oncorhynchus tshawytscha","5204024","Yes","(Walbaum, 1792) ","Species","Animalia","Chordata","Amphibia","Caudata","Ambystomatidae","Ambystoma","Ambystoma californiense"
"303","5204024","Fish","Oncorhynchus tshawytscha","Chinook Salmon – Upper Klamath And Trinity Rivers spring-run","ST","SSC","Oncorhynchus tshawytscha","5204024","Yes","(Walbaum, 1792) ","Species","Animalia","Chordata","Amphibia","Caudata","Ambystomatidae","Ambystoma","Ambystoma californiense"
"304","5204024","Fish","Oncorhynchus tshawytscha pop. 11","Chinook Salmon – Central Valley spring-run ESU","ST","NT","Oncorhynchus tshawytscha","5204024","Yes","(Walbaum, 1792) ","Species","Animalia","Chordata","Amphibia","Caudata","Ambystomatidae","Ambystoma","Ambystoma californiense"
"305","5204024","Fish","Oncorhynchus tshawytscha pop. 13","Chinook Salmon – Central Valley fall- / late fall-run ESU","None","SSC","Oncorhynchus tshawytscha","5204024","Yes","(Walbaum, 1792) ","Species","Animalia","Chordata","Amphibia","Caudata","Ambystomatidae","Ambystoma","Ambystoma californiense"
"306","5204024","Fish","Oncorhynchus tshawytscha pop. 14","Chinook Salmon – Southern Oregon/Northern California Coastal","None","SSC","Oncorhynchus tshawytscha","5204024","Yes","(Walbaum, 1792) ","Species","Animalia","Chordata","Amphibia","Caudata","Ambystomatidae","Ambystoma","Ambystoma californiense"
"307","5204024","Fish","Oncorhynchus tshawytscha pop. 17","Chinook Salmon – California Coastal ESU","None","SSC","Oncorhynchus tshawytscha","5204024","Yes","(Walbaum, 1792) ","Species","Animalia","Chordata","Amphibia","Caudata","Ambystomatidae","Ambystoma","Ambystoma californiense"
"308","5204024","Fish","Oncorhynchus tshawytscha pop. 30","Chinook Salmon – Upper Klamath And Trinity Rivers ESU","None","SSC","Oncorhynchus tshawytscha","5204024","Yes","(Walbaum, 1792) ","Species","Animalia","Chordata","Amphibia","Caudata","Ambystomatidae","Ambystoma","Ambystoma californiense"
"309","5204024","Fish","Oncorhynchus tshawytscha pop. 7","Chinook Salmon – Sacramento River winter-run ESU","SE","NT","Oncorhynchus tshawytscha","5204024","Yes","(Walbaum, 1792) ","Species","Animalia","Chordata","Amphibia","Caudata","Ambystomatidae","Ambystoma","Ambystoma californiense"
"310","12081301","Fish","Pantosteus lahontan","Lahontan Mountain Sucker","None","SSC","Pantosteus lahontan","12081301","No","Rutter, 1903","Species","Animalia","Chordata","Amphibia","Caudata","Ambystomatidae","Ambystoma","Ambystoma californiense"
"311","2359032","Fish","Pantosteus santaanae","Santa Ana Sucker","None","SSC","Catostomus santaanae","2359031","No","(Snyder, 1908) ","Species","Animalia","Chordata","Amphibia","Caudata","Ambystomatidae","Ambystoma","Ambystoma californiense"
"312","2359766","Fish","Pogonichthys macrolepidotus","Sacramento Splittail","None","SSC","Pogonichthys macrolepidotus","2359766","No","(Ayres, 1854) ","Species","Animalia","Chordata","Amphibia","Caudata","Ambystomatidae","Ambystoma","Ambystoma californiense"
"313","2351530","Fish","Prosopium williamsoni","Mountain Whitefish","None","SSC","Prosopium williamsoni","2351530","No","(Girard, 1856) ","Species","Animalia","Chordata","Amphibia","Caudata","Ambystomatidae","Ambystoma","Ambystoma californiense"
"314","5205692","Fish","Ptychocheilus lucius","Colorado PikeminNow","SE, SFP","None","Ptychocheilus lucius","5205692","No","Girard, 1856","Species","Animalia","Chordata","Amphibia","Caudata","Ambystomatidae","Ambystoma","Ambystoma californiense"
"315","12233316","Fish","Rhinichthys gabrielino","Santa Ana Speckled Dace","None","SSC","Rhinichthys gabrielino","12233316","No","Moyle, Buckmaster & Su, 2023","Species","Animalia","Chordata","Amphibia","Caudata","Ambystomatidae","Ambystoma","Ambystoma californiense"
"316","2359800","Fish","Rhinichthys nevadensis caldera","Long Valley Speckled Dace","None","SSC","Rhinichthys osculus","2359791","Yes","(Girard, 1856) ","Species","Animalia","Chordata","Amphibia","Caudata","Ambystomatidae","Ambystoma","Ambystoma californiense"
"317","2359800","Fish","Rhinichthys nevadensis nevadensis","Amargosa Speckled Dace","None","SSC","Rhinichthys osculus","2359791","Yes","(Girard, 1856) ","Species","Animalia","Chordata","Amphibia","Caudata","Ambystomatidae","Ambystoma","Ambystoma californiense"
"318","2412583","Fish","Sardinops sagax","Pacific Sardine – northern subpopulation","None","None","Sardinops sagax","2412583","No","(Jenyns, 1842) ","Species","Animalia","Chordata","Amphibia","Caudata","Ambystomatidae","Ambystoma","Ambystoma californiense"
"319","9450405","Fish","Siphateles bicolor mohavensis","Mohave Tui Chub","SE, SFP","None","Siphateles bicolor mohavensis","9450405","No","Snyder, 1918","Subspecies","Animalia","Chordata","Amphibia","Caudata","Ambystomatidae","Ambystoma","Ambystoma californiense"
"320","9377539","Fish","Siphateles bicolor pectinifer","Lahontan Lake Tui Chub","None","SSC","Siphateles bicolor pectinifer","9377539","No","(Snyder, 1917) ","Subspecies","Animalia","Chordata","Amphibia","Caudata","Ambystomatidae","Ambystoma","Ambystoma californiense"
"321","9508387","Fish","Siphateles bicolor snyderi","Owens Tui Chub","SE","None","Siphateles bicolor snyderi","9508387","No","(Miller, 1973) ","Subspecies","Animalia","Chordata","Amphibia","Caudata","Ambystomatidae","Ambystoma","Ambystoma californiense"
"322","8197854","Fish","Siphateles bicolor ssp. 12","Eagle Lake Tui Chub","None","SSC","Siphateles bicolor","8197854","No","(Girard, 1856) ","Species","Animalia","Chordata","Amphibia","Caudata","Ambystomatidae","Ambystoma","Ambystoma californiense"
"323","9273939","Fish","Siphateles bicolor thalassinus (Siphateles thalassinus thalassinus)","Goose Lake Tui Chub","None","SSC","Siphateles bicolor thalassinus","9273939","No","(Cope, 1883) ","Subspecies","Animalia","Chordata","Amphibia","Caudata","Ambystomatidae","Ambystoma","Ambystoma californiense"
"324","9247177","Fish","Siphateles bicolor vaccaceps","Cow Head Tui Chub","None","SSC","Siphateles bicolor vaccaceps","9247177","No","(Bills & Bond, 1980) ","Subspecies","Animalia","Chordata","Amphibia","Caudata","Ambystomatidae","Ambystoma","Ambystoma californiense"
"325","2410897","Fish","Spirinchus thaleichthys","Longfin Smelt","ST","None","Spirinchus thaleichthys","2410897","Yes","(Ayres, 1860) ","Species","Animalia","Chordata","Amphibia","Caudata","Ambystomatidae","Ambystoma","Ambystoma californiense"
"326","2410897","Fish","Spirinchus thaleichthys pop. 2","Longfin Smelt – San Francisco Bay-Delta DPS","ST","None","Spirinchus thaleichthys","2410897","Yes","(Ayres, 1860) ","Species","Animalia","Chordata","Amphibia","Caudata","Ambystomatidae","Ambystoma","Ambystoma californiense"
"327","5211259","Fish","Stereolepis gigas","Giant Sea Bass","None","NT","Stereolepis gigas","5211259","No","Ayres, 1859","Species","Animalia","Chordata","Amphibia","Caudata","Ambystomatidae","Ambystoma","Ambystoma californiense"
"328","2410903","Fish","Thaleichthys pacificus","Eulachon","None","SSC, NT","Thaleichthys pacificus","2410903","No","(Richardson, 1836) ","Species","Animalia","Chordata","Amphibia","Caudata","Ambystomatidae","Ambystoma","Ambystoma californiense"
"329","2359095","Fish","Xyrauchen texanus","Razorback Sucker","SE, SFP","None","Xyrauchen texanus","2359095","No","(Abbott, 1860) ","Species","Animalia","Chordata","Amphibia","Caudata","Ambystomatidae","Ambystoma","Ambystoma californiense"
"330","1072070","Invertebrates","Aegialia concinna","Ciervo Aegilian Scarab Beetle","None","S1","Aegialia concinna","1072070","No","Gordon & Cartwright, 1977","Species","Animalia","Chordata","Amphibia","Caudata","Ambystomatidae","Ambystoma","Ambystoma californiense"
"331","1037942","Invertebrates","Agabus rumppi","Death Valley Agabus Diving Beetle","None","S1S2","Agabus rumppi","1037942","No","Leech, 1964","Species","Animalia","Chordata","Amphibia","Caudata","Ambystomatidae","Ambystoma","Ambystoma californiense"
"332","1690124","Invertebrates","Aglaothorax longipennis","Santa Monica Shieldback Katydid","None","S1S2","Aglaothorax longipennis","1690124","No","(Rentz & Weissman, 1981) ","Species","Animalia","Chordata","Amphibia","Caudata","Ambystomatidae","Ambystoma","Ambystoma californiense"
"333","6004085","Invertebrates","Agrilus harenus","Harenus Jewel Beetle","None","S1","Agrilus harenus","6004085","No","Nelson, 1994","Species","Animalia","Chordata","Amphibia","Caudata","Ambystomatidae","Ambystoma","Ambystoma californiense"
"334","2020302","Invertebrates","Ambrysus funebris","Nevares Spring Naucorid Bug","None","S1","Ambrysus funebris","2020302","No","La Rivers, 1949","Species","Animalia","Chordata","Amphibia","Caudata","Ambystomatidae","Ambystoma","Ambystoma californiense"
"335","2293890","Invertebrates","Ammonitella yatesii","Tight Coin (=Yates’ Snail)","None","S1","Ammonitella yatesii","2293890","No","J.G.Cooper, 1868","Species","Animalia","Chordata","Amphibia","Caudata","Ambystomatidae","Ambystoma","Ambystoma californiense"
"336","5100873","Invertebrates","Ammopelmatus kelsoensis","Kelso Jerusalem Cricket","None","S1S2","Ammopelmatus kelsoensis","5100873","No","Tinkham, 1965","Species","Animalia","Chordata","Amphibia","Caudata","Ambystomatidae","Ambystoma","Ambystoma californiense"
"337","5100874","Invertebrates","Ammopelmatus muwu","Point Conception Jerusalem Cricket","None","S1","Ammopelmatus muwu","5100874","No","Rentz & Weissman, 1981","Species","Animalia","Chordata","Amphibia","Caudata","Ambystomatidae","Ambystoma","Ambystoma californiense"
"338","1357974","Invertebrates","Andrena blennospermatis","Blennosperma Vernal Pool Andrenid Bee","None","S1","Andrena blennospermatis","1357974","No","Thorp, 1969","Species","Animalia","Chordata","Amphibia","Caudata","Ambystomatidae","Ambystoma","Ambystoma californiense"
"339","1356962","Invertebrates","Andrena subapasta","an andrenid bee","None","S1S2","Andrena subapasta","1356962","No","Thorp, 1969","Species","Animalia","Chordata","Amphibia","Caudata","Ambystomatidae","Ambystoma","Ambystoma californiense"
"340","2287936","Invertebrates","Anodonta californiensis","California Floater","None","None","Anodonta californiensis","2287936","No","I.Lea, 1852","Species","Animalia","Chordata","Amphibia","Caudata","Ambystomatidae","Ambystoma","Ambystoma californiense"
"341","2287941","Invertebrates","Anodonta kennerlyi","Western Floater","None","None","Anodonta kennerlyi","2287941","No","I.Lea, 1860","Species","Animalia","Chordata","Amphibia","Caudata","Ambystomatidae","Ambystoma","Ambystoma californiense"
"342","9696344","Invertebrates","Anodonta nuttalliana","Winged Floater","None","None","Anodonta nuttalliana","9696344","No","I.Lea, 1838","Species","Animalia","Chordata","Amphibia","Caudata","Ambystomatidae","Ambystoma","Ambystoma californiense"
"343","2287931","Invertebrates","Anodonta oregonensis","Oregon Floater","None","None","Anodonta oregonensis","2287931","No","I.Lea, 1838","Species","Animalia","Chordata","Amphibia","Caudata","Ambystomatidae","Ambystoma","Ambystoma californiense"
"344","9361224","Invertebrates","Anomala carlsoni","Carlson’s Dune Beetle","None","S1","Leptohoplia carlsoni","5988019","No","(Hardy, 1976) ","Species","Animalia","Chordata","Amphibia","Caudata","Ambystomatidae","Ambystoma","Ambystoma californiense"
"345","7829122","Invertebrates","Anomala hardyorum","Hardy’s Dune Beetle","None","S1","Paranomala hardyorum","12189565","No","(Potts, 1976) ","Species","Animalia","Chordata","Amphibia","Caudata","Ambystomatidae","Ambystoma","Ambystoma californiense"
"346","1046901","Invertebrates","Anthicus sacramento","Sacramento Anthicid Beetle","None","E","Anthicus sacramento","1046901","No","Chandler, 1978","Species","Animalia","Chordata","Amphibia","Caudata","Ambystomatidae","Ambystoma","Ambystoma californiense"
"347","2124568","Invertebrates","Aphrastochthonius grubbsi","Grubbs’ Cave Pseudoscorpion","None","S1","Aphrastochthonius grubbsi","2124568","No","Muchmore, 1984","Species","Animalia","Chordata","Amphibia","Caudata","Ambystomatidae","Ambystoma","Ambystoma californiense"
"348","2124571","Invertebrates","Aphrastochthonius similis","Carlow’s Cave Pseudoscorpion","None","S1","Aphrastochthonius similis","2124571","No","Muchmore, 1984","Species","Animalia","Chordata","Amphibia","Caudata","Ambystomatidae","Ambystoma","Ambystoma californiense"
"349","1611650","Invertebrates","Apiocera warneri","Glamis Sand Fly","None","S1","Apiocera warneri","1611650","No","Cazier, 1985","Species","Animalia","Chordata","Amphibia","Caudata","Ambystomatidae","Ambystoma","Ambystoma californiense"
"350","BK3PZ","Invertebrates","Apodemia mormo langei","Lange’s Metalmark Butterfly","None","S1",NA,NA,"Yes",NA,NA,NA,NA,NA,NA,NA,NA,NA
"351","2125282","Invertebrates","Archeolarca aalbui","Aalbu’s Cave Pseudoscorpion","None","S1","Larca aalbui","10809964","No","(Muchmore, 1984) ","Species","Animalia","Chordata","Amphibia","Caudata","Ambystomatidae","Ambystoma","Ambystoma californiense"
"352","2285866","Invertebrates","Argopecten ventricosus","Speckled Scallop","None","NT","Argopecten ventricosus","2285866","No","(G.B.Sowerby II, 1842) ","Species","Animalia","Chordata","Amphibia","Caudata","Ambystomatidae","Ambystoma","Ambystoma californiense"
"353","2301952","Invertebrates","Assiminea infima","Badwater Snail","None","S1","Angustassiminea infima","8295547","No","(S.S.Berry, 1947) ","Species","Animalia","Chordata","Amphibia","Caudata","Ambystomatidae","Ambystoma","Ambystoma californiense"
"354","1033603","Invertebrates","Atractelmis wawona","Wawona Riffle Beetle","None","S1S2","Atractelmis wawona","1033603","No","Chandler, 1954","Species","Animalia","Chordata","Amphibia","Caudata","Ambystomatidae","Ambystoma","Ambystoma californiense"
"355","1785460","Invertebrates","Autoplusia olivacea","a noctuid moth","None","E","Autoplusia olivacea","1785460","No","Skinner, 1917","Species","Animalia","Chordata","Amphibia","Caudata","Ambystomatidae","Ambystoma","Ambystoma californiense"
"356","6908588","Invertebrates","Banksula californica","Alabaster Cave Harvestman","None","E","Banksula californica","6908588","No","(Banks, 1900) ","Species","Animalia","Chordata","Amphibia","Caudata","Ambystomatidae","Ambystoma","Ambystoma californiense"
"357","6908580","Invertebrates","Banksula galilei","Galile’s Cave Harvestman","None","S1","Banksula galilei","6908580","No","Briggs, 1974","Species","Animalia","Chordata","Amphibia","Caudata","Ambystomatidae","Ambystoma","Ambystoma californiense"
"358","6908581","Invertebrates","Banksula grubbsi","Grubbs’ Cave Harvestman","None","S1","Banksula grubbsi","6908581","No","Briggs & Ubick, 1981","Species","Animalia","Chordata","Amphibia","Caudata","Ambystomatidae","Ambystoma","Ambystoma californiense"
"359","6908583","Invertebrates","Banksula incredula","Incredible Harvestman","None","S1","Banksula incredula","6908583","No","Ubick & Briggs, 2002","Species","Animalia","Chordata","Amphibia","Caudata","Ambystomatidae","Ambystoma","Ambystoma californiense"
"360","6908590","Invertebrates","Banksula martinorum","Martins’ Cave Harvestman","None","S1","Banksula martinorum","6908590","No","Briggs & Ubick, 1981","Species","Animalia","Chordata","Amphibia","Caudata","Ambystomatidae","Ambystoma","Ambystoma californiense"
"361","5791512","Invertebrates","Banksula melones","Melones Cave Harvestman","None","S1","Banksula melones","5791512","No","Briggs, 1974","Species","Animalia","Chordata","Amphibia","Caudata","Ambystomatidae","Ambystoma","Ambystoma californiense"
"362","6908587","Invertebrates","Banksula rudolphi","Rudolph’s Cave Harvestman","None","S1","Banksula rudolphi","6908587","No","Briggs & Ubick, 1981","Species","Animalia","Chordata","Amphibia","Caudata","Ambystomatidae","Ambystoma","Ambystoma californiense"
"363","6908586","Invertebrates","Banksula tuolumne","Tuolumne Cave Harvestman","None","S1","Banksula tuolumne","6908586","No","Briggs, 1974","Species","Animalia","Chordata","Amphibia","Caudata","Ambystomatidae","Ambystoma","Ambystoma californiense"
"364","6908582","Invertebrates","Banksula tutankhamen","King Tut Cave Harvestman","None","S1","Banksula tutankhamen","6908582","No","Ubick & Briggs, 2002","Species","Animalia","Chordata","Amphibia","Caudata","Ambystomatidae","Ambystoma","Ambystoma californiense"
"365","2007568","Invertebrates","Belostoma saratogae","Saratoga Springs Belostoman Bug","None","S1","Belostoma saratogae","2007568","No","Menke, 1958","Species","Animalia","Chordata","Amphibia","Caudata","Ambystomatidae","Ambystoma","Ambystoma californiense"
"366","2294054","Invertebrates","Binneya notabilis","Santa Barbara Shelled Slug","None","S1","Binneya notabilis","2294054","No","J.G.Cooper, 1863","Species","Animalia","Chordata","Amphibia","Caudata","Ambystomatidae","Ambystoma","Ambystoma californiense"
"367","1340334","Invertebrates","Bombus caliginosus","Obscure Bumble Bee","None","S1S2","Bombus caliginosus","1340334","No","(Frison, 1927) ","Species","Animalia","Chordata","Amphibia","Caudata","Ambystomatidae","Ambystoma","Ambystoma californiense"
"368","1340280","Invertebrates","Bombus crotchii","Crotch’s Bumble Bee","SCL","None","Bombus crotchii","1340280","No","Cresson, 1879","Species","Animalia","Chordata","Amphibia","Caudata","Ambystomatidae","Ambystoma","Ambystoma californiense"
"369","1340443","Invertebrates","Bombus franklini","Franklin’s Bumble Bee","SCL","None","Bombus franklini","1340443","No","(Frison, 1921) ","Species","Animalia","Chordata","Amphibia","Caudata","Ambystomatidae","Ambystoma","Ambystoma californiense"
"370","10409744","Invertebrates","Bombus kirbiellus","Golden-belted Bumble Bee","None","E","Bombus kirbiellus","10409744","No","Curtis, 1835","Species","Animalia","Chordata","Amphibia","Caudata","Ambystomatidae","Ambystoma","Ambystoma californiense"
"371","1340475","Invertebrates","Bombus morrisoni","Morrison Bumble Bee","None","S1S2","Bombus morrisoni","1340475","No","Cresson, 1879","Species","Animalia","Chordata","Amphibia","Caudata","Ambystomatidae","Ambystoma","Ambystoma californiense"
"372","1340429","Invertebrates","Bombus occidentalis","Western Bumble Bee","SCL","S1","Bombus occidentalis","1340429","No","Greene, 1858","Species","Animalia","Chordata","Amphibia","Caudata","Ambystomatidae","Ambystoma","Ambystoma californiense"
"373","1340416","Invertebrates","Bombus pensylvanicus","American Bumble Bee","None","None","Bombus pensylvanicus","1340416","No","(De Geer, 1773) ","Species","Animalia","Chordata","Amphibia","Caudata","Ambystomatidae","Ambystoma","Ambystoma californiense"
"374","1340283","Invertebrates","Bombus suckleyi","Suckley’s Cuckoo Bumble Bee","SCL","S1","Bombus suckleyi","1340283","No","Greene, 1860","Species","Animalia","Chordata","Amphibia","Caudata","Ambystomatidae","Ambystoma","Ambystoma californiense"
"375","2235376","Invertebrates","Branchinecta campestris","Pocket Pouch Fairy Shrimp","None","S1","Branchinecta campestris","2235376","No","Lynch, 1960","Species","Animalia","Chordata","Amphibia","Caudata","Ambystomatidae","Ambystoma","Ambystoma californiense"
"376","2235369","Invertebrates","Branchinecta conservatio","Conservancy Fairy Shrimp","None","None","Branchinecta conservatio","2235369","No","Eng, Belk & Eriksen, 1990","Species","Animalia","Chordata","Amphibia","Caudata","Ambystomatidae","Ambystoma","Ambystoma californiense"
"377","2235355","Invertebrates","Branchinecta longiantenna","Longhorn Fairy Shrimp","None","None","Branchinecta longiantenna","2235355","No","Eng, Belk & Eriksen, 1990","Species","Animalia","Chordata","Amphibia","Caudata","Ambystomatidae","Ambystoma","Ambystoma californiense"
"378","2235372","Invertebrates","Branchinecta lynchi","Vernal Pool Fairy Shrimp","None","None","Branchinecta lynchi","2235372","No","Eng, Belk & Eriksen, 1990","Species","Animalia","Chordata","Amphibia","Caudata","Ambystomatidae","Ambystoma","Ambystoma californiense"
"379","2235356","Invertebrates","Branchinecta sandiegonensis","San Diego Fairy Shrimp","None","S1","Branchinecta sandiegonensis","2235356","No","Fugate, 1993","Species","Animalia","Chordata","Amphibia","Caudata","Ambystomatidae","Ambystoma","Ambystoma californiense"
"380","5713740","Invertebrates","Brennania belkini","Belkin’s Dune Tabanid Fly","None","S1S2","Brennania belkini","5713740","No","Philip, 1966","Species","Animalia","Chordata","Amphibia","Caudata","Ambystomatidae","Ambystoma","Ambystoma californiense"
"381","4299991","Invertebrates","Brephidium exile","Western Pygmy-Blue","None","E","Brephidium exilis","1932172","No","(Boisduval, 1852) ","Species","Animalia","Chordata","Amphibia","Caudata","Ambystomatidae","Ambystoma","Ambystoma californiense"
"382","2205758","Invertebrates","Calasellus longus","An Isopod","None","S1","Calasellus longus","2205758","No","Bowman, 1981","Species","Animalia","Chordata","Amphibia","Caudata","Ambystomatidae","Ambystoma","Ambystoma californiense"
"383","6902985","Invertebrates","Calicina arida","San Benito Harvestman","None","S1","Calicina arida","6902985","No","Ubick & Briggs, 1989","Species","Animalia","Chordata","Amphibia","Caudata","Ambystomatidae","Ambystoma","Ambystoma californiense"
"384","6902983","Invertebrates","Calicina breva","Stanislaus Harvestman","None","S1","Calicina brevis","11172695","No","(Briggs, 1968) ","Species","Animalia","Chordata","Amphibia","Caudata","Ambystomatidae","Ambystoma","Ambystoma californiense"
"385","6902955","Invertebrates","Calicina cloughensis","Clough Cave Harvestman","None","S1","Calicina cloughensis","6902955","No","(Briggs & Hom, 1967) ","Species","Animalia","Chordata","Amphibia","Caudata","Ambystomatidae","Ambystoma","Ambystoma californiense"
"386","6902975","Invertebrates","Calicina conifera","Crane Flat Harvestman","None","S1","Calicina conifera","6902975","No","Ubick & Briggs, 1989","Species","Animalia","Chordata","Amphibia","Caudata","Ambystomatidae","Ambystoma","Ambystoma californiense"
"387","6902982","Invertebrates","Calicina diminua","Marin Blind Harvestman","None","S1","Calicina diminua","6902982","No","Ubick & Briggs, 1989","Species","Animalia","Chordata","Amphibia","Caudata","Ambystomatidae","Ambystoma","Ambystoma californiense"
"388","6902989","Invertebrates","Calicina dimorphica","Watts Valley Harvestman","None","S1","Calicina dimorphica","6902989","No","Ubick & Briggs, 1989","Species","Animalia","Chordata","Amphibia","Caudata","Ambystomatidae","Ambystoma","Ambystoma californiense"
"389","6902957","Invertebrates","Calicina macula","Marbled Harvestman","None","S1","Calicina macula","6902957","No","(Briggs, 1968) ","Species","Animalia","Chordata","Amphibia","Caudata","Ambystomatidae","Ambystoma","Ambystoma californiense"
"390","6902986","Invertebrates","Calicina mesaensis","Table Mountain Harvestman","None","S1","Calicina mesaensis","6902986","No","Ubick & Briggs, 1989","Species","Animalia","Chordata","Amphibia","Caudata","Ambystomatidae","Ambystoma","Ambystoma californiense"
"391","6902947","Invertebrates","Calicina minor","Edgewood Blind Harvestman","None","S1","Calicina minor","6902947","No","(Briggs & Hom, 1966) ","Species","Animalia","Chordata","Amphibia","Caudata","Ambystomatidae","Ambystoma","Ambystoma californiense"
"392","6902970","Invertebrates","Calicina piedra","Piedra Harvestman","None","S1","Calicina piedra","6902970","No","(Briggs, 1968) ","Species","Animalia","Chordata","Amphibia","Caudata","Ambystomatidae","Ambystoma","Ambystoma californiense"
"393","2179369","Invertebrates","Calileptoneta briggsi","Briggs’ Leptonetid Spider","None","S1","Calileptoneta briggsi","2179369","No","Ledford, 2004","Species","Animalia","Chordata","Amphibia","Caudata","Ambystomatidae","Ambystoma","Ambystoma californiense"
"394","2179366","Invertebrates","Calileptoneta oasa","Andreas Canyon Leptonetid Spider","None","S1","Calileptoneta oasa","2179366","No","(Gertsch, 1974) ","Species","Animalia","Chordata","Amphibia","Caudata","Ambystomatidae","Ambystoma","Ambystoma californiense"
"395","2179368","Invertebrates","Calileptoneta ubicki","Ubick’s Leptonetid Spider","None","S1","Calileptoneta ubicki","2179368","No","Ledford, 2004","Species","Animalia","Chordata","Amphibia","Caudata","Ambystomatidae","Ambystoma","Ambystoma californiense"
"396","2179367","Invertebrates","Calileptoneta wapiti","Mendocino Leptonetid Spider","None","S1","Calileptoneta wapiti","2179367","No","(Gertsch, 1974) ","Species","Animalia","Chordata","Amphibia","Caudata","Ambystomatidae","Ambystoma","Ambystoma californiense"
"397","1932378","Invertebrates","Callophrys (= Mitoura) thornei","Thorne’s Hairstreak","None","E","Callophrys","1932378","No","Billberg, 1820","Genus","Animalia","Chordata","Amphibia","Caudata","Ambystomatidae","Ambystoma","Ambystoma californiense"
"398","4300339","Invertebrates","Callophrys johnsoni","Johnson’s Hairstreak","None","E","Thecla johnsoni","1930481","No","Skinner, 1904","Species","Animalia","Chordata","Amphibia","Caudata","Ambystomatidae","Ambystoma","Ambystoma californiense"
"399","4300280","Invertebrates","Callophrys mossii bayensis","San Bruno Elfin Butterfly","None","None","Callophrys mossii bayensis","4300280","No","R.Brown, 1969","Subspecies","Animalia","Chordata","Amphibia","Caudata","Ambystomatidae","Ambystoma","Ambystoma californiense"
"400","4300278","Invertebrates","Callophrys mossii hidakupa","San Gabriel Mountains Elfin Butterfly","None","S1S2","Callophrys mossii hidakupa","4300278","No","(J.Emmel, T.Emmel & Mattoon, 1998) ","Subspecies","Animalia","Chordata","Amphibia","Caudata","Ambystomatidae","Ambystoma","Ambystoma californiense"
"401","4300314","Invertebrates","Callophrys sheridanii","Sheridan’s Hairstreak","None","E","Thecla sheridanii","1930183","No","Edwards","Species","Animalia","Chordata","Amphibia","Caudata","Ambystomatidae","Ambystoma","Ambystoma californiense"
"402","4300323","Invertebrates","Callophrys sheridanii comstocki","Desert Green Hairstreak","None","S1S2","Callophrys sheridanii comstocki","4300323","No","Henne, 1940","Subspecies","Animalia","Chordata","Amphibia","Caudata","Ambystomatidae","Ambystoma","Ambystoma californiense"
"403","5151990","Invertebrates","Capnia lacustra","Lake Tahoe Benthic Stonefly","None","S1","Capnia lacustra","5151990","No","Jewett, 1965","Species","Animalia","Chordata","Amphibia","Caudata","Ambystomatidae","Ambystoma","Ambystoma californiense"
"404","4674459","Invertebrates","Ceratochrysis bradleyi","Bradley’s Cuckoo Wasp","None","S1","Ceratochrysis","4674459","Yes","Cooper, 1952","Genus","Animalia","Chordata","Amphibia","Caudata","Ambystomatidae","Ambystoma","Ambystoma californiense"
"405","4674459","Invertebrates","Ceratochrysis gracilis","Piute Mountains Cuckoo Wasp","None","S1","Ceratochrysis","4674459","Yes","Cooper, 1952","Genus","Animalia","Chordata","Amphibia","Caudata","Ambystomatidae","Ambystoma","Ambystoma californiense"
"406","4674459","Invertebrates","Ceratochrysis longimala","Desert Cuckoo Wasp","None","S1","Ceratochrysis","4674459","Yes","Cooper, 1952","Genus","Animalia","Chordata","Amphibia","Caudata","Ambystomatidae","Ambystoma","Ambystoma californiense"
"407","4299679","Invertebrates","Cercyonis pegala carsonensis","Carson Valley Wood-Nymph","None","S1S2","Cercyonis pegala carsonensis","4299679","No","Austin, 1992","Subspecies","Animalia","Chordata","Amphibia","Caudata","Ambystomatidae","Ambystoma","Ambystoma californiense"
"408","1915469","Invertebrates","Cercyonis sthenele","Great Basin Wood-Nymph","None","E","Cercyonis sthenele","1915469","No","Boisduval, 1852","Species","Animalia","Chordata","Amphibia","Caudata","Ambystomatidae","Ambystoma","Ambystoma californiense"
"409","1034178","Invertebrates","Chaetarthria leechi","Leech’s Chaetarthrian Water Scavenger Beetle","None","S1","Chaetarthria leechi","1034178","No","D.C.Miller, 1974","Species","Animalia","Chordata","Amphibia","Caudata","Ambystomatidae","Ambystoma","Ambystoma californiense"
"410","1914477","Invertebrates","Chlosyne gabbii","Gabb’s Checkerspot","None","E","Chlosyne gabbii","1914477","No","(Behr, 1863) ","Species","Animalia","Chordata","Amphibia","Caudata","Ambystomatidae","Ambystoma","Ambystoma californiense"
"411","4299157","Invertebrates","Chlosyne leanira elegans","Oso Flaco Patch Checkerspot","None","S1S2","Chlosyne leanira elegans","4299157","No","(Priestaf & J.Emmel, 1998) ","Subspecies","Animalia","Chordata","Amphibia","Caudata","Ambystomatidae","Ambystoma","Ambystoma californiense"
"412","6262764","Invertebrates","Cicindela hirticollis siuslawensis","Siuslaw Hairy-necked Tiger Beetle","None","None","Cicindela hirticollis siuslawensis","6262764","No","Graves, 1988","Subspecies","Animalia","Chordata","Amphibia","Caudata","Ambystomatidae","Ambystoma","Ambystoma californiense"
"413","1034717","Invertebrates","Cicindela latesignata","Western Beach Tiger Beetle","None","S1","Cicindela latesignata","1034717","No","LeConte, 1851","Species","Animalia","Chordata","Amphibia","Caudata","Ambystomatidae","Ambystoma","Ambystoma californiense"
"414","1034911","Invertebrates","Cicindela ohlone","Ohlone Tiger Beetle","None","S1","Cicindela ohlone","1034911","No","Freitag & Kavanaugh, 1993","Species","Animalia","Chordata","Amphibia","Caudata","Ambystomatidae","Ambystoma","Ambystoma californiense"
"415","9245497","Invertebrates","Cicindela senilis frosti","Senile Tiger Beetle","None","S1","Cicindela senilis frosti","9245497","No","Varas-Arangua, 1928","Subspecies","Animalia","Chordata","Amphibia","Caudata","Ambystomatidae","Ambystoma","Ambystoma californiense"
"416","9631562","Invertebrates","Cicindela tranquebarica joaquinensis","San Joaquin Tiger Beetle","None","S1","Cicindela tranquebarica joaquinensis","9631562","No","Knisley & Haines, 2007","Subspecies","Animalia","Chordata","Amphibia","Caudata","Ambystomatidae","Ambystoma","Ambystoma californiense"
"417","6262823","Invertebrates","Cicindela tranquebarica viridissima","Greenest Tiger Beetle","None","S1","Cicindela tranquebarica viridissima","6262823","No","Fall, 1910","Subspecies","Animalia","Chordata","Amphibia","Caudata","Ambystomatidae","Ambystoma","Ambystoma californiense"
"418","8802199","Invertebrates","Cleptes humboldti","Humboldt Cuckoo Wasp","None","S1S2","Cleptes","8802199","No","Latreille, 1802","Genus","Animalia","Chordata","Amphibia","Caudata","Ambystomatidae","Ambystoma","Ambystoma californiense"
"419","5791546","Invertebrates","Coelus globosus","Globose Dune Beetle","None","S1S2","Coelus globosus","5791546","No","LeConte, 1851","Species","Animalia","Chordata","Amphibia","Caudata","Ambystomatidae","Ambystoma","Ambystoma californiense"
"420","5791547","Invertebrates","Coelus gracilis","San Joaquin Dune Beetle","None","S1","Coelus gracilis","5791547","No","Blaisdell, 1939","Species","Animalia","Chordata","Amphibia","Caudata","Ambystomatidae","Ambystoma","Ambystoma californiense"
"421","1057944","Invertebrates","Coenonycha clementina","San Clemente Beetle","None","S1S2","Coenonycha clementina","1057944","No","Casey, 1909","Species","Animalia","Chordata","Amphibia","Caudata","Ambystomatidae","Ambystoma","Ambystoma californiense"
"422","1911112","Invertebrates","Coenonympha tullia","Common Ringlet","None","E","Coenonympha tullia","1911112","No","Müller, 1764","Species","Animalia","Chordata","Amphibia","Caudata","Ambystomatidae","Ambystoma","Ambystoma californiense"
"423","4299724","Invertebrates","Coenonympha tullia yontockett","Yontocket Satyr","None","S1S2","Coenonympha tullia yontocket","4299724","No","Porter & Mattoon, 1989","Subspecies","Animalia","Chordata","Amphibia","Caudata","Ambystomatidae","Ambystoma","Ambystoma californiense"
"424","1441970","Invertebrates","Cryptochia shasta","Confusion Caddisfly","None","S1","Cryptochia shasta","1441970","No","Denning, 1975","Species","Animalia","Chordata","Amphibia","Caudata","Ambystomatidae","Ambystoma","Ambystoma californiense"
"425","4994924","Invertebrates","Cyclocephala wandae","Wandae Dune Beetle","None","S1","Cyclocephala wandae","4994924","No","Hardy, 1974","Species","Animalia","Chordata","Amphibia","Caudata","Ambystomatidae","Ambystoma","Ambystoma californiense"
"426","5714299","Invertebrates","Danaus gilippus","Queen","None","E","Danaus gilippus","5714299","No","(Cramer, 1775) ","Species","Animalia","Chordata","Amphibia","Caudata","Ambystomatidae","Ambystoma","Ambystoma californiense"
"427","5133088","Invertebrates","Danaus plexippus","Monarch","None","None","Danaus plexippus","5133088","No","(Linnaeus, 1758) ","Species","Animalia","Chordata","Amphibia","Caudata","Ambystomatidae","Ambystoma","Ambystoma californiense"
"428","1097480","Invertebrates","Deltaspis ivae","Marsh-Elder Long-horned Beetle","None","S1","Deltaspis ivae","1097480","No","Beierl & Barchet, 2000","Species","Animalia","Chordata","Amphibia","Caudata","Ambystomatidae","Ambystoma","Ambystoma californiense"
"429","4292519","Invertebrates","Desmocerus californicus dimorphus","Valley Elderberry Longhorn Beetle","None","None","Desmocerus californicus dimorphus","4292519","No","Fisher, 1921","Subspecies","Animalia","Chordata","Amphibia","Caudata","Ambystomatidae","Ambystoma","Ambystoma californiense"
"430","1054051","Invertebrates","Dinacoma caseyi","Casey’s June Beetle","None","S1","Dinacoma caseyi","1054051","No","Blaisdell, 1930","Species","Animalia","Chordata","Amphibia","Caudata","Ambystomatidae","Ambystoma","Ambystoma californiense"
"431","1439229","Invertebrates","Diplectrona californica","California Diplectronan Caddisfly","None","S1","Diplectrona californica","1439229","No","Banks, 1914","Species","Animalia","Chordata","Amphibia","Caudata","Ambystomatidae","Ambystoma","Ambystoma californiense"
"432","1033519","Invertebrates","Dubiraphia brunnescens","Brownish Dubiraphian Riffle Beetle","None","S1","Dubiraphia brunnescens","1033519","No","(Fall, 1925) ","Species","Animalia","Chordata","Amphibia","Caudata","Ambystomatidae","Ambystoma","Ambystoma californiense"
"433","5042797","Invertebrates","Dufourea stagei","Stage’s Dufourine Bee","None","S1","Dufourea stagei","5042797","No","Bohart, 1980","Species","Animalia","Chordata","Amphibia","Caudata","Ambystomatidae","Ambystoma","Ambystoma californiense"
"434","7615091","Invertebrates","Dumontia oregonensis","Hairy Water Flea","None","S1","Dumontia oregonensis","7615091","No","Santos-Flores & Dodson, 2003","Species","Animalia","Chordata","Amphibia","Caudata","Ambystomatidae","Ambystoma","Ambystoma californiense"
"435","1659675","Invertebrates","Efferia antiochi","Antioch Efferian Robberfly","None","S1S2","Efferia antiochi","1659675","No","Wilcox, 1966","Species","Animalia","Chordata","Amphibia","Caudata","Ambystomatidae","Ambystoma","Ambystoma californiense"
"436","1035540","Invertebrates","Elaphrus viridis","Delta Green Ground Beetle","None","S1","Elaphrus viridis","1035540","No","G.Horn, 1878","Species","Animalia","Chordata","Amphibia","Caudata","Ambystomatidae","Ambystoma","Ambystoma californiense"
"437","2296204","Invertebrates","Eremarionta immaculata","White Desertsnail","None","S1","Eremarionta immaculata","2296204","No","(Willett, 1937) ","Species","Animalia","Chordata","Amphibia","Caudata","Ambystomatidae","Ambystoma","Ambystoma californiense"
"438","2296203","Invertebrates","Eremarionta millepalmarum","Thousand Palms Desertsnail","None","S1","Eremarionta millepalmarum","2296203","No","(S.S.Berry, 1930) ","Species","Animalia","Chordata","Amphibia","Caudata","Ambystomatidae","Ambystoma","Ambystoma californiense"
"439","2296201","Invertebrates","Eremarionta morongoana","Morongo (=Colorado) Desertsnail","None","S1","Eremarionta morongoana","2296201","No","(S.S.Berry, 1929) ","Species","Animalia","Chordata","Amphibia","Caudata","Ambystomatidae","Ambystoma","Ambystoma californiense"
"440","5783514","Invertebrates","Eremarionta rowelli bakerensis","Baker’s Desertsnail","None","S1","Eremarionta rowelli bakerensis","5783514","No","(Pilsbry & H.N.Lowe, 1934) ","Subspecies","Animalia","Chordata","Amphibia","Caudata","Ambystomatidae","Ambystoma","Ambystoma californiense"
"441","5783513","Invertebrates","Eremarionta rowelli mccoiana","California Mccoy Snail","None","S1","Eremarionta rowelli mccoiana","5783513","No","(Willett, 1935) ","Subspecies","Animalia","Chordata","Amphibia","Caudata","Ambystomatidae","Ambystoma","Ambystoma californiense"
"442","5977260","Invertebrates","Erynnis funeralis","Funereal Duskywing","None","E","Erynnis funeralis","5977260","No","(Scudder & Burgess, 1870) ","Species","Animalia","Chordata","Amphibia","Caudata","Ambystomatidae","Ambystoma","Ambystoma californiense"
"443","5977214","Invertebrates","Erynnis propertius","Propertius Duskywing","None","E","Erynnis propertius","5977214","No","(Scudder & Burgess, 1870) ","Species","Animalia","Chordata","Amphibia","Caudata","Ambystomatidae","Ambystoma","Ambystoma californiense"
"444","1919327","Invertebrates","Euchloe ausonides","Large Marble","None","E","Euchloe ausonides","1919327","No","(Lucas, 1852) ","Species","Animalia","Chordata","Amphibia","Caudata","Ambystomatidae","Ambystoma","Ambystoma californiense"
"445","1312082","Invertebrates","Euparagia unidentata","A Wasp","None","S1S2","Euparagia","1312082","No","Cresson, 1879","Genus","Animalia","Chordata","Amphibia","Caudata","Ambystomatidae","Ambystoma","Ambystoma californiense"
"446","12219036","Invertebrates","Euphilotes allyni","El Segundo Blue Butterfly","None","S1","Euphilotes allyni","12219036","No","","Species","Animalia","Chordata","Amphibia","Caudata","Ambystomatidae","Ambystoma","Ambystoma californiense"
"447","4300198","Invertebrates","Euphilotes baueri","Bauer’s Blue","None","S1S2","Euphilotes baueri","4300198","No","(Shields, 1975) ","Species","Animalia","Chordata","Amphibia","Caudata","Ambystomatidae","Ambystoma","Ambystoma californiense"
"448","4300190","Invertebrates","Euphilotes enoptes aridorum","Peavine Blue","None","E","Euphilotes enoptes aridorum","4300190","No","Austin, 1998","Subspecies","Animalia","Chordata","Amphibia","Caudata","Ambystomatidae","Ambystoma","Ambystoma californiense"
"449","4300193","Invertebrates","Euphilotes enoptes smithi","Smith’s Blue Butterfly","None","None","Euphilotes enoptes smithi","4300193","No","(Mattoni, 1954) ","Subspecies","Animalia","Chordata","Amphibia","Caudata","Ambystomatidae","Ambystoma","Ambystoma californiense"
"450","4300203","Invertebrates","Euphilotes pallescens calneva","Pallid Blue","None","E","Euphilotes pallescens calneva","4300203","No","J.Emmel & T.Emmel, 1998","Subspecies","Animalia","Chordata","Amphibia","Caudata","Ambystomatidae","Ambystoma","Ambystoma californiense"
"451","4299304","Invertebrates","Euphydryas chalcedona","Variable Checkerspot","None","E","Occidryas chalcedona","1908055","No","(Doubleday) ","Species","Animalia","Chordata","Amphibia","Caudata","Ambystomatidae","Ambystoma","Ambystoma californiense"
"452","4299317","Invertebrates","Euphydryas editha bayensis","Bay Checkerspot Butterfly","None","None","Euphydryas editha bayensis","4299317","No","Sternitzky, 1937","Subspecies","Animalia","Chordata","Amphibia","Caudata","Ambystomatidae","Ambystoma","Ambystoma californiense"
"453","4299334","Invertebrates","Euphydryas editha monoensis","Mono Lake Checkerspot","None","S1S2","Euphydryas editha monoensis","4299334","No","Gunder, 1928","Subspecies","Animalia","Chordata","Amphibia","Caudata","Ambystomatidae","Ambystoma","Ambystoma californiense"
"454","4299338","Invertebrates","Euphydryas editha quino","Quino Checkerspot Butterfly","None","S1S2","Euphydryas editha quino","4299338","No","(Behr, 1863) ","Subspecies","Animalia","Chordata","Amphibia","Caudata","Ambystomatidae","Ambystoma","Ambystoma californiense"
"455","4301694","Invertebrates","Euphyes vestris harbisoni","Dun Skipper","None","S1S2","Euphyes vestris harbisoni","4301694","No","J.Brown & McGuire, 1983","Subspecies","Animalia","Chordata","Amphibia","Caudata","Ambystomatidae","Ambystoma","Ambystoma californiense"
"456","1862664","Invertebrates","Euproserpinus euterpe","Kern Primrose Sphinx Moth","None","S1","Euproserpinus euterpe","1862664","No","Edwards, 1888","Species","Animalia","Chordata","Amphibia","Caudata","Ambystomatidae","Ambystoma","Ambystoma californiense"
"457","2126161","Invertebrates","Fissilicreagris imperialis","Empire Cave Pseudoscorpion","None","S1","Fissilicreagris imperialis","2126161","No","(Muchmore, 1969) ","Species","Animalia","Chordata","Amphibia","Caudata","Ambystomatidae","Ambystoma","Ambystoma californiense"
"458","4300162","Invertebrates","Glauchopsyche piasus gabrielina","Arrowhead Blue","None","E","Glaucopsyche piasus gabrielina","4300162","No","J.Emmel, T.Emmel & Mattoon, 1998","Subspecies","Animalia","Chordata","Amphibia","Caudata","Ambystomatidae","Ambystoma","Ambystoma californiense"
"459","1924106","Invertebrates","Glaucopsyche lygdamus","Silvery Blue","None","E","Glaucopsyche lygdamus","1924106","No","(Doubleday, 1842) ","Species","Animalia","Chordata","Amphibia","Caudata","Ambystomatidae","Ambystoma","Ambystoma californiense"
"460","4300145","Invertebrates","Glaucopsyche lygdamus palosverdesensis","Palos Verdes Blue Butterfly","None","S1","Glaucopsyche lygdamus palosverdesensis","4300145","No","Perkins & Emmel, 1977","Subspecies","Animalia","Chordata","Amphibia","Caudata","Ambystomatidae","Ambystoma","Ambystoma californiense"
"461","2287883","Invertebrates","Gonidea angulata","Western Ridged Mussel","None","None","Gonidea angulata","2287883","No","(I.Lea, 1838) ","Species","Animalia","Chordata","Amphibia","Caudata","Ambystomatidae","Ambystoma","Ambystoma californiense"
"462","1922676","Invertebrates","Habrodais grunus","Golden Hairstreak","None","E","Habrodais grunus","1922676","No","(Boisduval, 1852) ","Species","Animalia","Chordata","Amphibia","Caudata","Ambystomatidae","Ambystoma","Ambystoma californiense"
"463","7716204","Invertebrates","Habroscelimorpha gabbii","Western Tidal-flat Tiger Beetle","None","S1","Eunota gabbii","11159764","No","(G.Horn, 1867) ","Species","Animalia","Chordata","Amphibia","Caudata","Ambystomatidae","Ambystoma","Ambystoma californiense"
"464","2293069","Invertebrates","Haliotis corrugata","Pink Abalone","None","NT","Haliotis corrugata","2293069","No","W.Wood, 1828","Species","Animalia","Chordata","Amphibia","Caudata","Ambystomatidae","Ambystoma","Ambystoma californiense"
"465","2293077","Invertebrates","Haliotis cracherodii","Black Abalone","None","NT","Haliotis cracherodii","2293077","No","Leach, 1814","Species","Animalia","Chordata","Amphibia","Caudata","Ambystomatidae","Ambystoma","Ambystoma californiense"
"466","2293073","Invertebrates","Haliotis fulgens","Green Abalone","None","NT","Haliotis fulgens","2293073","No","R.A.Philippi, 1845","Species","Animalia","Chordata","Amphibia","Caudata","Ambystomatidae","Ambystoma","Ambystoma californiense"
"467","2293082","Invertebrates","Haliotis kamtschatkana","Pinto Abalone","None","NT","Haliotis kamtschatkana","2293082","No","Jonas, 1845","Species","Animalia","Chordata","Amphibia","Caudata","Ambystomatidae","Ambystoma","Ambystoma californiense"
"468","2293078","Invertebrates","Haliotis rufescens","Red Abalone","None","NT","Haliotis rufescens","2293078","No","Swainson, 1822","Species","Animalia","Chordata","Amphibia","Caudata","Ambystomatidae","Ambystoma","Ambystoma californiense"
"469","2293070","Invertebrates","Haliotis sorenseni","White Abalone","None","NT","Haliotis sorenseni","2293070","No","Bartsch, 1940","Species","Animalia","Chordata","Amphibia","Caudata","Ambystomatidae","Ambystoma","Ambystoma californiense"
"470","2293079","Invertebrates","Haliotis walallensis","Flat Abalone","None","NT","Haliotis walallensis","2293079","No","Stearns, 1899","Species","Animalia","Chordata","Amphibia","Caudata","Ambystomatidae","Ambystoma","Ambystoma californiense"
"471","2295983","Invertebrates","Haplotrema catalinense","Santa Catalina Lancetooth","None","S1","Haplotrema catalinense","2295983","No","(Hemphill, 1890) ","Species","Animalia","Chordata","Amphibia","Caudata","Ambystomatidae","Ambystoma","Ambystoma californiense"
"472","8934105","Invertebrates","Hedychridium argenteum","Riverside Cuckoo Wasp","None","S1S2","Hedychridium","8934105","Yes","Abeille de Perrin, 1878","Genus","Animalia","Chordata","Amphibia","Caudata","Ambystomatidae","Ambystoma","Ambystoma californiense"
"473","8934105","Invertebrates","Hedychridium milleri","Borax Lake Cuckoo Wasp","None","S1","Hedychridium","8934105","Yes","Abeille de Perrin, 1878","Genus","Animalia","Chordata","Amphibia","Caudata","Ambystomatidae","Ambystoma","Ambystoma californiense"
"474","5189725","Invertebrates","Helisoma newberryi","Great Basin Rams-horn","None","S1S2","Helisoma newberryi","5189725","No","(I.Lea, 1858) ","Species","Animalia","Chordata","Amphibia","Caudata","Ambystomatidae","Ambystoma","Ambystoma californiense"
"475","2296185","Invertebrates","Helminthoglypta allynsmithi","Merced Canyon Shoulderband","None","S1","Helminthoglypta allynsmithi","2296185","No","Pilsbry, 1939","Species","Animalia","Chordata","Amphibia","Caudata","Ambystomatidae","Ambystoma","Ambystoma californiense"
"476","9012792","Invertebrates","Helminthoglypta arrosa monticola","Mountain Shoulderband","None","S1","Helminthoglypta arrosa monticola","9012792","No","B.Roth, 1982","Subspecies","Animalia","Chordata","Amphibia","Caudata","Ambystomatidae","Ambystoma","Ambystoma californiense"
"477","5783504","Invertebrates","Helminthoglypta arrosa pomoensis","Pomo Bronze Shoulderband","None","S1","Helminthoglypta arrosa pomoensis","5783504","No","A.G.Smith, 1938","Subspecies","Animalia","Chordata","Amphibia","Caudata","Ambystomatidae","Ambystoma","Ambystoma californiense"
"478","2296145","Invertebrates","Helminthoglypta callistoderma","Kern Shoulderband","None","S1","Helminthoglypta callistoderma","2296145","No","(Pilsbry & Ferriss, 1919) ","Species","Animalia","Chordata","Amphibia","Caudata","Ambystomatidae","Ambystoma","Ambystoma californiense"
"479","2296176","Invertebrates","Helminthoglypta coelata","Mesa Shoulderband","None","S1","Helminthoglypta coelata","2296176","No","(Bartsch, 1916) ","Species","Animalia","Chordata","Amphibia","Caudata","Ambystomatidae","Ambystoma","Ambystoma californiense"
"480","2296143","Invertebrates","Helminthoglypta fontiphila","Soledad Shoulderband","None","S1","Helminthoglypta fontiphila","2296143","No","Gregg, 1931","Species","Animalia","Chordata","Amphibia","Caudata","Ambystomatidae","Ambystoma","Ambystoma californiense"
"481","2296184","Invertebrates","Helminthoglypta hertleini","Oregon Shoulderband","None","S1S2","Helminthoglypta hertleini","2296184","No","G.D.Hanna & A.G.Smith, 1937","Species","Animalia","Chordata","Amphibia","Caudata","Ambystomatidae","Ambystoma","Ambystoma californiense"
"482","2296124","Invertebrates","Helminthoglypta milleri","Peak Shoulderband","None","S1","Helminthoglypta milleri","2296124","No","Reeder, 1986","Species","Animalia","Chordata","Amphibia","Caudata","Ambystomatidae","Ambystoma","Ambystoma californiense"
"483","2296188","Invertebrates","Helminthoglypta mohaveana","Victorville Shoulderband","None","S1","Helminthoglypta mohaveana","2296188","No","S.S.Berry, 1927","Species","Animalia","Chordata","Amphibia","Caudata","Ambystomatidae","Ambystoma","Ambystoma californiense"
"484","5783505","Invertebrates","Helminthoglypta nickliniana awania","Peninsula Coast Range Shoulderband","None","S1","Helminthoglypta nickliniana awania","5783505","No","(Bartsch, 1919) ","Subspecies","Animalia","Chordata","Amphibia","Caudata","Ambystomatidae","Ambystoma","Ambystoma californiense"
"485","5783500","Invertebrates","Helminthoglypta nickliniana bridgesi","Bridges’ Coast Range Shoulderband","None","S1S2","Helminthoglypta nickliniana bridgesii","5783500","No","(Newcomb, 1861) ","Subspecies","Animalia","Chordata","Amphibia","Caudata","Ambystomatidae","Ambystoma","Ambystoma californiense"
"486","5783506","Invertebrates","Helminthoglypta sequoicola consors","Redwood Shoulderband","None","S1","Helminthoglypta sequoicola consors","5783506","No","S.S.Berry, 1938","Subspecies","Animalia","Chordata","Amphibia","Caudata","Ambystomatidae","Ambystoma","Ambystoma californiense"
"487","9870030","Invertebrates","Helminthoglypta stiversiana williamsi","Williams’ Bronze Shoulderband","None","S1","Helminthoglypta stiversiana williamsi","9870030","No","A.G.Smith, 1938","Subspecies","Animalia","Chordata","Amphibia","Caudata","Ambystomatidae","Ambystoma","Ambystoma californiense"
"488","2296173","Invertebrates","Helminthoglypta taylori","Westfork Shoulderband","None","S1","Helminthoglypta taylori","2296173","No","Reeder & B.Roth, 1988","Species","Animalia","Chordata","Amphibia","Caudata","Ambystomatidae","Ambystoma","Ambystoma californiense"
"489","10264470","Invertebrates","Helminthoglypta traskii pacoimensis","Pacoima Shoulderband","None","S1","Helminthoglypta traskii pacoimensis","10264470","No","Gregg, 1931","Subspecies","Animalia","Chordata","Amphibia","Caudata","Ambystomatidae","Ambystoma","Ambystoma californiense"
"490","2296139","Invertebrates","Helminthoglypta uvasana","Grapevine Shoulderband","None","S1","Helminthoglypta uvasana","2296139","No","B.Roth & Hochberg, 1992","Species","Animalia","Chordata","Amphibia","Caudata","Ambystomatidae","Ambystoma","Ambystoma californiense"
"491","2296131","Invertebrates","Helminthoglypta vasquezi","Vasquez Shoulderband","None","S1","Helminthoglypta vasquezi","2296131","No","B.Roth & Hochberg, 1992","Species","Animalia","Chordata","Amphibia","Caudata","Ambystomatidae","Ambystoma","Ambystoma californiense"
"492","2296175","Invertebrates","Helminthoglypta walkeriana","Morro Shoulderband","None","None","Helminthoglypta walkeriana","2296175","No","(Hemphill, 1911) ","Species","Animalia","Chordata","Amphibia","Caudata","Ambystomatidae","Ambystoma","Ambystoma californiense"
"493","2296090","Invertebrates","Herpeteros angelus","Soledad Desertsnail","None","S1","Herpeteros angelus","2296090","No","(Gregg, 1949) ","Species","Animalia","Chordata","Amphibia","Caudata","Ambystomatidae","Ambystoma","Ambystoma californiense"
"494","5715101","Invertebrates","Hesperia miriamae longaevicola","White Mountains Skipper","None","S1","Hesperia miriamae longaevicola","5715101","No","McGuire, 1998","Subspecies","Animalia","Chordata","Amphibia","Caudata","Ambystomatidae","Ambystoma","Ambystoma californiense"
"495","5715051","Invertebrates","Hesperia uncas giuliani","Mono Basin Skipper","None","E","Hesperia uncas giulianii","5715051","No","McGuire, 1998","Subspecies","Animalia","Chordata","Amphibia","Caudata","Ambystomatidae","Ambystoma","Ambystoma californiense"
"496","5715197","Invertebrates","Hesperopsis gracielae","Mcneill’s Saltbush Sootywing","None","S1S2","Pholisora gracielae","1951215","No","MacNeill, 1970","Species","Animalia","Chordata","Amphibia","Caudata","Ambystomatidae","Ambystoma","Ambystoma californiense"
"497","5173909","Invertebrates","Hubbardia idria","Idria Short-tailed Whipscorpion","None","S1","Hubbardia idria","5173909","No","Reddell & Cokendolpher, 1991","Species","Animalia","Chordata","Amphibia","Caudata","Ambystomatidae","Ambystoma","Ambystoma californiense"
"498","5173911","Invertebrates","Hubbardia secoensis","Arroyo Seco Short-tailed Whipscorpion","None","S1","Hubbardia secoensis","5173911","No","(Briggs & Hom, 1988) ","Species","Animalia","Chordata","Amphibia","Caudata","Ambystomatidae","Ambystoma","Ambystoma californiense"
"499","5173908","Invertebrates","Hubbardia shoshonensis","Shoshone Cave Whip-Scorpion","None","S1","Hubbardia shoshonensis","5173908","No","(Briggs & Hom, 1972) ","Species","Animalia","Chordata","Amphibia","Caudata","Ambystomatidae","Ambystoma","Ambystoma californiense"
"500","2217677","Invertebrates","Hyalella muerta","Texas Spring Amphipod","None","S1","Hyalella muerta","2217677","No","Baldinger, Shepard & Threloff, 2000","Species","Animalia","Chordata","Amphibia","Caudata","Ambystomatidae","Ambystoma","Ambystoma californiense"
"501","2217675","Invertebrates","Hyalella sandra","Death Valley Amphipod","None","S1","Hyalella sandra","2217675","No","Baldinger, Shepard & Threloff, 2000","Species","Animalia","Chordata","Amphibia","Caudata","Ambystomatidae","Ambystoma","Ambystoma californiense"
"502","1038599","Invertebrates","Hygrotus fontinalis","Travertine Band-thigh Diving Beetle","None","S1","Hygrotus fontinalis","1038599","No","Leech, 1966","Species","Animalia","Chordata","Amphibia","Caudata","Ambystomatidae","Ambystoma","Ambystoma californiense"
"503","1932056","Invertebrates","Icaricia icarioides albihalos","White Mountains Icarioides Blue Butterfly","None","S1","Icaricia icarioides","1932056","Yes","(Boisduval, 1852) ","Species","Animalia","Chordata","Amphibia","Caudata","Ambystomatidae","Ambystoma","Ambystoma californiense"
"504","4300078","Invertebrates","Icaricia icarioides missionensis","Mission Blue Butterfly","None","None","Icaricia icarioides missionensis","4300078","No","(Hovanitz, 1937) ","Subspecies","Animalia","Chordata","Amphibia","Caudata","Ambystomatidae","Ambystoma","Ambystoma californiense"
"505","1932056","Invertebrates","Icaricia icarioides parapheres","Point Reyes Blue Butterfly","None","S1","Icaricia icarioides","1932056","Yes","(Boisduval, 1852) ","Species","Animalia","Chordata","Amphibia","Caudata","Ambystomatidae","Ambystoma","Ambystoma californiense"
"506","10570752","Invertebrates","Icaricia saepiolus albomontanus","White Mountains Saepiolus Blue Butterfly","None","S1","Icaricia saepiolus","10570752","Yes","","Species","Animalia","Chordata","Amphibia","Caudata","Ambystomatidae","Ambystoma","Ambystoma californiense"
"507","10570752","Invertebrates","Icaricia saepiolus aureolus","San Gabriel Mountains Blue Butterfly","None","S1","Icaricia saepiolus","10570752","Yes","","Species","Animalia","Chordata","Amphibia","Caudata","Ambystomatidae","Ambystoma","Ambystoma californiense"
"508","10570752","Invertebrates","Icaricia saepiolus littoralis","Sierra Navada Greenish Blue","None","E","Icaricia saepiolus","10570752","Yes","","Species","Animalia","Chordata","Amphibia","Caudata","Ambystomatidae","Ambystoma","Ambystoma californiense"
"509","1692831","Invertebrates","Idiostatus kathleenae","Pinnacles Shield Back Katydid","None","S1S2","Idiostatus kathleenae","1692831","No","Rentz, 1973","Species","Animalia","Chordata","Amphibia","Caudata","Ambystomatidae","Ambystoma","Ambystoma californiense"
"510","1692824","Invertebrates","Idiostatus middlekauffi","Middlekauff’s Shieldback Katydid","None","S1","Idiostatus middlekauffi","1692824","No","Rentz, 1973","Species","Animalia","Chordata","Amphibia","Caudata","Ambystomatidae","Ambystoma","Ambystoma californiense"
"511","9836021","Invertebrates","Ipnobius robustus","Robust Tryonia","None","S1","Ipnobius robustus","9836021","No","(Hershler, 1989) ","Species","Animalia","Chordata","Amphibia","Caudata","Ambystomatidae","Ambystoma","Ambystoma californiense"
"512","9818873","Invertebrates","Juga chacei","Chace Juga","None","S1","Juga nigrina","2301994","No","(I.Lea, 1856) ","Species","Animalia","Chordata","Amphibia","Caudata","Ambystomatidae","Ambystoma","Ambystoma californiense"
"513","2301990","Invertebrates","Juga occata","Scalloped Juga","None","S1","Juga occata","2301990","No","(Hinds, 1844) ","Species","Animalia","Chordata","Amphibia","Caudata","Ambystomatidae","Ambystoma","Ambystoma californiense"
"514","6004182","Invertebrates","Juniperella mirabilis","Juniper Metallic Wood-boring Beetle","None","S1","Juniperella mirabilis","6004182","No","Knull, 1947","Species","Animalia","Chordata","Amphibia","Caudata","Ambystomatidae","Ambystoma","Ambystoma californiense"
"515","2125295","Invertebrates","Larca laceyi","Lacey’s Cave Pseudoscorpion","None","S1","Larca laceyi","2125295","No","Muchmore, 1981","Species","Animalia","Chordata","Amphibia","Caudata","Ambystomatidae","Ambystoma","Ambystoma californiense"
"516","5054471","Invertebrates","Lepidostoma ermanae","Cold Spring Caddisfly","None","S1","Lepidostoma ermanae","5054471","No","Weaver, 1988","Species","Animalia","Chordata","Amphibia","Caudata","Ambystomatidae","Ambystoma","Ambystoma californiense"
"517","5180071","Invertebrates","Lepidurus packardi","Vernal Pool Tadpole Shrimp","None","None","Lepidurus packardi","5180071","No","Simon, 1886","Species","Animalia","Chordata","Amphibia","Caudata","Ambystomatidae","Ambystoma","Ambystoma californiense"
"518","6004163","Invertebrates","Lepismadora algodones","Algodones Sand Jewel Beetle","None","S1S2","Lepismadora algodones","6004163","No","Velten, 1987","Species","Animalia","Chordata","Amphibia","Caudata","Ambystomatidae","Ambystoma","Ambystoma californiense"
"519","1071850","Invertebrates","Lichnanthe albipilosa","White Sand Bear Scarab Beetle","None","S1","Lichnanthe albipilosa","1071850","No","Carlson, 1980","Species","Animalia","Chordata","Amphibia","Caudata","Ambystomatidae","Ambystoma","Ambystoma californiense"
"520","1442614","Invertebrates","Limnephilus atercus","Fort Dick Limnephilus Caddisfly","None","S1S2","Limnephilus atercus","1442614","No","Denning, 1965","Species","Animalia","Chordata","Amphibia","Caudata","Ambystomatidae","Ambystoma","Ambystoma californiense"
"521","5180096","Invertebrates","Linderiella santarosae","Santa Rosa Plateau Fairy Shrimp","None","S1","Linderiella santarosae","5180096","No","Thiéry & Fugate, 1994","Species","Animalia","Chordata","Amphibia","Caudata","Ambystomatidae","Ambystoma","Ambystoma californiense"
"522","5139432","Invertebrates","Lycaena gorgon","Gorgon Copper","None","E","Lycaena gorgon","5139432","No","(Boisduval, 1852) ","Species","Animalia","Chordata","Amphibia","Caudata","Ambystomatidae","Ambystoma","Ambystoma californiense"
"523","5714572","Invertebrates","Lycaena helloides","Purplish Copper","None","E","Lycaena helloides","5714572","No","(Boisduval, 1852) ","Species","Animalia","Chordata","Amphibia","Caudata","Ambystomatidae","Ambystoma","Ambystoma californiense"
"524","5714554","Invertebrates","Lycaena hermes","Hermes Copper Butterfly","None","S1","Hermelycaena hermes","1925408","No","(Edwards, 1870) ","Species","Animalia","Chordata","Amphibia","Caudata","Ambystomatidae","Ambystoma","Ambystoma californiense"
"525","5714605","Invertebrates","Lycaena rubidus incana","White Mountains Copper","None","S1","Lycaena rubidus incana","5714605","No","Austin, 1998","Subspecies","Animalia","Chordata","Amphibia","Caudata","Ambystomatidae","Ambystoma","Ambystoma californiense"
"526","5139594","Invertebrates","Lycaena xanthoides","Great Copper","None","E","Lycaena xanthoides","5139594","No","(Boisduval, 1852) ","Species","Animalia","Chordata","Amphibia","Caudata","Ambystomatidae","Ambystoma","Ambystoma californiense"
"527","1046590","Invertebrates","Lytta insperata","Mojave Desert Blister Beetle","None","S1S2","Lytta insperata","1046590","No","(Horn, 1874) ","Species","Animalia","Chordata","Amphibia","Caudata","Ambystomatidae","Ambystoma","Ambystoma californiense"
"528","2287872","Invertebrates","Margaritifera falcata","Western Pearlshell","None","S1S2","Margaritifera falcata","2287872","No","(A.Gould, 1850) ","Species","Animalia","Chordata","Amphibia","Caudata","Ambystomatidae","Ambystoma","Ambystoma californiense"
"529","1336454","Invertebrates","Megachile bradleyi","A Leafcutter Bee","None","E","Megachile bradleyi","1336454","No","Mitchell, 1933","Species","Animalia","Chordata","Amphibia","Caudata","Ambystomatidae","Ambystoma","Ambystoma californiense"
"530","1657437","Invertebrates","Metapogon hurdi","Hurd’s Metapogon Robberfly","None","S1S2","Metapogon hurdi","1657437","No","Wilcox, 1964","Species","Animalia","Chordata","Amphibia","Caudata","Ambystomatidae","Ambystoma","Ambystoma californiense"
"531","2296093","Invertebrates","Micrarionta feralis","San Nicolas Islandsnail","None","S1","Micrarionta feralis","2296093","No","(Hemphill, 1901) ","Species","Animalia","Chordata","Amphibia","Caudata","Ambystomatidae","Ambystoma","Ambystoma californiense"
"532","2296096","Invertebrates","Micrarionta gabbii","San Clemente Islandsnail","None","S1","Micrarionta gabbii","2296096","No","(Newcomb, 1864) ","Species","Animalia","Chordata","Amphibia","Caudata","Ambystomatidae","Ambystoma","Ambystoma californiense"
"533","2296094","Invertebrates","Micrarionta opuntia","Pricklypear Islandsnail","None","S1","Micrarionta opuntia","2296094","No","B.Roth, 1975","Species","Animalia","Chordata","Amphibia","Caudata","Ambystomatidae","Ambystoma","Ambystoma californiense"
"534","7733357","Invertebrates","Microbembex elegans","Algodones Elegant Sand Wasp","None","S1","Microbembex elegans","7733357","No","Griswold, 1996","Species","Animalia","Chordata","Amphibia","Caudata","Ambystomatidae","Ambystoma","Ambystoma californiense"
"535","6908675","Invertebrates","Microcina edgewoodensis","Edgewood Park Micro-blind Harvestman","None","S1","Microcina edgewoodensis","6908675","No","Briggs & Ubick, 1989","Species","Animalia","Chordata","Amphibia","Caudata","Ambystomatidae","Ambystoma","Ambystoma californiense"
"536","6908674","Invertebrates","Microcina jungi","Jung’s Micro-blind Harvestman","None","S1","Microcina jungi","6908674","No","Briggs & Ubick, 1989","Species","Animalia","Chordata","Amphibia","Caudata","Ambystomatidae","Ambystoma","Ambystoma californiense"
"537","6908673","Invertebrates","Microcina leei","Lee’s Micro-blind Harvestman","None","S1","Microcina leei","6908673","No","Briggs & Ubick, 1989","Species","Animalia","Chordata","Amphibia","Caudata","Ambystomatidae","Ambystoma","Ambystoma californiense"
"538","6908679","Invertebrates","Microcina lumi","Lum’s Micro-blind Harvestman","None","S1","Microcina lumi","6908679","No","Briggs & Ubick, 1989","Species","Animalia","Chordata","Amphibia","Caudata","Ambystomatidae","Ambystoma","Ambystoma californiense"
"539","1033609","Invertebrates","Microcylloepus formicoideus","Furnace Creek Riffle Beetle","None","S1","Microcylloepus formicoideus","1033609","No","Shepard, 1990","Species","Animalia","Chordata","Amphibia","Caudata","Ambystomatidae","Ambystoma","Ambystoma californiense"
"540","5783511","Invertebrates","Monadenia fidelis pronotis","Rocky Coast Pacific Sideband","None","S1","Monadenia fidelis pronotis","5783511","No","S.S.Berry, 1931","Subspecies","Animalia","Chordata","Amphibia","Caudata","Ambystomatidae","Ambystoma","Ambystoma californiense"
"541","10247626","Invertebrates","Monadenia infumata ochromphalus","Yellow-based Sideband","None","S1S2","Monadenia infumata ochromphalus","10247626","No","S.S.Berry, 1937","Subspecies","Animalia","Chordata","Amphibia","Caudata","Ambystomatidae","Ambystoma","Ambystoma californiense"
"542","10040426","Invertebrates","Monadenia infumata setosa","Trinity Bristle Snail","None","None","Monadenia infumata setosa","10040426","No","Talmadge, 1952","Subspecies","Animalia","Chordata","Amphibia","Caudata","Ambystomatidae","Ambystoma","Ambystoma californiense"
"543","5191177","Invertebrates","Monadenia marmarotis","Marble Sideband","None","S1","Monadenia marmarotis","5191177","No","S.S.Berry, 1940","Species","Animalia","Chordata","Amphibia","Caudata","Ambystomatidae","Ambystoma","Ambystoma californiense"
"544","5783508","Invertebrates","Monadenia mormonum buttoni","Button’s Sierra Sideband","None","S1S2","Monadenia mormonum buttoni","5783508","No","(Pilsbry, 1900) ","Subspecies","Animalia","Chordata","Amphibia","Caudata","Ambystomatidae","Ambystoma","Ambystoma californiense"
"545","5783510","Invertebrates","Monadenia mormonum hirsuta","Hirsute Sierra Sideband","None","S1","Monadenia mormonum hirsuta","5783510","No","Pilsbry, 1927","Subspecies","Animalia","Chordata","Amphibia","Caudata","Ambystomatidae","Ambystoma","Ambystoma californiense"
"546","5191173","Invertebrates","Monadenia tuolumneana","Tuolumne Sideband","None","S1","Monadenia tuolumneana","5191173","No","S.S.Berry, 1955","Species","Animalia","Chordata","Amphibia","Caudata","Ambystomatidae","Ambystoma","Ambystoma californiense"
"547","5191163","Invertebrates","Monadenia yosemitensis","Yosemite Sideband","None","S1S2","Monadenia yosemitensis","5191163","No","(H.N.Lowe, 1916) ","Species","Animalia","Chordata","Amphibia","Caudata","Ambystomatidae","Ambystoma","Ambystoma californiense"
"548","8211805","Invertebrates","Nebria darlingtoni","South Forks Ground Beetle","None","S1","Nebria darlingtoni","8211805","No","Kavanaugh, 1979","Species","Animalia","Chordata","Amphibia","Caudata","Ambystomatidae","Ambystoma","Ambystoma californiense"
"549","8879816","Invertebrates","Nebria gebleri siskiyouensis","Siskiyou Ground Beetle","None","S1S2","Nebria gebleri siskiyouensis","8879816","No","Kavanaugh, 1979","Subspecies","Animalia","Chordata","Amphibia","Caudata","Ambystomatidae","Ambystoma","Ambystoma californiense"
"550","8855934","Invertebrates","Nebria sahlbergii triad","Trinity Alps Ground Beetle","None","S1","Nebria sahlbergii triad","8855934","No","Kavanaugh, 1979","Subspecies","Animalia","Chordata","Amphibia","Caudata","Ambystomatidae","Ambystoma","Ambystoma californiense"
"551","5167522","Invertebrates","Neochthonius imperialis","Empire Cave Pseudoscorpion","None","S1","Neochthonius imperialis","5167522","No","Muchmore, 1996","Species","Animalia","Chordata","Amphibia","Caudata","Ambystomatidae","Ambystoma","Ambystoma californiense"
"552","1441546","Invertebrates","Neothremma siskiyou","Siskiyou Caddisfly","None","S1","Neothremma siskiyou","1441546","No","Denning, 1975","Species","Animalia","Chordata","Amphibia","Caudata","Ambystomatidae","Ambystoma","Ambystoma californiense"
"553","1946853","Invertebrates","Ochlodes agricola","Rural Skipper","None","E","Ochlodes agricola","1946853","No","(Boisduval, 1852) ","Species","Animalia","Chordata","Amphibia","Caudata","Ambystomatidae","Ambystoma","Ambystoma californiense"
"554","6005249","Invertebrates","Ochthebius recticulus","Wilbur Springs Minute Moss Beetle","None","S1","Ochthebius recticulus","6005249","No","Perkins, 1980","Species","Animalia","Chordata","Amphibia","Caudata","Ambystomatidae","Ambystoma","Ambystoma californiense"
"555","1037158","Invertebrates","Omus audouini","Audouin’s Night-stalking Tiger Beetle","None","E","Omus audouini","1037158","No","Reiche, 1838","Species","Animalia","Chordata","Amphibia","Caudata","Ambystomatidae","Ambystoma","Ambystoma californiense"
"556","4291355","Invertebrates","Onychobaris langei","Lange’s El Segundo Dune Weevil","None","S1","Onychobaris langei","4291355","No","Van Dyke, 1951","Species","Animalia","Chordata","Amphibia","Caudata","Ambystomatidae","Ambystoma","Ambystoma californiense"
"557","1033683","Invertebrates","Optioservus canus","Pinnacles Optioservus Riffle Beetle","None","S1","Optioservus canus","1033683","No","Chandler, 1954","Species","Animalia","Chordata","Amphibia","Caudata","Ambystomatidae","Ambystoma","Ambystoma californiense"
"558","2049351","Invertebrates","Oravelia pege","Dry Creek Cliff Strider Bug","None","S1","Oravelia pege","2049351","No","Drake & Chapman, 1963","Species","Animalia","Chordata","Amphibia","Caudata","Ambystomatidae","Ambystoma","Ambystoma californiense"
"559","1031884","Invertebrates","Orobittacus obscurus","Gold Rush Hanging Scorpionfly","None","S1","Orobittacus obscurus","1031884","No","Villegas & Byers, 1982","Species","Animalia","Chordata","Amphibia","Caudata","Ambystomatidae","Ambystoma","Ambystoma californiense"
"560","5039387","Invertebrates","Osmia neocyanopoda","a mason bee","None","E","Osmia neocyanopoda","5039387","No","Rust & Bohart, 1986","Species","Animalia","Chordata","Amphibia","Caudata","Ambystomatidae","Ambystoma","Ambystoma californiense"
"561","5039316","Invertebrates","Osmia sequoiae","a mason bee","None","E","Osmia sequoiae","5039316","No","Michener, 1936","Species","Animalia","Chordata","Amphibia","Caudata","Ambystomatidae","Ambystoma","Ambystoma californiense"
"562","2226989","Invertebrates","Pacifastacus fortis","Shasta Crayfish","SE","S1","Pacifastacus fortis","2226989","No","(Faxon, 1914) ","Species","Animalia","Chordata","Amphibia","Caudata","Ambystomatidae","Ambystoma","Ambystoma californiense"
"563","4764416","Invertebrates","Palaeoxenus dohrni","Dohrn’s Elegant Eucnemid Beetle","None","S1S2","Palaeoxenus","4764416","No","Horn, 1891","Genus","Animalia","Chordata","Amphibia","Caudata","Ambystomatidae","Ambystoma","Ambystoma californiense"
"564","1777997","Invertebrates","Papaipema angelica","Angelica Borer Moth","None","E","Papaipema angelica","1777997","No","Smith, 1899","Species","Animalia","Chordata","Amphibia","Caudata","Ambystomatidae","Ambystoma","Ambystoma californiense"
"565","1937751","Invertebrates","Papilio zelicaon","Anise Swallowtail","None","E","Papilio zelicaon","1937751","No","Lucas, 1852","Species","Animalia","Chordata","Amphibia","Caudata","Ambystomatidae","Ambystoma","Ambystoma californiense"
"566","1619183","Invertebrates","Paracoenia calida","Wilbur Springs Shore Fly","None","S1","Paracoenia calida","1619183","No","Mathis, 1975","Species","Animalia","Chordata","Amphibia","Caudata","Ambystomatidae","Ambystoma","Ambystoma californiense"
"567","1344924","Invertebrates","Paranomada californica","California Cuckoo Bee","None","S1","Paranomada californica","1344924","No","Linsley, 1945","Species","Animalia","Chordata","Amphibia","Caudata","Ambystomatidae","Ambystoma","Ambystoma californiense"
"568","1439565","Invertebrates","Parapsyche extensa","King’s Creek Parapsyche Caddisfly","None","S1","Parapsyche extensa","1439565","No","Denning, 1949","Species","Animalia","Chordata","Amphibia","Caudata","Ambystomatidae","Ambystoma","Ambystoma californiense"
"569","1938446","Invertebrates","Parnassius clodius","Clodius Parnassian","None","E","Parnassius clodius","1938446","No","Ménétriés, 1855","Species","Animalia","Chordata","Amphibia","Caudata","Ambystomatidae","Ambystoma","Ambystoma californiense"
"570","4405106","Invertebrates","Parnopes borregoensis","Borrego Parnopes Chrysidid Wasp","None","S1S2","Parnopes","4405106","No","Latreille, 1797","Genus","Animalia","Chordata","Amphibia","Caudata","Ambystomatidae","Ambystoma","Ambystoma californiense"
"571","12217976","Invertebrates","Pelochrista hennei","Henne’s Eucosman Moth","None","S1","Pelochrista hennei","12217976","No","(Clarke, 1947) ","Species","Animalia","Chordata","Amphibia","Caudata","Ambystomatidae","Ambystoma","Ambystoma californiense"
"572","2020284","Invertebrates","Pelocoris biimpressus","Amargosa Naucorid Bug","None","S1S2","Pelocoris biimpressus","2020284","No","Montandon, 1898","Species","Animalia","Chordata","Amphibia","Caudata","Ambystomatidae","Ambystoma","Ambystoma californiense"
"573","1356076","Invertebrates","Perdita algodones","Algodones Perdita","None","S1","Perdita algodones","1356076","No","Timberlake, 1980","Species","Animalia","Chordata","Amphibia","Caudata","Ambystomatidae","Ambystoma","Ambystoma californiense"
"574","1356258","Invertebrates","Perdita frontalis","Imperial Perdita","None","S1S2","Perdita frontalis","1356258","No","Timberlake, 1968","Species","Animalia","Chordata","Amphibia","Caudata","Ambystomatidae","Ambystoma","Ambystoma californiense"
"575","1356353","Invertebrates","Perdita meconis","Mojave Poppy Bee","None","None","Perdita meconis","1356353","No","Griswold, 1993","Species","Animalia","Chordata","Amphibia","Caudata","Ambystomatidae","Ambystoma","Ambystoma californiense"
"576","1356556","Invertebrates","Perdita stephanomeriae","a miner bee","None","S1S2","Perdita stephanomeriae","1356556","No","Timberlake, 1954","Species","Animalia","Chordata","Amphibia","Caudata","Ambystomatidae","Ambystoma","Ambystoma californiense"
"577","4300023","Invertebrates","Philotiella speciosa bohartorum","Boharts’ Blue Butterfly","None","S1","Philotiella speciosa bohartorum","4300023","No","(Tilden, 1967) ","Subspecies","Animalia","Chordata","Amphibia","Caudata","Ambystomatidae","Ambystoma","Ambystoma californiense"
"578","1951217","Invertebrates","Pholisora catullus","Common Sootywing","None","E","Pholisora catullus","1951217","No","(Fabricius, 1793) ","Species","Animalia","Chordata","Amphibia","Caudata","Ambystomatidae","Ambystoma","Ambystoma californiense"
"579","1918960","Invertebrates","Phyciodes campestris","Field Crescent","None","E","Phyciodes campestris","1918960","No","Behr, 1863","Species","Animalia","Chordata","Amphibia","Caudata","Ambystomatidae","Ambystoma","Ambystoma californiense"
"580","2286694","Invertebrates","Pisidium ultramontanum","Montane Peaclam","None","S1","Euglesa ultramontana","11762945","No","(Prime, 1865) ","Species","Animalia","Chordata","Amphibia","Caudata","Ambystomatidae","Ambystoma","Ambystoma californiense"
"581","5714688","Invertebrates","Plebejus anna lotis","Lotis Blue Butterfly","None","None","Plebejus anna lotis","5714688","No","(Lintner, 1878) ","Subspecies","Animalia","Chordata","Amphibia","Caudata","Ambystomatidae","Ambystoma","Ambystoma californiense"
"582","5138602","Invertebrates","Plebejus lupini","Lupine Blue","None","E","Plebejus lupini","5138602","No","(Boisduval, 1869) ","Species","Animalia","Chordata","Amphibia","Caudata","Ambystomatidae","Ambystoma","Ambystoma californiense"
"583","1923057","Invertebrates","Plebulina emigdionis","San Emigdio Blue","None","S1S2","Plebulina emigdionis","1923057","No","(Grinnell, 1905) ","Species","Animalia","Chordata","Amphibia","Caudata","Ambystomatidae","Ambystoma","Ambystoma californiense"
"584","1943996","Invertebrates","Polites mardon","Mardon Skipper","None","S1","Polites sabuleti","1943954","Yes","(Boisduval, 1852) ","Species","Animalia","Chordata","Amphibia","Caudata","Ambystomatidae","Ambystoma","Ambystoma californiense"
"585","1943954","Invertebrates","Polites sabuleti","Sandhill Skipper","None","E","Polites sabuleti","1943954","Yes","(Boisduval, 1852) ","Species","Animalia","Chordata","Amphibia","Caudata","Ambystomatidae","Ambystoma","Ambystoma californiense"
"586","4301610","Invertebrates","Polites sabuleti albamontana","White Mountain Skipper","None","S1S2","Polites sabuleti albamontana","4301610","No","Austin, 1987","Subspecies","Animalia","Chordata","Amphibia","Caudata","Ambystomatidae","Ambystoma","Ambystoma californiense"
"587","1057467","Invertebrates","Polyphylla barbata","Mount Hermon (=Barbate) June Beetle","None","None","Polyphylla barbata","1057467","No","Cazier, 1938","Species","Animalia","Chordata","Amphibia","Caudata","Ambystomatidae","Ambystoma","Ambystoma californiense"
"588","1057464","Invertebrates","Polyphylla erratica","Death Valley June Beetle","None","S1S2","Polyphylla erratica","1057464","No","Hardy & Andrews, 1978","Species","Animalia","Chordata","Amphibia","Caudata","Ambystomatidae","Ambystoma","Ambystoma californiense"
"589","9577406","Invertebrates","Polyphylla morroensis","Morro Bay June Beetle","None","S1","Polyphylla morroensis","9577406","No","La Rue, 2016","Species","Animalia","Chordata","Amphibia","Caudata","Ambystomatidae","Ambystoma","Ambystoma californiense"
"590","1057496","Invertebrates","Polyphylla nubila","Atascadero June Beetle","None","S1","Polyphylla nubila","1057496","No","Van Dyke, 1947","Species","Animalia","Chordata","Amphibia","Caudata","Ambystomatidae","Ambystoma","Ambystoma californiense"
"591","2302548","Invertebrates","Pomatiopsis binneyi","Robust Walker","None","S1","Pomatiopsis binneyi","2302548","No","Tryon, 1863","Species","Animalia","Chordata","Amphibia","Caudata","Ambystomatidae","Ambystoma","Ambystoma californiense"
"592","2302549","Invertebrates","Pomatiopsis californica","Pacific Walker","None","S1","Pomatiopsis californica","2302549","No","Pilsbry, 1899","Species","Animalia","Chordata","Amphibia","Caudata","Ambystomatidae","Ambystoma","Ambystoma californiense"
"593","2295348","Invertebrates","Pristiloma shepardae","Shepard’s Snail","None","S1","Pristiloma shepardae","2295348","No","(Hemphill, 1892) ","Species","Animalia","Chordata","Amphibia","Caudata","Ambystomatidae","Ambystoma","Ambystoma californiense"
"594","2300108","Invertebrates","Pristinicola hemphilli","Pristine Pyrg","None","S1","Pristinicola hemphilli","2300108","No","(Pilsbry, 1890) ","Species","Animalia","Chordata","Amphibia","Caudata","Ambystomatidae","Ambystoma","Ambystoma californiense"
"595","1729469","Invertebrates","Pristoceuthophilus sp. 1","Samwell Cave Cricket","None","S1","Pristoceuthophilus","1729469","No","Rehn, 1903","Genus","Animalia","Chordata","Amphibia","Caudata","Ambystomatidae","Ambystoma","Ambystoma californiense"
"596","1320554","Invertebrates","Proceratium californicum","Valley Oak Ant","None","E","Proceratium californicum","1320554","No","Cook, 1953","Species","Animalia","Chordata","Amphibia","Caudata","Ambystomatidae","Ambystoma","Ambystoma californiense"
"597","1352110","Invertebrates","Protodufourea wasbaueri","Wasbauer’s Protodufourea Bee","None","S1","Protodufourea wasbaueri","1352110","No","Timberlake, 1955","Species","Animalia","Chordata","Amphibia","Caudata","Ambystomatidae","Ambystoma","Ambystoma californiense"
"598","1352112","Invertebrates","Protodufourea zavortinki","Zavortink’s Protodufourea Bee","None","S1","Protodufourea zavortinki","1352112","No","Bohart & Griswold, 1997","Species","Animalia","Chordata","Amphibia","Caudata","Ambystomatidae","Ambystoma","Ambystoma californiense"
"599","4301419","Invertebrates","Pseudocopaeodes eunus alinea","Alkalai Skipper","None","E","Pseudocopaeodes eunus alinea","4301419","No","Scott, 1981","Subspecies","Animalia","Chordata","Amphibia","Caudata","Ambystomatidae","Ambystoma","Ambystoma californiense"
"600","4301418","Invertebrates","Pseudocopaeodes eunus obscurus","Carson Wandering Skipper","None","None","Pseudocopaeodes eunus obscurus","4301418","No","Austin & J.Emmel, 1998","Subspecies","Animalia","Chordata","Amphibia","Caudata","Ambystomatidae","Ambystoma","Ambystoma californiense"
"601","9048710","Invertebrates","Pseudocotalpa andrewsi","Andrew’s Dune Scarab Beetle","None","S1","Pseudocotalpa andrewsi","9048710","No","Hardy, 1971","Species","Animalia","Chordata","Amphibia","Caudata","Ambystomatidae","Ambystoma","Ambystoma californiense"
"602","2123725","Invertebrates","Pseudogarypus orpheus","Music Hall Cave Pseudoscorpion","None","S1","Pseudogarypus orpheus","2123725","No","Muchmore, 1981","Species","Animalia","Chordata","Amphibia","Caudata","Ambystomatidae","Ambystoma","Ambystoma californiense"
"603","1697352","Invertebrates","Psychomastax deserticola","Desert Monkey Grasshopper","None","S1","Psychomastax deserticola","1697352","No","Hebard, 1934","Species","Animalia","Chordata","Amphibia","Caudata","Ambystomatidae","Ambystoma","Ambystoma californiense"
"604","2274565","Invertebrates","Pycnopodia helianthoides","Sunflower Sea Star","None","NT","Pycnopodia helianthoides","2274565","No","(Brandt, 1835) ","Species","Animalia","Chordata","Amphibia","Caudata","Ambystomatidae","Ambystoma","Ambystoma californiense"
"605","2300002","Invertebrates","Pyrgulopsis aardahli","Benton Valley (=Aahrdahl’s) Springsnail","None","S1","Pyrgulopsis aardahli","2300002","No","Hershler, 1989","Species","Animalia","Chordata","Amphibia","Caudata","Ambystomatidae","Ambystoma","Ambystoma californiense"
"606","2299983","Invertebrates","Pyrgulopsis diablensis","Diablo Range Pyrg","None","S1","Pyrgulopsis diablensis","2299983","No","Hershler, 1995","Species","Animalia","Chordata","Amphibia","Caudata","Ambystomatidae","Ambystoma","Ambystoma californiense"
"607","9117008","Invertebrates","Pyrgulopsis falciglans","Likely Pyrg","None","S1","Pyrgulopsis falciglans","9117008","No","Hershler, Frest, H.-P.Liu & Johannes, 2003","Species","Animalia","Chordata","Amphibia","Caudata","Ambystomatidae","Ambystoma","Ambystoma californiense"
"608","2300022","Invertebrates","Pyrgulopsis greggi","Kern River Pyrg","None","S1","Pyrgulopsis greggi","2300022","No","Hershler, 1995","Species","Animalia","Chordata","Amphibia","Caudata","Ambystomatidae","Ambystoma","Ambystoma californiense"
"609","2299995","Invertebrates","Pyrgulopsis longae","Long Valley Pyrg","None","S1","Pyrgulopsis longae","2299995","No","Hershler, 1995","Species","Animalia","Chordata","Amphibia","Caudata","Ambystomatidae","Ambystoma","Ambystoma californiense"
"610","2300017","Invertebrates","Pyrgulopsis perturbata","Fish Slough Springsnail","None","S1","Pyrgulopsis perturbata","2300017","No","Hershler, 1989","Species","Animalia","Chordata","Amphibia","Caudata","Ambystomatidae","Ambystoma","Ambystoma californiense"
"611","8736378","Invertebrates","Pyrgulopsis rupinicola","Sucker Springs Pyrg","None","S1","Pyrgulopsis rupinicola","8736378","No","Hershler, Frest, H.-P.Liu & Johannes, 2003","Species","Animalia","Chordata","Amphibia","Caudata","Ambystomatidae","Ambystoma","Ambystoma californiense"
"612","2299988","Invertebrates","Pyrgulopsis taylori","San Luis Obispo Pyrg","None","S1","Pyrgulopsis taylori","2299988","No","Hershler, 1995","Species","Animalia","Chordata","Amphibia","Caudata","Ambystomatidae","Ambystoma","Ambystoma californiense"
"613","2300001","Invertebrates","Pyrgulopsis ventricosa","Clear Lake Pyrg","None","S1","Pyrgulopsis ventricosa","2300001","No","Hershler, 1995","Species","Animalia","Chordata","Amphibia","Caudata","Ambystomatidae","Ambystoma","Ambystoma californiense"
"614","5715180","Invertebrates","Pyrgus ruralis lagunae","Laguna Mountains Skipper","None","S1","Pyrgus ruralis lagunae","5715180","No","Scott, 1981","Subspecies","Animalia","Chordata","Amphibia","Caudata","Ambystomatidae","Ambystoma","Ambystoma californiense"
"615","5142583","Invertebrates","Pyrgus scriptura","Small Checkered-Skipper","None","E","Pyrgus scriptura","5142583","No","(Boisduval, 1852) ","Species","Animalia","Chordata","Amphibia","Caudata","Ambystomatidae","Ambystoma","Ambystoma californiense"
"616","2293946","Invertebrates","Radiocentrum avalonense","Catalina Mountainsnail","None","S1","Radiocentrum avalonense","2293946","No","(Hemphill, 1905) ","Species","Animalia","Chordata","Amphibia","Caudata","Ambystomatidae","Ambystoma","Ambystoma californiense"
"617","1591138","Invertebrates","Rhaphiomidas terminatus abdominalis","Delhi Sands Flower-loving Fly","None","S1","Rhaphiomidas terminatus","1591138","Yes","Cazier, 1941","Species","Animalia","Chordata","Amphibia","Caudata","Ambystomatidae","Ambystoma","Ambystoma californiense"
"618","1591138","Invertebrates","Rhaphiomidas terminatus terminatus","El Segundo Flower-loving Fly","None","S1","Rhaphiomidas terminatus","1591138","Yes","Cazier, 1941","Species","Animalia","Chordata","Amphibia","Caudata","Ambystomatidae","Ambystoma","Ambystoma californiense"
"619","1591129","Invertebrates","Rhaphiomidas trochilus","San Joaquin Valley Giant Flower-loving Fly","None","S1","Rhaphiomidas trochilus","1591129","No","(Coquillett, 1892) ","Species","Animalia","Chordata","Amphibia","Caudata","Ambystomatidae","Ambystoma","Ambystoma californiense"
"620","1344793","Invertebrates","Rhopalolemma robertsi","Roberts’ Rhopalolemma Bee","None","S1","Rhopalolemma robertsi","1344793","No","Roig-Alsina, 1991","Species","Animalia","Chordata","Amphibia","Caudata","Ambystomatidae","Ambystoma","Ambystoma californiense"
"621","5052767","Invertebrates","Rhyacophila lineata","Castle Crags Rhyacophilan Caddisfly","None","S1","Rhyacophila lineata","5052767","No","Denning, 1956","Species","Animalia","Chordata","Amphibia","Caudata","Ambystomatidae","Ambystoma","Ambystoma californiense"
"622","5052709","Invertebrates","Rhyacophila mosana","Bilobed Rhyacophilan Caddisfly","None","S1","Rhyacophila mosana","5052709","No","Denning, 1965","Species","Animalia","Chordata","Amphibia","Caudata","Ambystomatidae","Ambystoma","Ambystoma californiense"
"623","2296194","Invertebrates","Rothelix warnerfontis","Warner Springs Shoulderband","None","S1","Rothelix warnerfontis","2296194","No","(Reeder & W.B.Miller, 1988) ","Species","Animalia","Chordata","Amphibia","Caudata","Ambystomatidae","Ambystoma","Ambystoma californiense"
"624","5714755","Invertebrates","Satyrium behrii","Behr’s Hairstreak","None","E","Satyrium behrii","5714755","No","(W.H.Edwards, 1870) ","Species","Animalia","Chordata","Amphibia","Caudata","Ambystomatidae","Ambystoma","Ambystoma californiense"
"625","5714794","Invertebrates","Satyrium saepium","Hedgerow Hairstreak","None","E","Strymon saepium","1925501","No","(Boisduval, 1852) ","Species","Animalia","Chordata","Amphibia","Caudata","Ambystomatidae","Ambystoma","Ambystoma californiense"
"626","5714772","Invertebrates","Satyrium tetra","Mountain Mahogany Hairstreak","None","E","Thecla tetra","1930331","No","Edwards, 1870","Species","Animalia","Chordata","Amphibia","Caudata","Ambystomatidae","Ambystoma","Ambystoma californiense"
"627","4671575","Invertebrates","Sedomaya glamisensis","Glamis Night Tiphiid","None","S1","Sedomaya","4671575","No","Kimsey & Wasbauer, 1999","Genus","Animalia","Chordata","Amphibia","Caudata","Ambystomatidae","Ambystoma","Ambystoma californiense"
"628","2143617","Invertebrates","Socalchemmis gertschi","Gertsch’s Socalchemmis Spider","None","S1","Socalchemmis gertschi","2143617","No","Platnick & Ubick, 2001","Species","Animalia","Chordata","Amphibia","Caudata","Ambystomatidae","Ambystoma","Ambystoma californiense"
"629","2143612","Invertebrates","Socalchemmis icenoglei","Icenogle’s Socalchemmis Spider","None","S1","Socalchemmis icenoglei","2143612","No","Platnick & Ubick, 2001","Species","Animalia","Chordata","Amphibia","Caudata","Ambystomatidae","Ambystoma","Ambystoma californiense"
"630","2143611","Invertebrates","Socalchemmis monterey","Monterey Socalchemmis Spider","None","S1","Socalchemmis monterey","2143611","No","Platnick & Ubick, 2001","Species","Animalia","Chordata","Amphibia","Caudata","Ambystomatidae","Ambystoma","Ambystoma californiense"
"631","7259450","Invertebrates","Speyeria adiaste adiaste","Unsilvered Fritillary","None","S1S2","Speyeria adiaste adiaste","7259450","No","","Subspecies","Animalia","Chordata","Amphibia","Caudata","Ambystomatidae","Ambystoma","Ambystoma californiense"
"632","7206001","Invertebrates","Speyeria callippe callippe","Callippe Silverspot Butterfly","None","S1","Speyeria callippe callippe","7206001","No","","Subspecies","Animalia","Chordata","Amphibia","Caudata","Ambystomatidae","Ambystoma","Ambystoma californiense"
"633","1905189","Invertebrates","Speyeria coronis","Coronis Fritillary","None","E","Speyeria coronis","1905189","No","Behr, 1862","Species","Animalia","Chordata","Amphibia","Caudata","Ambystomatidae","Ambystoma","Ambystoma californiense"
"634","4299466","Invertebrates","Speyeria nokomis carsonensis","Carson Valley Silverspot","None","S1","Speyeria nokomis carsonensis","4299466","No","Austin, 1998","Subspecies","Animalia","Chordata","Amphibia","Caudata","Ambystomatidae","Ambystoma","Ambystoma californiense"
"635","4299420","Invertebrates","Speyeria zerene behrensii","Behren’s Silverspot Butterfly","None","S1","Speyeria zerene behrensii","4299420","No","(Edwards, 1869) ","Subspecies","Animalia","Chordata","Amphibia","Caudata","Ambystomatidae","Ambystoma","Ambystoma californiense"
"636","4299418","Invertebrates","Speyeria zerene hippolyta","Oregon Silverspot Butterfly","None","S1","Speyeria zerene hippolyta","4299418","No","(Edwards, 1879) ","Subspecies","Animalia","Chordata","Amphibia","Caudata","Ambystomatidae","Ambystoma","Ambystoma californiense"
"637","4299410","Invertebrates","Speyeria zerene myrtleae","Myrtle’s Silverspot Butterfly","None","S1","Speyeria zerene myrtleae","4299410","No","Dos Passos & Grey, 1945","Subspecies","Animalia","Chordata","Amphibia","Caudata","Ambystomatidae","Ambystoma","Ambystoma californiense"
"638","4299409","Invertebrates","Speyeria zerene sonomensis","Sonoma Zerene Fritillary","None","S1","Speyeria zerene sonomensis","4299409","No","J.Emmel, T.Emmel & Mattoon, 1998","Subspecies","Animalia","Chordata","Amphibia","Caudata","Ambystomatidae","Ambystoma","Ambystoma californiense"
"639","8686399","Invertebrates","Sphaeropthalma ecarinata","Glamis Night Mutillid","None","S1","Sphaeropthalma ecarinata","8686399","No","Schuster","Species","Animalia","Chordata","Amphibia","Caudata","Ambystomatidae","Ambystoma","Ambystoma californiense"
"640","4677123","Invertebrates","Sphecodogastra antiochensis","Antioch Dunes Halcitid Bee","None","S1","Sphecodogastra","4677123","No","Ashmead, 1899","Genus","Animalia","Chordata","Amphibia","Caudata","Ambystomatidae","Ambystoma","Ambystoma californiense"
"641","2293956","Invertebrates","Sterkia clementina","San Clemente Island Blunt-top Snail","None","S1S2","Vertigo clementina","10991118","No","(Sterki, 1890) ","Species","Animalia","Chordata","Amphibia","Caudata","Ambystomatidae","Ambystoma","Ambystoma californiense"
"642","7520348","Invertebrates","Stictiella villegasi","Algodones Sand Wasp","None","S1","Stictiella villegasi","7520348","No","R.Bohart, 1982","Species","Animalia","Chordata","Amphibia","Caudata","Ambystomatidae","Ambystoma","Ambystoma californiense"
"643","2235165","Invertebrates","Streptocephalus woottoni","Riverside Fairy Shrimp","None","None","Streptocephalus woottoni","2235165","No","Eng, Belk & Eriksen, 1990","Species","Animalia","Chordata","Amphibia","Caudata","Ambystomatidae","Ambystoma","Ambystoma californiense"
"644","2217928","Invertebrates","Stygobromus cherylae","Barr’s Amphipod","None","S1","Stygobromus cherylae","2217928","No","Wang & Holsinger, 2001","Species","Animalia","Chordata","Amphibia","Caudata","Ambystomatidae","Ambystoma","Ambystoma californiense"
"645","2217905","Invertebrates","Stygobromus cowani","Cowan’s Amphipod","None","S1","Stygobromus cowani","2217905","No","Wang & Holsinger, 2001","Species","Animalia","Chordata","Amphibia","Caudata","Ambystomatidae","Ambystoma","Ambystoma californiense"
"646","2217853","Invertebrates","Stygobromus gallawayae","Gallaway’s Amphipod","None","S1","Stygobromus gallawayae","2217853","No","Wang & Holsinger, 2001","Species","Animalia","Chordata","Amphibia","Caudata","Ambystomatidae","Ambystoma","Ambystoma californiense"
"647","2217826","Invertebrates","Stygobromus gradyi","Grady’s Cave Amphipod","None","S1","Stygobromus gradyi","2217826","No","Holsinger, 1974","Species","Animalia","Chordata","Amphibia","Caudata","Ambystomatidae","Ambystoma","Ambystoma californiense"
"648","2217780","Invertebrates","Stygobromus harai","Hara’s Cave Amphipod","None","S1","Stygobromus harai","2217780","No","Holsinger, 1974","Species","Animalia","Chordata","Amphibia","Caudata","Ambystomatidae","Ambystoma","Ambystoma californiense"
"649","2217852","Invertebrates","Stygobromus imperialis","Empire Cave Amphipod","None","S1","Stygobromus imperialis","2217852","No","Wang & Holsinger, 2001","Species","Animalia","Chordata","Amphibia","Caudata","Ambystomatidae","Ambystoma","Ambystoma californiense"
"650","2217885","Invertebrates","Stygobromus lacicolus","Lake Tahoe Amphipod","None","S1","Stygobromus lacicolus","2217885","No","Holsinger, 1974","Species","Animalia","Chordata","Amphibia","Caudata","Ambystomatidae","Ambystoma","Ambystoma californiense"
"651","2217807","Invertebrates","Stygobromus mackenziei","Mackenzie’s Cave Amphipod","None","S1","Stygobromus mackenziei","2217807","No","Holsinger, 1974","Species","Animalia","Chordata","Amphibia","Caudata","Ambystomatidae","Ambystoma","Ambystoma californiense"
"652","2217909","Invertebrates","Stygobromus mysticus","Secret Cave Amphipod","None","S1","Stygobromus mysticus","2217909","No","Holsinger, 1974","Species","Animalia","Chordata","Amphibia","Caudata","Ambystomatidae","Ambystoma","Ambystoma californiense"
"653","2217856","Invertebrates","Stygobromus rudolphi","Rudolph’s Amphipod","None","S1","Stygobromus rudolphi","2217856","No","Wang & Holsinger, 2001","Species","Animalia","Chordata","Amphibia","Caudata","Ambystomatidae","Ambystoma","Ambystoma californiense"
"654","2217934","Invertebrates","Stygobromus sheldoni","Sheldon’s Amphipod","None","S1","Stygobromus sheldoni","2217934","No","Holsinger, 1974","Species","Animalia","Chordata","Amphibia","Caudata","Ambystomatidae","Ambystoma","Ambystoma californiense"
"655","2217815","Invertebrates","Stygobromus sierrensis","Sierra Amphipod","None","S1","Stygobromus sierrensis","2217815","No","Holsinger, 1974","Species","Animalia","Chordata","Amphibia","Caudata","Ambystomatidae","Ambystoma","Ambystoma californiense"
"656","2217914","Invertebrates","Stygobromus tahoensis","Lake Tahoe Stygobromid","None","S1","Stygobromus tahoensis","2217914","No","Holsinger, 1974","Species","Animalia","Chordata","Amphibia","Caudata","Ambystomatidae","Ambystoma","Ambystoma californiense"
"657","2217904","Invertebrates","Stygobromus trinus","Trinity County Amphipod","None","S1","Stygobromus trinus","2217904","No","Wang & Holsinger, 2001","Species","Animalia","Chordata","Amphibia","Caudata","Ambystomatidae","Ambystoma","Ambystoma californiense"
"658","2217781","Invertebrates","Stygobromus wengerorum","Wengerors’ Cave Amphipod","None","S1","Stygobromus wengerorum","2217781","No","Holsinger, 1974","Species","Animalia","Chordata","Amphibia","Caudata","Ambystomatidae","Ambystoma","Ambystoma californiense"
"659","2223027","Invertebrates","Syncaris pacifica","California Freshwater Shrimp","None","None","Syncaris pacifica","2223027","No","(Holmes, 1895) ","Species","Animalia","Chordata","Amphibia","Caudata","Ambystomatidae","Ambystoma","Ambystoma californiense"
"660","2132870","Invertebrates","Talanites ubicki","Ubick’s Gnaphosid Spider","None","S1","Talanites ubicki","2132870","No","Platnick & Ovtsharenko, 1991","Species","Animalia","Chordata","Amphibia","Caudata","Ambystomatidae","Ambystoma","Ambystoma californiense"
"661","5095552","Invertebrates","Tetrix sierrana","Sierra Pygmy Grasshopper","None","S1","Tetrix sierrana","5095552","No","Rehn & Grant, 1956","Species","Animalia","Chordata","Amphibia","Caudata","Ambystomatidae","Ambystoma","Ambystoma californiense"
"662","6908599","Invertebrates","Texella deserticola","Whitewater Canyon Harvestman","None","S1","Texella deserticola","6908599","No","Ubick & Briggs, 1992","Species","Animalia","Chordata","Amphibia","Caudata","Ambystomatidae","Ambystoma","Ambystoma californiense"
"663","6908593","Invertebrates","Texella kokoweef","Kokoweef Crystal Cave Harvestman","None","S1","Texella kokoweef","6908593","No","Ubick & Briggs, 1992","Species","Animalia","Chordata","Amphibia","Caudata","Ambystomatidae","Ambystoma","Ambystoma californiense"
"664","6908602","Invertebrates","Texella shoshone","Shoshone Cave Harvestman","None","S1","Texella shoshone","6908602","No","Ubick & Briggs, 1992","Species","Animalia","Chordata","Amphibia","Caudata","Ambystomatidae","Ambystoma","Ambystoma californiense"
"665","4302101","Invertebrates","Thorybes mexicanus","Mexican Cloudywing","None","E","Thorybes mexicana","4302101","No","(Herrich-Schäffer, 1869) ","Species","Animalia","Chordata","Amphibia","Caudata","Ambystomatidae","Ambystoma","Ambystoma californiense"
"666","5038557","Invertebrates","Trachusa gummifera","San Francisco Bay Area Leaf-cutter Bee","None","S1","Trachusa gummifera","5038557","No","Thorp, 1963","Species","Animalia","Chordata","Amphibia","Caudata","Ambystomatidae","Ambystoma","Ambystoma californiense"
"667","6003884","Invertebrates","Trachykele hartmani","Serpentine Cypress Wood-boring Beetle","None","S1","Trachykele hartmani","6003884","No","Burke, 1920","Species","Animalia","Chordata","Amphibia","Caudata","Ambystomatidae","Ambystoma","Ambystoma californiense"
"668","6003825","Invertebrates","Trichinorhipis knulli","Knull’s Metallic Wood-boring Beetle","None","S1","Trichinorhipis knulli","6003825","No","Barr, 1948","Species","Animalia","Chordata","Amphibia","Caudata","Ambystomatidae","Ambystoma","Ambystoma californiense"
"669","4292351","Invertebrates","Trigonoscuta brunnotesselata","Brown Tassel Trigonoscuta Weevil","None","S1","Trigonoscuta brunneotesselata","4292351","No","Pierce, 1975","Species","Animalia","Chordata","Amphibia","Caudata","Ambystomatidae","Ambystoma","Ambystoma californiense"
"670","8921161","Invertebrates","Trigonoscuta dorothea dorothea","Dorothy’s El Segundo Dune Weevil","None","S1","Trigonoscuta dorothea dorothea","8921161","No","Pierce, 1975","Subspecies","Animalia","Chordata","Amphibia","Caudata","Ambystomatidae","Ambystoma","Ambystoma californiense"
"671","9134880","Invertebrates","Trigonoscuta rothi algodones","Algodones Dune Weevil","None","S1","Trigonoscuta rothi algodones","9134880","No","Pierce, 1975","Subspecies","Animalia","Chordata","Amphibia","Caudata","Ambystomatidae","Ambystoma","Ambystoma californiense"
"672","8747449","Invertebrates","Trigonoscuta rothi imperialis","Imperial Dune Weevil","None","S1","Trigonoscuta rothi imperialis","8747449","No","Pierce, 1975","Subspecies","Animalia","Chordata","Amphibia","Caudata","Ambystomatidae","Ambystoma","Ambystoma californiense"
"673","9066549","Invertebrates","Trigonoscuta rothi punctata","Punctate Dune Weevil","None","S1","Trigonoscuta rothi punctata","9066549","No","Pierce, 1975","Subspecies","Animalia","Chordata","Amphibia","Caudata","Ambystomatidae","Ambystoma","Ambystoma californiense"
"674","9168624","Invertebrates","Trigonoscuta rothi rothi","Roth’s Dune Weevil","None","S1","Trigonoscuta rothi rothi","9168624","No","Pierce, 1975","Subspecies","Animalia","Chordata","Amphibia","Caudata","Ambystomatidae","Ambystoma","Ambystoma californiense"
"675","1218180","Invertebrates","Trigonoscuta sp.","Doyen’s Trigonoscuta Dune Weevil","None","S1","Trigonoscuta","1218180","No","Motschulsky, 1853","Genus","Animalia","Chordata","Amphibia","Caudata","Ambystomatidae","Ambystoma","Ambystoma californiense"
"676","4292334","Invertebrates","Trigonoscuta stantoni","Santa Cruz Island Shore Weevil","None","S1","Trigonoscuta stantoni","4292334","No","Sleeper, 1975","Species","Animalia","Chordata","Amphibia","Caudata","Ambystomatidae","Ambystoma","Ambystoma californiense"
"677","2295854","Invertebrates","Trilobopsis roperi","Shasta Chaparral","None","S1","Trilobopsis roperi","2295854","No","(Pilsbry, 1889) ","Species","Animalia","Chordata","Amphibia","Caudata","Ambystomatidae","Ambystoma","Ambystoma californiense"
"678","2295853","Invertebrates","Trilobopsis tehamana","Tehama Chaparral","None","S1","Trilobopsis tehamana","2295853","No","(Pilsbry, 1928) ","Species","Animalia","Chordata","Amphibia","Caudata","Ambystomatidae","Ambystoma","Ambystoma californiense"
"679","1709171","Invertebrates","Trimerotropis infantilis","Zayante Band-winged Grasshopper","N","S1","Trimerotropis infantilis","1709171","No","Rentz & Weissman, 1984","Species","Animalia","Chordata","Amphibia","Caudata","Ambystomatidae","Ambystoma","Ambystoma californiense"
"680","1709174","Invertebrates","Trimerotropis occulens","Lompoc Grasshopper","None","S1S2","Trimerotropis occulens","1709174","No","Otte, 1984","Species","Animalia","Chordata","Amphibia","Caudata","Ambystomatidae","Ambystoma","Ambystoma californiense"
"681","5192415","Invertebrates","Tryonia margae","Grapevine Springs Elongate Tryonia","None","S1","Tryonia margae","5192415","No","Hershler, 1989","Species","Animalia","Chordata","Amphibia","Caudata","Ambystomatidae","Ambystoma","Ambystoma californiense"
"682","5192402","Invertebrates","Tryonia rowlandsi","Grapevine Springs Squat Tryonia","None","S1","Tryonia rowlandsi","5192402","No","Hershler, 1989","Species","Animalia","Chordata","Amphibia","Caudata","Ambystomatidae","Ambystoma","Ambystoma californiense"
"683","5714369","Invertebrates","Vanessa annabella","West Coast Lady","None","E","Vanessa annabella","5714369","No","(Field, 1971) ","Species","Animalia","Chordata","Amphibia","Caudata","Ambystomatidae","Ambystoma","Ambystoma californiense"
"684","2295759","Invertebrates","Vespericola pressleyi","Big Bar Hesperian","None","S1","Vespericola pressleyi","2295759","No","B.Roth, 1985","Species","Animalia","Chordata","Amphibia","Caudata","Ambystomatidae","Ambystoma","Ambystoma californiense"
"685","2295760","Invertebrates","Vespericola scotti","Benson Gulch Hesperian","None","S1","Vespericola scotti","2295760","No","Cordero & W.B.Miller, 1995","Species","Animalia","Chordata","Amphibia","Caudata","Ambystomatidae","Ambystoma","Ambystoma californiense"
"686","2296116","Invertebrates","Xerarionta intercisa","Horseshoe Snail","None","S1","Xerarionta intercisa","2296116","No","(W.G.Binney, 1857) ","Species","Animalia","Chordata","Amphibia","Caudata","Ambystomatidae","Ambystoma","Ambystoma californiense"
"687","2296120","Invertebrates","Xerarionta redimita","Wreathed Cactussnail","None","S1","Xerarionta redimita","2296120","No","(W.G.Binney, 1858) ","Species","Animalia","Chordata","Amphibia","Caudata","Ambystomatidae","Ambystoma","Ambystoma californiense"
"688","2296118","Invertebrates","Xerarionta tryoni","Bicolor Cactussnail","None","S1","Xerarionta tryoni","2296118","No","(Newcomb, 1864) ","Species","Animalia","Chordata","Amphibia","Caudata","Ambystomatidae","Ambystoma","Ambystoma californiense"
"689","2437569","Mammals","Ammospermophilus nelsoni","Nelson’s (= San Joaquin) Antelope Squirrel","ST","None","Ammospermophilus nelsoni","2437569","No","(Merriam, 1893) ","Species","Animalia","Chordata","Amphibia","Caudata","Ambystomatidae","Ambystoma","Ambystoma californiense"
"690","2440902","Mammals","Antilocapra americana","Pronghorn","None","SSC","Antilocapra americana","2440902","No","(Ord, 1815) ","Species","Animalia","Chordata","Amphibia","Caudata","Ambystomatidae","Ambystoma","Ambystoma californiense"
"691","7059487","Mammals","Antilocapra americana americana","None","None","SSC","Antilocapra americana americana","7059487","No","(Ord, 1815) ","Subspecies","Animalia","Chordata","Amphibia","Caudata","Ambystomatidae","Ambystoma","Ambystoma californiense"
"692","2432339","Mammals","Antrozous pallidus","Pallid Bat","None","SSC","Antrozous pallidus","2432339","No","(LeConte, 1856) ","Species","Animalia","Chordata","Amphibia","Caudata","Ambystomatidae","Ambystoma","Ambystoma californiense"
"693","4266063","Mammals","Antrozous pallidus pacificus","Pacific Pallid Bat","None","SSC","Antrozous pallidus pacificus","4266063","No","Merriam, 1897","Subspecies","Animalia","Chordata","Amphibia","Caudata","Ambystomatidae","Ambystoma","Ambystoma californiense"
"694","7261827","Mammals","Antrozous pallidus pallidus","None","None","SSC","Antrozous pallidus pallidus","7261827","No","","Subspecies","Animalia","Chordata","Amphibia","Caudata","Ambystomatidae","Ambystoma","Ambystoma californiense"
"695","6163524","Mammals","Aplodontia rufa californica","Sierra Nevada Mountain Beaver","None","SSC","Aplodontia rufa californica","6163524","No","(Peters, 1864) ","Subspecies","Animalia","Chordata","Amphibia","Caudata","Ambystomatidae","Ambystoma","Ambystoma californiense"
"696","6163529","Mammals","Aplodontia rufa humboldtiana","Humboldt Mountain Beaver","None","SSC","Aplodontia rufa humboldtiana","6163529","No","Taylor, 1916","Subspecies","Animalia","Chordata","Amphibia","Caudata","Ambystomatidae","Ambystoma","Ambystoma californiense"
"697","6163526","Mammals","Aplodontia rufa nigra","Point Arena Mountain Beaver","None","SSC","Aplodontia rufa nigra","6163526","No","Taylor, 1914","Subspecies","Animalia","Chordata","Amphibia","Caudata","Ambystomatidae","Ambystoma","Ambystoma californiense"
"698","6163523","Mammals","Aplodontia rufa phaea","Point Reyes Mountain Beaver","None","SSC","Aplodontia rufa phaea","6163523","No","Merriam, 1899","Subspecies","Animalia","Chordata","Amphibia","Caudata","Ambystomatidae","Ambystoma","Ambystoma californiense"
"699","2437933","Mammals","Arborimus albipes","White-footed Vole","None","SSC","Arborimus albipes","2437933","No","(Merriam, 1901) ","Species","Animalia","Chordata","Amphibia","Caudata","Ambystomatidae","Ambystoma","Ambystoma californiense"
"700","2437932","Mammals","Arborimus pomo","Sonoma Tree Vole","None","SSC","Arborimus pomo","2437932","No","Johnson & George, 1991","Species","Animalia","Chordata","Amphibia","Caudata","Ambystomatidae","Ambystoma","Ambystoma californiense"
"701","2433478","Mammals","Arctocephalus townsendi","Guadalupe Fur-seal","ST, SFP","None","Arctocephalus philippii","2433470","No","(Peters, 1866) ","Species","Animalia","Chordata","Amphibia","Caudata","Ambystomatidae","Ambystoma","Ambystoma californiense"
"702","2440709","Mammals","Balaenoptera borealis","Sei Whale","None","None","Balaenoptera borealis","2440709","No","Lesson, 1828","Species","Animalia","Chordata","Amphibia","Caudata","Ambystomatidae","Ambystoma","Ambystoma californiense"
"703","2440735","Mammals","Balaenoptera musculus","Blue Whale","None","None","Balaenoptera musculus","2440735","No","(Linnaeus, 1758) ","Species","Animalia","Chordata","Amphibia","Caudata","Ambystomatidae","Ambystoma","Ambystoma californiense"
"704","2440718","Mammals","Balaenoptera physalus","Fin Whale","None","None","Balaenoptera physalus","2440718","No","(Linnaeus, 1758) ","Species","Animalia","Chordata","Amphibia","Caudata","Ambystomatidae","Ambystoma","Ambystoma californiense"
"705","2433557","Mammals","Bassariscus astutus","Ringtail","SFP","SSC*","Bassariscus astutus","2433557","No","(Lichtenstein, 1830) ","Species","Animalia","Chordata","Amphibia","Caudata","Ambystomatidae","Ambystoma","Ambystoma californiense"
"706","6164417","Mammals","Bassariscus astutus nevadensis","Nevada Ringtail","SFP","None","Bassariscus astutus nevadensis","6164417","No","Miller, 1913","Subspecies","Animalia","Chordata","Amphibia","Caudata","Ambystomatidae","Ambystoma","Ambystoma californiense"
"707","6164409","Mammals","Bassariscus astutus octavus","Southern California Ringtail","SFP","SSC","Bassariscus astutus octavus","6164409","No","Hall, 1926","Subspecies","Animalia","Chordata","Amphibia","Caudata","Ambystomatidae","Ambystoma","Ambystoma californiense"
"708","6164418","Mammals","Bassariscus astutus raptor","Northern California Ringtail","SFP","None","Bassariscus astutus raptor","6164418","No","(Baird, 1859) ","Subspecies","Animalia","Chordata","Amphibia","Caudata","Ambystomatidae","Ambystoma","Ambystoma californiense"
"709","6164414","Mammals","Bassariscus astutus willetti","Palo Verde Mountains Ringtail","SFP","SSC","Bassariscus astutus willetti","6164414","No","Stager, 1950","Subspecies","Animalia","Chordata","Amphibia","Caudata","Ambystomatidae","Ambystoma","Ambystoma californiense"
"710","6164419","Mammals","Bassariscus astutus yumanensis","Yuma Ringtail","SFP","SSC","Bassariscus astutus yumanensis","6164419","No","Huey, 1937","Subspecies","Animalia","Chordata","Amphibia","Caudata","Ambystomatidae","Ambystoma","Ambystoma californiense"
"711","2436688","Mammals","Brachylagus idahoensis","Pygmy Rabbit","None","SSC","Brachylagus idahoensis","2436688","No","(Merriam, 1891) ","Species","Animalia","Chordata","Amphibia","Caudata","Ambystomatidae","Ambystoma","Ambystoma californiense"
"712","8775310","Mammals","Callospermophilus lateralis bernardinus","San Bernardino Golden-mantled Ground Squirrel","None","SSC","Callospermophilus lateralis bernardinus","8775310","No","(Merriam, 1898) ","Subspecies","Animalia","Chordata","Amphibia","Caudata","Ambystomatidae","Ambystoma","Ambystoma californiense"
"713","5219173","Mammals","Canis lupus","Gray Wolf","SE","None","Canis lupus","5219173","No","Linnaeus, 1758","Species","Animalia","Chordata","Amphibia","Caudata","Ambystomatidae","Ambystoma","Ambystoma californiense"
"714","9073598","Mammals","Castor canadensis frondator","Sonora Beaver","None","SSC","Castor canadensis frondator","9073598","No","Mearns, 1897","Subspecies","Animalia","Chordata","Amphibia","Caudata","Ambystomatidae","Ambystoma","Ambystoma californiense"
"715","8600904","Mammals","Cervus canadensis nannodes (Cervus elaphus nannodes)","Tule Elk","None","SSC","Cervus elaphus","2440958","No","Linnaeus, 1758","Species","Animalia","Chordata","Amphibia","Caudata","Ambystomatidae","Ambystoma","Ambystoma californiense"
"716","4263316","Mammals","Chaetodipus californicus femoralis","Dulzura Pocket Mouse","None","SSC","Chaetodipus californicus femoralis","4263316","No","(J.A.Allen, 1891) ","Subspecies","Animalia","Chordata","Amphibia","Caudata","Ambystomatidae","Ambystoma","Ambystoma californiense"
"717","7261506","Mammals","Chaetodipus fallax fallax","Northwestern San Diego Pocket Mouse","None","SSC","Chaetodipus fallax fallax","7261506","No","","Subspecies","Animalia","Chordata","Amphibia","Caudata","Ambystomatidae","Ambystoma","Ambystoma californiense"
"718","4263314","Mammals","Chaetodipus fallax pallidus","Pallid San Diego Pocket Mouse","None","SSC","Chaetodipus fallax pallidus","4263314","No","(Mearns, 1901) ","Subspecies","Animalia","Chordata","Amphibia","Caudata","Ambystomatidae","Ambystoma","Ambystoma californiense"
"719","2433207","Mammals","Choeronycteris mexicana","Mexican Long-tongued Bat","None","SSC","Choeronycteris mexicana","2433207","No","Tschudi, 1844","Species","Animalia","Chordata","Amphibia","Caudata","Ambystomatidae","Ambystoma","Ambystoma californiense"
"720","2432479","Mammals","Corynorhinus townsendii","Townsend’s Big-eared Bat","None","SSC","Corynorhinus townsendii","2432479","No","(Cooper, 1837) ","Species","Animalia","Chordata","Amphibia","Caudata","Ambystomatidae","Ambystoma","Ambystoma californiense"
"721","6163672","Mammals","Corynorhinus townsendii pallescens","Pale Lump-nosed Bat","None","SSC","Corynorhinus townsendii pallescens","6163672","No","Miller, 1897","Subspecies","Animalia","Chordata","Amphibia","Caudata","Ambystomatidae","Ambystoma","Ambystoma californiense"
"722","6163667","Mammals","Corynorhinus townsendii townsendii","Townsend’s Western Big-eared Bat","None","SSC","Corynorhinus townsendii townsendii","6163667","No","","Subspecies","Animalia","Chordata","Amphibia","Caudata","Ambystomatidae","Ambystoma","Ambystoma californiense"
"723","2439534","Mammals","Dipodomys agilis","Agile Kangaroo Rat","None","SSC","Dipodomys agilis","2439534","No","Gambel, 1848","Species","Animalia","Chordata","Amphibia","Caudata","Ambystomatidae","Ambystoma","Ambystoma californiense"
"724","7261492","Mammals","Dipodomys agilis agilis","Gambel Kangaroo Rat","None","SSC","Dipodomys agilis agilis","7261492","No","","Subspecies","Animalia","Chordata","Amphibia","Caudata","Ambystomatidae","Ambystoma","Ambystoma californiense"
"725","4263199","Mammals","Dipodomys californicus eximius","Marysville California Kangaroo Rat","None","SSC","Dipodomys californicus eximius","4263199","No","Grinnell, 1919","Subspecies","Animalia","Chordata","Amphibia","Caudata","Ambystomatidae","Ambystoma","Ambystoma californiense"
"726","4263189","Mammals","Dipodomys heermanni arenae","Lompoc Kangaroo Rat","None","SSC","Dipodomys heermanni arenae","4263189","No","Boulware, 1943","Subspecies","Animalia","Chordata","Amphibia","Caudata","Ambystomatidae","Ambystoma","Ambystoma californiense"
"727","4263181","Mammals","Dipodomys heermanni berkeleyensis","Berkeley Kangaroo Rat","None","SSC","Dipodomys heermanni berkeleyensis","4263181","No","Grinnell, 1919","Subspecies","Animalia","Chordata","Amphibia","Caudata","Ambystomatidae","Ambystoma","Ambystoma californiense"
"728","4263172","Mammals","Dipodomys heermanni dixoni","Merced Kangaroo Rat","None","SSC","Dipodomys heermanni dixoni","4263172","No","(Grinnell, 1919) ","Subspecies","Animalia","Chordata","Amphibia","Caudata","Ambystomatidae","Ambystoma","Ambystoma californiense"
"729","4263259","Mammals","Dipodomys heermanni goldmani","Salinas Kangaroo Rat","None","SSC","Dipodomys heermanni goldmani","4263259","No","(Merriam, 1904) ","Subspecies","Animalia","Chordata","Amphibia","Caudata","Ambystomatidae","Ambystoma","Ambystoma californiense"
"730","7194077","Mammals","Dipodomys heermanni heermanni","Heermann’s Kangaroo Rat","None","SSC","Dipodomys heermanni heermanni","7194077","No","","Subspecies","Animalia","Chordata","Amphibia","Caudata","Ambystomatidae","Ambystoma","Ambystoma californiense"
"731","6163506","Mammals","Dipodomys heermanni morroensis","Morro Bay Kangaroo Rat","SE,SFP","None","Dipodomys heermanni morroensis","6163506","No","(Merriam, 1907) ","Subspecies","Animalia","Chordata","Amphibia","Caudata","Ambystomatidae","Ambystoma","Ambystoma californiense"
"732","2439550","Mammals","Dipodomys ingens","Giant Kangaroo Rat","SE","None","Dipodomys ingens","2439550","No","(Merriam, 1904) ","Species","Animalia","Chordata","Amphibia","Caudata","Ambystomatidae","Ambystoma","Ambystoma californiense"
"733","4263257","Mammals","Dipodomys merriami collinus","Earthquake Merriam’s Kangaroo Rat","None","SSC","Dipodomys merriami collinus","4263257","No","Lidicker, 1960","Subspecies","Animalia","Chordata","Amphibia","Caudata","Ambystomatidae","Ambystoma","Ambystoma californiense"
"734","6163521","Mammals","Dipodomys merriami parvus","San Bernardino Kangaroo Rat","SE","SSC","Dipodomys merriami parvus","6163521","No","Rhoads, 1894","Subspecies","Animalia","Chordata","Amphibia","Caudata","Ambystomatidae","Ambystoma","Ambystoma californiense"
"735","4263177","Mammals","Dipodomys merriami trinidadensis","Valle De La Trinidad Kangaroo Rat","None","SSC","Dipodomys merriami trinidadensis","4263177","No","Huey, 1951","Subspecies","Animalia","Chordata","Amphibia","Caudata","Ambystomatidae","Ambystoma","Ambystoma californiense"
"736","2439524","Mammals","Dipodomys nitratoides","San Joaquin Valley Kangaroo Rat","None","SSC","Dipodomys nitratoides","2439524","No","Merriam, 1894","Species","Animalia","Chordata","Amphibia","Caudata","Ambystomatidae","Ambystoma","Ambystoma californiense"
"737","6163515","Mammals","Dipodomys nitratoides brevinasus","Short-nosed Kangaroo Rat","None","SSC","Dipodomys nitratoides brevinasus","6163515","No","Grinnell, 1920","Subspecies","Animalia","Chordata","Amphibia","Caudata","Ambystomatidae","Ambystoma","Ambystoma californiense"
"738","6163517","Mammals","Dipodomys nitratoides exilis","Fresno Kangaroo Rat","SE","None","Dipodomys nitratoides exilis","6163517","No","Merriam, 1894","Subspecies","Animalia","Chordata","Amphibia","Caudata","Ambystomatidae","Ambystoma","Ambystoma californiense"
"739","7059259","Mammals","Dipodomys nitratoides nitratoides","Tipton Kangaroo Rat","SE","None","Dipodomys nitratoides nitratoides","7059259","No","","Subspecies","Animalia","Chordata","Amphibia","Caudata","Ambystomatidae","Ambystoma","Ambystoma californiense"
"740","2439533","Mammals","Dipodomys simulans","Dulzura Kangaroo Rat","None","SSC","Dipodomys simulans","2439533","No","(Merriam, 1904) ","Species","Animalia","Chordata","Amphibia","Caudata","Ambystomatidae","Ambystoma","Ambystoma californiense"
"741","7261494","Mammals","Dipodomys simulans simulans","None","None","SSC","Dipodomys simulans simulans","7261494","No","","Subspecies","Animalia","Chordata","Amphibia","Caudata","Ambystomatidae","Ambystoma","Ambystoma californiense"
"742","2439542","Mammals","Dipodomys stephensi","Stephens’ Kangaroo Rat","ST","None","Dipodomys stephensi","2439542","No","(Merriam, 1907) ","Species","Animalia","Chordata","Amphibia","Caudata","Ambystomatidae","Ambystoma","Ambystoma californiense"
"743","2439514","Mammals","Dipodomys venustus","Narrow-faced Kangaroo Rat","None","SSC","Dipodomys venustus","2439514","No","(Merriam, 1904) ","Species","Animalia","Chordata","Amphibia","Caudata","Ambystomatidae","Ambystoma","Ambystoma californiense"
"744","6163511","Mammals","Dipodomys venustus elephantinus","Big-eared Kangaroo Rat","None","SSC","Dipodomys venustus elephantinus","6163511","No","(Grinnell, 1919) ","Subspecies","Animalia","Chordata","Amphibia","Caudata","Ambystomatidae","Ambystoma","Ambystoma californiense"
"745","7059258","Mammals","Dipodomys venustus venustus","Santa Cruz Kangaroo Rat","None","SSC","Dipodomys venustus venustus","7059258","No","","Subspecies","Animalia","Chordata","Amphibia","Caudata","Ambystomatidae","Ambystoma","Ambystoma californiense"
"746","6163936","Mammals","Enhydra lutris nereis","Southern Sea Otter","SFP","SSC","Enhydra lutris nereis","6163936","No","(Merriam, 1904) ","Subspecies","Animalia","Chordata","Amphibia","Caudata","Ambystomatidae","Ambystoma","Ambystoma californiense"
"747","6066824","Mammals","Erethizon dorsatum","North American Porcupine","None","SSC","Erethizon dorsatus","6066824","No","(Linnaeus, 1758) ","Species","Animalia","Chordata","Amphibia","Caudata","Ambystomatidae","Ambystoma","Ambystoma californiense"
"748","9747921","Mammals","Eubalaena japonica","North Pacific Right Whale","SFP","None","Eubalaena japonica","9747921","No","(Lacépède, 1818) ","Species","Animalia","Chordata","Amphibia","Caudata","Ambystomatidae","Ambystoma","Ambystoma californiense"
"749","2432579","Mammals","Euderma maculatum","Spotted Bat","None","SSC","Euderma maculatum","2432579","No","(J.A.Allen, 1891) ","Species","Animalia","Chordata","Amphibia","Caudata","Ambystomatidae","Ambystoma","Ambystoma californiense"
"750","2433462","Mammals","Eumetopias jubatus","Steller Sea Lion","None","SSC","Eumetopias jubatus","2433462","No","(Schreber, 1776) ","Species","Animalia","Chordata","Amphibia","Caudata","Ambystomatidae","Ambystoma","Ambystoma californiense"
"751","4266567","Mammals","Eumops perotis californicus","Western Mastiff Bat","None","SSC","Eumops perotis californicus","4266567","No","(Merriam, 1890) ","Subspecies","Animalia","Chordata","Amphibia","Caudata","Ambystomatidae","Ambystoma","Ambystoma californiense"
"752","2437330","Mammals","Glaucomys oregonensis californicus","San Bernardino Flying Squirrel","None","SSC","Glaucomys","2437330","No","Thomas, 1908","Genus","Animalia","Chordata","Amphibia","Caudata","Ambystomatidae","Ambystoma","Ambystoma californiense"
"753","5219073","Mammals","Gulo gulo","Wolverine","ST, SFP","None","Gulo gulo","5219073","No","(Linnaeus, 1758) ","Species","Animalia","Chordata","Amphibia","Caudata","Ambystomatidae","Ambystoma","Ambystoma californiense"
"754","2432341","Mammals","Lasionycteris noctivagans","Silver-haired Bat","None","SSC","Lasionycteris noctivagans","2432341","No","(Le Conte, 1831) ","Species","Animalia","Chordata","Amphibia","Caudata","Ambystomatidae","Ambystoma","Ambystoma californiense"
"755","5218544","Mammals","Lasiurus cinereus","Hoary Bat","None","SSC","Aeorestes cinereus","11138256","No","(Palisot de Beauvois, 1796) ","Species","Animalia","Chordata","Amphibia","Caudata","Ambystomatidae","Ambystoma","Ambystoma californiense"
"756","7193858","Mammals","Lasiurus cinereus cinereus","None","None","SSC","Lasiurus cinereus cinereus","7193858","No","","Subspecies","Animalia","Chordata","Amphibia","Caudata","Ambystomatidae","Ambystoma","Ambystoma californiense"
"757","11202631","Mammals","Lasiurus frantzii","Western Red Bat","None","SSC","Lasiurus frantzii","11202631","No","(Peters, 1871) ","Species","Animalia","Chordata","Amphibia","Caudata","Ambystomatidae","Ambystoma","Ambystoma californiense"
"758","5218541","Mammals","Lasiurus xanthinus","Western Yellow Bat","None","SSC","Dasypterus xanthinus","11114784","No","Thomas, 1897","Species","Animalia","Chordata","Amphibia","Caudata","Ambystomatidae","Ambystoma","Ambystoma californiense"
"759","2433312","Mammals","Leptonycteris yerbabuenae","Lesser Long-nosed Bat","None","SSC","Leptonycteris yerbabuenae","2433312","No","Martínez & Villa-R., 1940","Species","Animalia","Chordata","Amphibia","Caudata","Ambystomatidae","Ambystoma","Ambystoma californiense"
"760","9080113","Mammals","Lepus americanus klamathensis","Oregon Snowshoe Hare","None","SSC","Lepus americanus klamathensis","9080113","No","Merriam, 1899","Subspecies","Animalia","Chordata","Amphibia","Caudata","Ambystomatidae","Ambystoma","Ambystoma californiense"
"761","8735370","Mammals","Lepus americanus tahoensis","Sierra Nevada Snowshoe Hare","None","SSC","Lepus americanus tahoensis","8735370","No","Orr, 1933","Subspecies","Animalia","Chordata","Amphibia","Caudata","Ambystomatidae","Ambystoma","Ambystoma californiense"
"762","7059428","Mammals","Lepus townsendii townsendii","Western White-tailed Jackrabbit","None","SSC","Lepus townsendii townsendii","7059428","No","Bachman, 1839","Subspecies","Animalia","Chordata","Amphibia","Caudata","Ambystomatidae","Ambystoma","Ambystoma californiense"
"763","6163978","Mammals","Lontra canadensis sonora","Southwestern River Otter","None","SSC","Lontra canadensis sonora","6163978","No","(Rhoads, 1898) ","Subspecies","Animalia","Chordata","Amphibia","Caudata","Ambystomatidae","Ambystoma","Ambystoma californiense"
"764","2433296","Mammals","Macrotus californicus","California Leaf-nosed Bat","None","SSC","Macrotus californicus","2433296","No","Baird, 1858","Species","Animalia","Chordata","Amphibia","Caudata","Ambystomatidae","Ambystoma","Ambystoma californiense"
"765","5847373","Mammals","Martes caurina","Pacific Marten","None","SSC","Martes caurina","5847373","Yes","(Merriam, 1890) ","Species","Animalia","Chordata","Amphibia","Caudata","Ambystomatidae","Ambystoma","Ambystoma californiense"
"766","5847373","Mammals","Martes caurina humboldtensis","Humboldt Marten","SE","SSC","Martes caurina","5847373","Yes","(Merriam, 1890) ","Species","Animalia","Chordata","Amphibia","Caudata","Ambystomatidae","Ambystoma","Ambystoma californiense"
"767","5220086","Mammals","Megaptera novaeangliae","Humpback Whale","None","None","Megaptera novaeangliae","5220086","No","(Borowski, 1781) ","Species","Animalia","Chordata","Amphibia","Caudata","Ambystomatidae","Ambystoma","Ambystoma californiense"
"768","8990173","Mammals","Microtus californicus halophilus","Monterey Vole","None","SSC","Microtus californicus halophilus","8990173","No","von Bloeker, 1937","Subspecies","Animalia","Chordata","Amphibia","Caudata","Ambystomatidae","Ambystoma","Ambystoma californiense"
"769","8898426","Mammals","Microtus californicus mohavensis","Mohave River Vole","None","SSC","Microtus californicus mohavensis","8898426","No","Kellogg, 1918","Subspecies","Animalia","Chordata","Amphibia","Caudata","Ambystomatidae","Ambystoma","Ambystoma californiense"
"770","8851198","Mammals","Microtus californicus paludicola","Marsh Vole","None","SSC","Microtus californicus paludicola","8851198","No","Hatfield, 1935","Subspecies","Animalia","Chordata","Amphibia","Caudata","Ambystomatidae","Ambystoma","Ambystoma californiense"
"771","8763817","Mammals","Microtus californicus sanpabloensis","San Pablo Vole","None","SSC","Microtus californicus sanpabloensis","8763817","No","Thaeler, 1961","Subspecies","Animalia","Chordata","Amphibia","Caudata","Ambystomatidae","Ambystoma","Ambystoma californiense"
"772","6163547","Mammals","Microtus californicus scirpensis","Amargosa Vole","SE","None","Microtus californicus scirpensis","6163547","No","Bailey, 1900","Subspecies","Animalia","Chordata","Amphibia","Caudata","Ambystomatidae","Ambystoma","Ambystoma californiense"
"773","8723255","Mammals","Microtus californicus stephensi","South Coast Marsh Vole","None","SSC","Microtus californicus stephensi","8723255","No","von Bloeker, 1932","Subspecies","Animalia","Chordata","Amphibia","Caudata","Ambystomatidae","Ambystoma","Ambystoma californiense"
"774","9214109","Mammals","Microtus californicus vallicola","Owens Valley Vole","None","SSC","Microtus californicus vallicola","9214109","No","Bailey, 1898","Subspecies","Animalia","Chordata","Amphibia","Caudata","Ambystomatidae","Ambystoma","Ambystoma californiense"
"775","2438621","Mammals","Microtus longicaudus bernardinus","San Bernardino Mountains Long-tailed Vole","None","SSC","Microtus longicaudus","2438621","No","(Merriam, 1888) ","Species","Animalia","Chordata","Amphibia","Caudata","Ambystomatidae","Ambystoma","Ambystoma californiense"
"776","2434813","Mammals","Mirounga angustirostris","Northern Elephant Seal","SFP","None","Mirounga angustirostris","2434813","No","(Gill, 1866) ","Species","Animalia","Chordata","Amphibia","Caudata","Ambystomatidae","Ambystoma","Ambystoma californiense"
"777","2432456","Mammals","Myotis ciliolabrum","Western Small-footed Myotis","None","SSC","Myotis ciliolabrum","2432456","No","(Merriam, 1886) ","Species","Animalia","Chordata","Amphibia","Caudata","Ambystomatidae","Ambystoma","Ambystoma californiense"
"778","2432413","Mammals","Myotis evotis","Long-eared Myotis","None","SSC","Myotis evotis","2432413","No","(H.Allen, 1864) ","Species","Animalia","Chordata","Amphibia","Caudata","Ambystomatidae","Ambystoma","Ambystoma californiense"
"779","7261862","Mammals","Myotis evotis evotis","None","None","SSC","Myotis evotis evotis","7261862","No","(H.Allen, 1864) ","Subspecies","Animalia","Chordata","Amphibia","Caudata","Ambystomatidae","Ambystoma","Ambystoma californiense"
"780","4266435","Mammals","Myotis evotis pacificus","None","None","SSC","Myotis evotis pacificus","4266435","No","Dalquest, 1943","Subspecies","Animalia","Chordata","Amphibia","Caudata","Ambystomatidae","Ambystoma","Ambystoma californiense"
"781","4266411","Mammals","Myotis occultus","Arizona Myotis","None","SSC","Myotis occultus","4266411","No","Hollister, 1909","Species","Animalia","Chordata","Amphibia","Caudata","Ambystomatidae","Ambystoma","Ambystoma californiense"
"782","2432399","Mammals","Myotis thysanodes","Fringed Myotis","None","SSC","Myotis thysanodes","2432399","No","Miller, 1897","Species","Animalia","Chordata","Amphibia","Caudata","Ambystomatidae","Ambystoma","Ambystoma californiense"
"783","7261879","Mammals","Myotis thysanodes thysanodes","None","None","SSC","Myotis thysanodes thysanodes","7261879","No","Miller, 1897","Subspecies","Animalia","Chordata","Amphibia","Caudata","Ambystomatidae","Ambystoma","Ambystoma californiense"
"784","4266343","Mammals","Myotis thysanodes vespertinus","Pacific Fringe-tailed Bat","None","SSC","Myotis thysanodes vespertinus","4266343","No","Manning & Jones, 1988","Subspecies","Animalia","Chordata","Amphibia","Caudata","Ambystomatidae","Ambystoma","Ambystoma californiense"
"785","2432386","Mammals","Myotis velifer","Cave Myotis","None","SSC","Myotis velifer","2432386","No","(J.A.Allen, 1890) ","Species","Animalia","Chordata","Amphibia","Caudata","Ambystomatidae","Ambystoma","Ambystoma californiense"
"786","7261867","Mammals","Myotis velifer velifer","Arizona Cave Myotis","None","SSC","Myotis velifer velifer","7261867","No","(J.A.Allen, 1890) ","Subspecies","Animalia","Chordata","Amphibia","Caudata","Ambystomatidae","Ambystoma","Ambystoma californiense"
"787","2432411","Mammals","Myotis volans","Long-legged Myotis","None","SSC","Myotis volans","2432411","No","(H.Allen, 1866) ","Species","Animalia","Chordata","Amphibia","Caudata","Ambystomatidae","Ambystoma","Ambystoma californiense"
"788","4266437","Mammals","Myotis volans interior","None","None","SSC","Myotis volans interior","4266437","No","Miller, 1914","Subspecies","Animalia","Chordata","Amphibia","Caudata","Ambystomatidae","Ambystoma","Ambystoma californiense"
"789","4266432","Mammals","Myotis volans longicrus","None","None","SSC","Myotis volans longicrus","4266432","No","(True, 1886) ","Subspecies","Animalia","Chordata","Amphibia","Caudata","Ambystomatidae","Ambystoma","Ambystoma californiense"
"790","4833733","Mammals","Neogale frenata inyoensis","Inyo Long-tailed Weasel","None","SSC","Mustela","44","Yes","Linnaeus, 1758","Genus","Animalia","Chordata","Amphibia","Caudata","Ambystomatidae","Ambystoma","Ambystoma californiense"
"791","4833733","Mammals","Neogale frenata xanthogenys","San Joaquin Long-tailed Weasel","None","SSC","Mustela","44","Yes","Linnaeus, 1758","Genus","Animalia","Chordata","Amphibia","Caudata","Ambystomatidae","Ambystoma","Ambystoma californiense"
"792","4972369","Mammals","Neotamias alpinus","Alpine Chipmunk","None","SSC","Tamias alpinus","2437442","No","Merriam, 1893","Species","Animalia","Chordata","Amphibia","Caudata","Ambystomatidae","Ambystoma","Ambystoma californiense"
"793","4972383","Mammals","Neotamias speciosus callipeplus","Mount Pinos Chipmunk","None","SSC","Tamias speciosus","2437439","Yes","Merriam, 1890","Species","Animalia","Chordata","Amphibia","Caudata","Ambystomatidae","Ambystoma","Ambystoma californiense"
"794","4972383","Mammals","Neotamias speciosus speciosus","Lodgepole Chipmunk","None","SSC","Tamias speciosus","2437439","Yes","Merriam, 1890","Species","Animalia","Chordata","Amphibia","Caudata","Ambystomatidae","Ambystoma","Ambystoma californiense"
"795","2438454","Mammals","Neotoma albigula venusta","Colorado Valley Woodrat","None","SSC","Neotoma albigula","2438454","No","Hartley, 1894","Species","Animalia","Chordata","Amphibia","Caudata","Ambystomatidae","Ambystoma","Ambystoma californiense"
"796","6163573","Mammals","Neotoma fuscipes riparia","Riparian (= San Joaquin Valley) Woodrat","None","SSC","Neotoma fuscipes riparia","6163573","No","Hooper, 1938","Subspecies","Animalia","Chordata","Amphibia","Caudata","Ambystomatidae","Ambystoma","Ambystoma californiense"
"797","2433064","Mammals","Nyctinomops femorosaccus","Pocketed Free-tailed Bat","None","SSC","Nyctinomops femorosaccus","2433064","No","(Merriam, 1889) ","Species","Animalia","Chordata","Amphibia","Caudata","Ambystomatidae","Ambystoma","Ambystoma californiense"
"798","2433062","Mammals","Nyctinomops macrotis","Big Free-tailed Bat","None","SSC","Nyctinomops macrotis","2433062","No","(Gray, 1840) ","Species","Animalia","Chordata","Amphibia","Caudata","Ambystomatidae","Ambystoma","Ambystoma californiense"
"799","6164775","Mammals","Ochotona princeps schisticeps","Gray-headed Pika","None","None","Ochotona princeps schisticeps","6164775","No","(Merriam, 1889) ","Subspecies","Animalia","Chordata","Amphibia","Caudata","Ambystomatidae","Ambystoma","Ambystoma californiense"
"800","9000569","Mammals","Onychomys torridus ramona","Southern Grasshopper Mouse","None","SSC","Onychomys torridus ramona","9000569","No","Rhoads, 1893","Subspecies","Animalia","Chordata","Amphibia","Caudata","Ambystomatidae","Ambystoma","Ambystoma californiense"
"801","8721689","Mammals","Onychomys torridus tularensis","Tulare Grasshopper Mouse","None","SSC","Onychomys torridus tularensis","8721689","No","Merriam, 1904","Subspecies","Animalia","Chordata","Amphibia","Caudata","Ambystomatidae","Ambystoma","Ambystoma californiense"
"802","2440483","Mammals","Orcinus orca","Killer Whale – Southern Resident DPS","None","None","Orcinus orca","2440483","No","(Linnaeus, 1758) ","Species","Animalia","Chordata","Amphibia","Caudata","Ambystomatidae","Ambystoma","Ambystoma californiense"
"803","2441119","Mammals","Ovis canadensis","Bighorn Sheep","SFP","SSC","Ovis canadensis","2441119","Yes","Shaw, 1804","Species","Animalia","Chordata","Amphibia","Caudata","Ambystomatidae","Ambystoma","Ambystoma californiense"
"804","4262556","Mammals","Ovis canadensis nelsoni","Desert Bighorn Sheep","SFP","SSC","Ovis canadensis nelsoni","4262556","No","Merriam, 1897","Subspecies","Animalia","Chordata","Amphibia","Caudata","Ambystomatidae","Ambystoma","Ambystoma californiense"
"805","2441119","Mammals","Ovis canadensis nelsoni pop. 2","Peninsular Bighorn Sheep DPS","ST, SFP","None","Ovis canadensis","2441119","Yes","Shaw, 1804","Species","Animalia","Chordata","Amphibia","Caudata","Ambystomatidae","Ambystoma","Ambystoma californiense"
"806","8781781","Mammals","Ovis canadensis sierrae","Sierra Nevada Bighorn Sheep","SE, SFP","None","Ovis canadensis sierrae","8781781","No","Grinnell, 1912","Subspecies","Animalia","Chordata","Amphibia","Caudata","Ambystomatidae","Ambystoma","Ambystoma californiense"
"807","10112995","Mammals","Pekania pennanti pacifica","Pacific Fisher","None","SSC","Pekania pennanti pacifica","10112995","No","(Rhoads, 1898) ","Subspecies","Animalia","Chordata","Amphibia","Caudata","Ambystomatidae","Ambystoma","Ambystoma californiense"
"808","8631083","Mammals","Pekania pennanti pop. 2","Fisher – Southern Sierra Nevada ESU","None","SSC","Pekania pennanti","8631083","No","(Erxleben, 1777) ","Species","Animalia","Chordata","Amphibia","Caudata","Ambystomatidae","Ambystoma","Ambystoma californiense"
"809","4263073","Mammals","Perognathus alticolus","White-eared Pocket Mouse","None","SSC","Perognathus alticolus","4263073","No","Rhoads, 1894","Species","Animalia","Chordata","Amphibia","Caudata","Ambystomatidae","Ambystoma","Ambystoma californiense"
"810","7261483","Mammals","Perognathus alticolus alticolus","White-eared Pocket Mouse","None","SSC","Perognathus alticolus alticolus","7261483","No","Rhoads, 1894","Subspecies","Animalia","Chordata","Amphibia","Caudata","Ambystomatidae","Ambystoma","Ambystoma californiense"
"811","4263115","Mammals","Perognathus alticolus inexpectatus","Tehachapi Pocket Mouse","None","SSC","Perognathus alticolus inexpectatus","4263115","No","Huey, 1926","Subspecies","Animalia","Chordata","Amphibia","Caudata","Ambystomatidae","Ambystoma","Ambystoma californiense"
"812","2439562","Mammals","Perognathus inornatus","San Joaquin Pocket Mouse","None","SSC","Perognathus inornatus","2439562","No","Merriam, 1889","Species","Animalia","Chordata","Amphibia","Caudata","Ambystomatidae","Ambystoma","Ambystoma californiense"
"813","7261479","Mammals","Perognathus inornatus inornatus","Fresno Pocket Mouse","None","SSC","Perognathus inornatus inornatus","7261479","No","","Subspecies","Animalia","Chordata","Amphibia","Caudata","Ambystomatidae","Ambystoma","Ambystoma californiense"
"814","4263085","Mammals","Perognathus inornatus neglectus","Mckittrick Pocket Mouse","None","SSC","Perognathus inornatus neglectus","4263085","No","Taylor, 1912","Subspecies","Animalia","Chordata","Amphibia","Caudata","Ambystomatidae","Ambystoma","Ambystoma californiense"
"815","4263075","Mammals","Perognathus inornatus psammophilus","Salinas Pocket Mouse","None","SSC","Perognathus inornatus psammophilus","4263075","No","von Bloeker, 1937","Subspecies","Animalia","Chordata","Amphibia","Caudata","Ambystomatidae","Ambystoma","Ambystoma californiense"
"816","4263088","Mammals","Perognathus longimembris bangsi","Palm Springs Pocket Mouse","None","SSC","Perognathus longimembris bangsi","4263088","No","Mearns, 1898","Subspecies","Animalia","Chordata","Amphibia","Caudata","Ambystomatidae","Ambystoma","Ambystoma californiense"
"817","4263128","Mammals","Perognathus longimembris brevinasus","Los Angeles Pocket Mouse","None","SSC","Perognathus longimembris brevinasus","4263128","No","Osgood, 1900","Subspecies","Animalia","Chordata","Amphibia","Caudata","Ambystomatidae","Ambystoma","Ambystoma californiense"
"818","4263110","Mammals","Perognathus longimembris internationalis","Jacumba Pocket Mouse","None","SSC","Perognathus longimembris internationalis","4263110","No","Huey, 1939","Subspecies","Animalia","Chordata","Amphibia","Caudata","Ambystomatidae","Ambystoma","Ambystoma californiense"
"819","6163502","Mammals","Perognathus longimembris pacificus","Pacific Pocket Mouse","None","SSC","Perognathus longimembris pacificus","6163502","No","Mearns, 1898","Subspecies","Animalia","Chordata","Amphibia","Caudata","Ambystomatidae","Ambystoma","Ambystoma californiense"
"820","11806409","Mammals","Perognathus mollipilosus xanthonotus","Yellow-eared Pocket Mouse","None","SSC","Perognathus mollipilosus","11806409","No","Coues, 1875","Species","Animalia","Chordata","Amphibia","Caudata","Ambystomatidae","Ambystoma","Ambystoma californiense"
"821","8794195","Mammals","Peromyscus maniculatus anacapae","Anacapa Island Deer Mouse","None","SSC","Peromyscus maniculatus anacapae","8794195","No","von Bloeker, 1942","Subspecies","Animalia","Chordata","Amphibia","Caudata","Ambystomatidae","Ambystoma","Ambystoma californiense"
"822","9105000","Mammals","Peromyscus maniculatus clementis","San Clemente Deer Mouse","None","SSC","Peromyscus maniculatus clementis","9105000","No","Mearns, 1896","Subspecies","Animalia","Chordata","Amphibia","Caudata","Ambystomatidae","Ambystoma","Ambystoma californiense"
"823","8123917","Mammals","Physeter macrocephalus","Sperm Whale","None","None","Physeter macrocephalus","8123917","No","Linnaeus, 1758","Species","Animalia","Chordata","Amphibia","Caudata","Ambystomatidae","Ambystoma","Ambystoma californiense"
"824","2435099","Mammals","Puma concolor pop. 2","Mountain Lion – Southern California/Central Coast ESU","SCL","None","Puma concolor","2435099","No","(Linnaeus, 1771) ","Species","Animalia","Chordata","Amphibia","Caudata","Ambystomatidae","Ambystoma","Ambystoma californiense"
"825","9060309","Mammals","Reithrodontomys megalotis distichlis","Salinas Harvest Mouse","None","SSC","Reithrodontomys megalotis distichlis","9060309","No","von Bloeker, 1937","Subspecies","Animalia","Chordata","Amphibia","Caudata","Ambystomatidae","Ambystoma","Ambystoma californiense"
"826","8895578","Mammals","Reithrodontomys megalotis limicola","Southern Marsh Harvest Mouse","None","SSC","Reithrodontomys megalotis limicola","8895578","No","von Bloeker, 1932","Subspecies","Animalia","Chordata","Amphibia","Caudata","Ambystomatidae","Ambystoma","Ambystoma californiense"
"827","9045378","Mammals","Reithrodontomys megalotis santacruzae","Santa Cruz Harvest Mouse","None","SSC","Reithrodontomys megalotis santacruzae","9045378","No","Pearson, 1951","Subspecies","Animalia","Chordata","Amphibia","Caudata","Ambystomatidae","Ambystoma","Ambystoma californiense"
"828","2437867","Mammals","Reithrodontomys raviventris","Salt-Marsh Harvest Mouse","SE, SFP","SSC","Reithrodontomys raviventris","2437867","No","Dixon, 1908","Species","Animalia","Chordata","Amphibia","Caudata","Ambystomatidae","Ambystoma","Ambystoma californiense"
"829","6163437","Mammals","Scapanus latimanus parvus","Alameda Island Mole","None","SSC","Scapanus latimanus parvus","6163437","No","F.G.Palmer, 1937","Subspecies","Animalia","Chordata","Amphibia","Caudata","Ambystomatidae","Ambystoma","Ambystoma californiense"
"830","6163540","Mammals","Sigmodon arizonae plenus","Colorado River Cotton Rat","None","SSC","Sigmodon arizonae plenus","6163540","No","Goldman, 1928","Subspecies","Animalia","Chordata","Amphibia","Caudata","Ambystomatidae","Ambystoma","Ambystoma californiense"
"831","9075828","Mammals","Sigmodon hispidus eremicus","Yuma Hispid Cotton Rat","None","SSC","Sigmodon hispidus eremicus","9075828","No","Mearns, 1897","Subspecies","Animalia","Chordata","Amphibia","Caudata","Ambystomatidae","Ambystoma","Ambystoma californiense"
"832","2436062","Mammals","Sorex lyelli","Mount Lyell Shrew","None","SSC","Sorex lyelli","2436062","No","Merriam, 1902","Species","Animalia","Chordata","Amphibia","Caudata","Ambystomatidae","Ambystoma","Ambystoma californiense"
"833","6163345","Mammals","Sorex ornatus relictus","Buena Vista Lake Ornate Shrew","None","SSC","Sorex ornatus relictus","6163345","No","Grinnell, 1932","Subspecies","Animalia","Chordata","Amphibia","Caudata","Ambystomatidae","Ambystoma","Ambystoma californiense"
"834","6163344","Mammals","Sorex ornatus salarius","Monterey Shrew","None","SSC","Sorex ornatus salarius","6163344","No","von Bloeker, 1939","Subspecies","Animalia","Chordata","Amphibia","Caudata","Ambystomatidae","Ambystoma","Ambystoma californiense"
"835","6163341","Mammals","Sorex ornatus salicornicus","Southern California Saltmarsh Shrew","None","SSC","Sorex ornatus salicornicus","6163341","No","von Bloeker, 1932","Subspecies","Animalia","Chordata","Amphibia","Caudata","Ambystomatidae","Ambystoma","Ambystoma californiense"
"836","6163346","Mammals","Sorex ornatus sinuosus","Suisun Shrew","None","SSC","Sorex ornatus sinuosus","6163346","No","Grinnell, 1913","Subspecies","Animalia","Chordata","Amphibia","Caudata","Ambystomatidae","Ambystoma","Ambystoma californiense"
"837","6163343","Mammals","Sorex ornatus willetti","Santa Catalina Shrew","None","SSC","Sorex ornatus willetti","6163343","No","von Bloeker, 1942","Subspecies","Animalia","Chordata","Amphibia","Caudata","Ambystomatidae","Ambystoma","Ambystoma californiense"
"838","6163394","Mammals","Sorex vagrans halicoetes","Salt-Marsh Wandering Shrew","None","SSC","Sorex vagrans halicoetes","6163394","No","Grinnell, 1913","Subspecies","Animalia","Chordata","Amphibia","Caudata","Ambystomatidae","Ambystoma","Ambystoma californiense"
"839","6163395","Mammals","Sorex vagrans paludivagus","Monterey Vagrant Shrew","None","SSC","Sorex vagrans paludivagus","6163395","No","von Bloeker, 1939","Subspecies","Animalia","Chordata","Amphibia","Caudata","Ambystomatidae","Ambystoma","Ambystoma californiense"
"840","6164477","Mammals","Spilogale gracilis amphialus","Channel Islands Spotted Skunk","None","SSC","Spilogale gracilis amphialus","6164477","No","Dickey, 1929","Subspecies","Animalia","Chordata","Amphibia","Caudata","Ambystomatidae","Ambystoma","Ambystoma californiense"
"841","6164827","Mammals","Sylvilagus bachmani riparius","Riparian Brush Rabbit","SE","None","Sylvilagus bachmani riparius","6164827","No","Orr, 1935","Subspecies","Animalia","Chordata","Amphibia","Caudata","Ambystomatidae","Ambystoma","Ambystoma californiense"
"842","2434102","Mammals","Taxidea taxus","American Badger","None","SSC","Taxidea taxus","2434102","No","(Schreber, 1777) ","Species","Animalia","Chordata","Amphibia","Caudata","Ambystomatidae","Ambystoma","Ambystoma californiense"
"843","6163990","Mammals","Taxidea taxus berlandieri","None","None","SSC","Taxidea taxus berlandieri","6163990","No","Baird, 1858","Subspecies","Animalia","Chordata","Amphibia","Caudata","Ambystomatidae","Ambystoma","Ambystoma californiense"
"844","6163987","Mammals","Taxidea taxus jeffersonii","None","None","SSC","Taxidea taxus jeffersonii","6163987","No","(Harlan, 1825) ","Subspecies","Animalia","Chordata","Amphibia","Caudata","Ambystomatidae","Ambystoma","Ambystoma californiense"
"845","7666001","Mammals","Urocitellus mollis","Piute Ground Squirrel","None","SSC","Urocitellus mollis","7666001","No","(Kennicott, 1863) ","Species","Animalia","Chordata","Amphibia","Caudata","Ambystomatidae","Ambystoma","Ambystoma californiense"
"846","8813380","Mammals","Urocitellus mollis mollis","None","None","SSC","Urocitellus mollis mollis","8813380","No","","Subspecies","Animalia","Chordata","Amphibia","Caudata","Ambystomatidae","Ambystoma","Ambystoma californiense"
"847","6164355","Mammals","Urocyon littoralis catalinae","Santa Catalina Island Fox","ST","None","Urocyon littoralis catalinae","6164355","No","Merriam, 1903","Subspecies","Animalia","Chordata","Amphibia","Caudata","Ambystomatidae","Ambystoma","Ambystoma californiense"
"848","6164353","Mammals","Urocyon littoralis clementae","San Clemente Island Fox","ST","None","Urocyon littoralis clementae","6164353","No","Merriam, 1903","Subspecies","Animalia","Chordata","Amphibia","Caudata","Ambystomatidae","Ambystoma","Ambystoma californiense"
"849","6164356","Mammals","Urocyon littoralis dickeyi","San Nicolas Island Fox","ST","None","Urocyon littoralis dickeyi","6164356","No","Grinnell & Linsdale, 1930","Subspecies","Animalia","Chordata","Amphibia","Caudata","Ambystomatidae","Ambystoma","Ambystoma californiense"
"850","7193875","Mammals","Urocyon littoralis littoralis","San Miguel Island Fox","ST","None","Urocyon littoralis littoralis","7193875","No","","Subspecies","Animalia","Chordata","Amphibia","Caudata","Ambystomatidae","Ambystoma","Ambystoma californiense"
"851","6164354","Mammals","Urocyon littoralis santacruzae","Santa Cruz Island Fox","ST","None","Urocyon littoralis santacruzae","6164354","No","Merriam, 1903","Subspecies","Animalia","Chordata","Amphibia","Caudata","Ambystomatidae","Ambystoma","Ambystoma californiense"
"852","6164352","Mammals","Urocyon littoralis santarosae","Santa Rosa Island Fox","ST","None","Urocyon littoralis santarosae","6164352","No","Grinnell & Linsdale, 1930","Subspecies","Animalia","Chordata","Amphibia","Caudata","Ambystomatidae","Ambystoma","Ambystoma californiense"
"853","6164308","Mammals","Vulpes macrotis mutica","San Joaquin Kit Fox","ST","None","Vulpes macrotis mutica","6164308","No","Merriam, 1902","Subspecies","Animalia","Chordata","Amphibia","Caudata","Ambystomatidae","Ambystoma","Ambystoma californiense"
"854","5219243","Mammals","Vulpes vulpes necator pop. 1","Sierra Nevada Red Fox – Southern Cascades DPS","ST","None","Vulpes vulpes","5219243","Yes","(Linnaeus, 1758) ","Species","Animalia","Chordata","Amphibia","Caudata","Ambystomatidae","Ambystoma","Ambystoma californiense"
"855","5219243","Mammals","Vulpes vulpes necator pop. 2","Sierra Nevada Red Fox – Sierra Nevada DPS","ST","None","Vulpes vulpes","5219243","Yes","(Linnaeus, 1758) ","Species","Animalia","Chordata","Amphibia","Caudata","Ambystomatidae","Ambystoma","Ambystoma californiense"
"856","5219243","Mammals","Vulpes vulpes patwin","Sacramento Valley Red Fox","None","SSC","Vulpes vulpes","5219243","Yes","(Linnaeus, 1758) ","Species","Animalia","Chordata","Amphibia","Caudata","Ambystomatidae","Ambystoma","Ambystoma californiense"
"857","7781204","Mammals","Xerospermophilus mohavensis","Mohave Ground Squirrel","ST","None","Xerospermophilus mohavensis","7781204","No","(Merriam, 1889) ","Species","Animalia","Chordata","Amphibia","Caudata","Ambystomatidae","Ambystoma","Ambystoma californiense"
"858","8977773","Mammals","Xerospermophilus tereticaudus chlorus","Palm Springs Round-tailed Ground Squirrel","ST","SSC","Xerospermophilus tereticaudus chlorus","8977773","No","(Elliot, 1904) ","Subspecies","Animalia","Chordata","Amphibia","Caudata","Ambystomatidae","Ambystoma","Ambystoma californiense"
"859","5384871","Plants","Abronia alpina","Ramshaw Meadows Abronia","None","1B.1","Abronia alpina","5384871","No","Brandegee","Species","Animalia","Chordata","Amphibia","Caudata","Ambystomatidae","Ambystoma","Ambystoma californiense"
"860","5553514","Plants","Abronia umbellata var. breviflora","Pink Sand-Verbena","None","BLM-S; 1B.1","Abronia umbellata breviflora","5553514","No","(Standl.) L.A.Galloway","Variety","Animalia","Chordata","Amphibia","Caudata","Ambystomatidae","Ambystoma","Ambystoma californiense"
"861","5553491","Plants","Abronia villosa var. aurita","Chaparral Sand-Verbena","None","BLM-S; 1B.1","Abronia villosa aurita","5553491","No","(Abrams) Jeps.","Variety","Animalia","Chordata","Amphibia","Caudata","Ambystomatidae","Ambystoma","Ambystoma californiense"
"862","2927085","Plants","Acanthomintha duttonii","San Mateo Thorn-Mint","SE","1B.1","Acanthomintha duttonii","2927085","No","(Abrams) Jokerst","Species","Animalia","Chordata","Amphibia","Caudata","Ambystomatidae","Ambystoma","Ambystoma californiense"
"863","2927083","Plants","Acanthomintha ilicifolia","San Diego Thorn-Mint","SE","1B.1","Acanthomintha ilicifolia","2927083","No","A.Gray","Species","Animalia","Chordata","Amphibia","Caudata","Ambystomatidae","Ambystoma","Ambystoma californiense"
"864","4037560","Plants","Acanthoscyphus parishii var. goodmaniana","Cushenbury Oxytheca","None","1B.1","Acanthoscyphus parishii goodmaniana","4037560","No","(Ertter) Reveal","Variety","Animalia","Chordata","Amphibia","Caudata","Ambystomatidae","Ambystoma","Ambystoma californiense"
"865","3908188","Plants","Acmispon argophyllus var. adsurgens","San Clemente Island Bird’s-foot Trefoil","SE","1B.1","Acmispon argophyllus adsurgens","3908188","No","(Dunkle) Brouillet","Variety","Animalia","Chordata","Amphibia","Caudata","Ambystomatidae","Ambystoma","Ambystoma californiense"
"866","6069316","Plants","Acmispon argophyllus var. niveus","Santa Cruz Island Bird’s-foot Trefoil","SE","4.3","Acmispon argophyllus niveus","6069316","No","(Greene) Brouillet","Variety","Animalia","Chordata","Amphibia","Caudata","Ambystomatidae","Ambystoma","Ambystoma californiense"
"867","3908152","Plants","Acmispon dendroideus var. traskiae","San Clemente Island Lotus","SE","1B.3","Acmispon dendroideus traskiae","3908152","No","(Eastw. ex Abrams) Brouillet","Variety","Animalia","Chordata","Amphibia","Caudata","Ambystomatidae","Ambystoma","Ambystoma californiense"
"868","3907982","Plants","Acmispon prostratus","Nuttall’s Acmispon","None","1B.1","Acmispon prostratus","3907982","No","(Nutt.) Brouillet","Species","Animalia","Chordata","Amphibia","Caudata","Ambystomatidae","Ambystoma","Ambystoma californiense"
"869","2975791","Plants","Acmispon rubriflorus","Red-Flowered Bird’s-foot Trefoil","None","BLM-S; 1B.1","Acmispon rubriflorus","2975791","No","(H.Sharsm.) D.D.Sokoloff","Species","Animalia","Chordata","Amphibia","Caudata","Ambystomatidae","Ambystoma","Ambystoma californiense"
"870","7974259","Plants","Agrostis lacuna-vernalis","Vernal Pool Bent Grass","None","BLM-S; 1B.1","Agrostis lacuna-vernalis","7974259","No","P.M.Peterson & Soreng","Species","Animalia","Chordata","Amphibia","Caudata","Ambystomatidae","Ambystoma","Ambystoma californiense"
"871","2856654","Plants","Allium munzii","Munz’s Onion","ST","1B.1","Allium munzii","2856654","No","(Ownbey & Aase ex Traub) McNeal","Species","Animalia","Chordata","Amphibia","Caudata","Ambystomatidae","Ambystoma","Ambystoma californiense"
"872","2857454","Plants","Allium yosemitense","Yosemite Onion","Rare","1B.3","Allium yosemitense","2857454","No","Eastw.","Species","Animalia","Chordata","Amphibia","Caudata","Ambystomatidae","Ambystoma","Ambystoma californiense"
"873","2705236","Plants","Alopecurus aequalis var. sonomensis","Sonoma Alopecurus","None","1B.1","Alopecurus","2705236","No","L.","Genus","Animalia","Chordata","Amphibia","Caudata","Ambystomatidae","Ambystoma","Ambystoma californiense"
"874","3110581","Plants","Ambrosia pumila","San Diego Ambrosia","None","1B.1","Ambrosia pumila","3110581","No","(Nutt.) A.Gray","Species","Animalia","Chordata","Amphibia","Caudata","Ambystomatidae","Ambystoma","Ambystoma californiense"
"875","7707728","Plants","Amsinckia grandiflora","Large-flowered Fiddleneck","SE","1B.1","Tracheophyta","7707728","No","","Phylum","Animalia","Chordata","Amphibia","Caudata","Ambystomatidae","Ambystoma","Ambystoma californiense"
"876","3132593","Plants","Ancistrocarphus keilii","Santa Ynez Groundstar","None","BLM-S; 1B.1","Ancistrocarphus keilii","3132593","No","Morefield","Species","Animalia","Chordata","Amphibia","Caudata","Ambystomatidae","Ambystoma","Ambystoma californiense"
"877","9325078","Plants","Aphyllon robbinsii","Robbins’ Broomrape","None","1B.1","Aphyllon robbinsii","9325078","No","(Heckard) A.C.Schneid.","Species","Animalia","Chordata","Amphibia","Caudata","Ambystomatidae","Ambystoma","Ambystoma californiense"
"878","5552393","Plants","Arabis mcdonaldiana","Mcdonald’s Rockcress","SE","1B.1","Arabis mcdonaldiana","5552393","No","Eastw.","Species","Animalia","Chordata","Amphibia","Caudata","Ambystomatidae","Ambystoma","Ambystoma californiense"
"879","7223553","Plants","Arctostaphylos bakeri ssp. bakeri","Baker’s Manzanita","Rare","1B.1","Arctostaphylos bakeri bakeri","7223553","No","","Subspecies","Animalia","Chordata","Amphibia","Caudata","Ambystomatidae","Ambystoma","Ambystoma californiense"
"880","4169459","Plants","Arctostaphylos bakeri ssp. sublaevis","Cedars Manzanita","Rare","BLM-S; 1B.2","Arctostaphylos bakeri sublaevis","4169459","No","P.V.Wells","Subspecies","Animalia","Chordata","Amphibia","Caudata","Ambystomatidae","Ambystoma","Ambystoma californiense"
"881","2882600","Plants","Arctostaphylos confertiflora","Santa Rosa Island Manzanita","None","1B.2","Arctostaphylos confertiflora","2882600","No","Eastw.","Species","Animalia","Chordata","Amphibia","Caudata","Ambystomatidae","Ambystoma","Ambystoma californiense"
"882","4168888","Plants","Arctostaphylos crustacea ssp. eastwoodiana","Eastwood’s Brittle-leaf Manzanita","None","1B.1","Arctostaphylos crustacea eastwoodiana","4168888","No","(P.V.Wells) V.T.Parker, M.C.Vasey & J.E.Keeley","Subspecies","Animalia","Chordata","Amphibia","Caudata","Ambystomatidae","Ambystoma","Ambystoma californiense"
"883","2882538","Plants","Arctostaphylos densiflora","Vine Hill Manzanita","SE","1B.1","Arctostaphylos densiflora","2882538","No","M.S.Baker","Species","Animalia","Chordata","Amphibia","Caudata","Ambystomatidae","Ambystoma","Ambystoma californiense"
"884","4168664","Plants","Arctostaphylos franciscana","Franciscan Manzanita","None","1B.1","Arctostaphylos franciscana","4168664","No","Eastw.","Species","Animalia","Chordata","Amphibia","Caudata","Ambystomatidae","Ambystoma","Ambystoma californiense"
"885","6399571","Plants","Arctostaphylos glandulosa ssp. crassifolia","Del Mar Manzanita","None","1B.1","Arctostaphylos glandulosa crassifolia","6399571","No","(Jeps.) P.V.Wells","Subspecies","Animalia","Chordata","Amphibia","Caudata","Ambystomatidae","Ambystoma","Ambystoma californiense"
"886","4168159","Plants","Arctostaphylos hookeri ssp. hearstiorum","Hearsts’ Manzanita","SE","1B.2","Arctostaphylos hookeri hearstiorum","4168159","No","(Hoover & Roof) P.V.Wells","Subspecies","Animalia","Chordata","Amphibia","Caudata","Ambystomatidae","Ambystoma","Ambystoma californiense"
"887","2882499","Plants","Arctostaphylos imbricata","San Bruno Mountain Manzanita","SE","1B.1","Arctostaphylos imbricata","2882499","No","Eastw.","Species","Animalia","Chordata","Amphibia","Caudata","Ambystomatidae","Ambystoma","Ambystoma californiense"
"888","4167641","Plants","Arctostaphylos montana ssp. ravenii","Presidio Manzanita","SE","1B.1","Arctostaphylos montana ravenii","4167641","No","(P.V.Wells) V.T.Parker, M.C.Vasey & J.E.Keeley","Subspecies","Animalia","Chordata","Amphibia","Caudata","Ambystomatidae","Ambystoma","Ambystoma californiense"
"889","2882602","Plants","Arctostaphylos morroensis","Morro Manzanita","SCL","1B.1","Arctostaphylos morroensis","2882602","No","Wiesl. & B.Schreib.","Species","Animalia","Chordata","Amphibia","Caudata","Ambystomatidae","Ambystoma","Ambystoma californiense"
"890","2882570","Plants","Arctostaphylos myrtifolia","Ione Manzanita","None","1B.2","Arctostaphylos myrtifolia","2882570","No","Parry","Species","Animalia","Chordata","Amphibia","Caudata","Ambystomatidae","Ambystoma","Ambystoma californiense"
"891","2882486","Plants","Arctostaphylos nipumu","Nipomo Mesa manzanita","None","1B.1","Arctostaphylos","2882486","No","Adans.","Genus","Animalia","Chordata","Amphibia","Caudata","Ambystomatidae","Ambystoma","Ambystoma californiense"
"892","4167248","Plants","Arctostaphylos ohloneana","Ohlone Manzanita","None","1B.1","Arctostaphylos ohloneana","4167248","No","M.C.Vasey & V.T.Parker","Species","Animalia","Chordata","Amphibia","Caudata","Ambystomatidae","Ambystoma","Ambystoma californiense"
"893","2882562","Plants","Arctostaphylos pacifica","Pacific Manzanita","SE","1B.1","Arctostaphylos pacifica","2882562","No","Roof","Species","Animalia","Chordata","Amphibia","Caudata","Ambystomatidae","Ambystoma","Ambystoma californiense"
"894","2882545","Plants","Arctostaphylos pajaroensis","Pajaro Manzanita","None","BLM-S; 1B.1","Arctostaphylos pajaroensis","2882545","No","(J.E.Adams ex Mc Minn) J.E.Adams","Species","Animalia","Chordata","Amphibia","Caudata","Ambystomatidae","Ambystoma","Ambystoma californiense"
"895","2882564","Plants","Arctostaphylos pallida","Pallid Manzanita","SE","1B.1","Arctostaphylos pallida","2882564","No","Eastw.","Species","Animalia","Chordata","Amphibia","Caudata","Ambystomatidae","Ambystoma","Ambystoma californiense"
"896","2882534","Plants","Arctostaphylos purissima","La Purisima Manzanita","None","1B.1","Arctostaphylos purissima","2882534","No","P.V.Wells","Species","Animalia","Chordata","Amphibia","Caudata","Ambystomatidae","Ambystoma","Ambystoma californiense"
"897","2882498","Plants","Arctostaphylos rainbowensis","Rainbow Manzanita","None","BLM-S; 1B.1","Arctostaphylos rainbowensis","2882498","No","J.E.Keeley & Massihi","Species","Animalia","Chordata","Amphibia","Caudata","Ambystomatidae","Ambystoma","Ambystoma californiense"
"898","2882540","Plants","Arctostaphylos rudis","Sand Mesa Manzanita","None","BLM-S; 1B.1","Arctostaphylos rudis","2882540","No","Jeps. & Wiesl.","Species","Animalia","Chordata","Amphibia","Caudata","Ambystomatidae","Ambystoma","Ambystoma californiense"
"899","6399204","Plants","Arctostaphylos stanfordiana ssp. decumbens","Rincon Ridge Manzanita","None","1B.1","Arctostaphylos stanfordiana decumbens","6399204","No","(P.V.Wells) P.V.Wells","Subspecies","Animalia","Chordata","Amphibia","Caudata","Ambystomatidae","Ambystoma","Ambystoma californiense"
"900","4166112","Plants","Arctostaphylos stanfordiana ssp. raichei","Raiche’s Manzanita","None","BLM-S; 1B.1","Arctostaphylos stanfordiana raichei","4166112","No","W.Knight","Subspecies","Animalia","Chordata","Amphibia","Caudata","Ambystomatidae","Ambystoma","Ambystoma californiense"
"901","4165965","Plants","Arctostaphylos tomentosa ssp. daciticola","Dacite Manzanita","None","1B.1","Arctostaphylos tomentosa daciticola","4165965","No","P.V.Wells","Subspecies","Animalia","Chordata","Amphibia","Caudata","Ambystomatidae","Ambystoma","Ambystoma californiense"
"902","5384479","Plants","Arenaria paludicola","Marsh Sandwort","SE","1B.1","Arenaria paludicola","5384479","No","B.L.Rob.","Species","Animalia","Chordata","Amphibia","Caudata","Ambystomatidae","Ambystoma","Ambystoma californiense"
"903","5345561","Plants","Astragalus agnicidus","Humboldt County Milk-Vetch","SE","BLM-S; 1B.1","Astragalus agnicidus","5345561","No","Barneby","Species","Animalia","Chordata","Amphibia","Caudata","Ambystomatidae","Ambystoma","Ambystoma californiense"
"904","5345434","Plants","Astragalus albens","Cushenbury Milk-Vetch","None","1B.1","Astragalus albens","5345434","No","Greene","Species","Animalia","Chordata","Amphibia","Caudata","Ambystomatidae","Ambystoma","Ambystoma californiense"
"905","5346877","Plants","Astragalus atratus var. mensanus","Darwin Mesa Milk-Vetch","None","BLM-S; 1B.1","Astragalus atratus mensanus","5346877","No","M.E.Jones","Variety","Animalia","Chordata","Amphibia","Caudata","Ambystomatidae","Ambystoma","Ambystoma californiense"
"906","5346019","Plants","Astragalus brauntonii","Braunton’s Milk-Vetch","None","1B.1","Astragalus brauntonii","5346019","No","Parish","Species","Animalia","Chordata","Amphibia","Caudata","Ambystomatidae","Ambystoma","Ambystoma californiense"
"907","5708536","Plants","Astragalus claranus","Clara Hunt’s Milk-Vetch","SE","1B.1","Astragalus claranus","5708536","No","Jeps.","Species","Animalia","Chordata","Amphibia","Caudata","Ambystomatidae","Ambystoma","Ambystoma californiense"
"908","5345035","Plants","Astragalus deanei","Dean’s Milk-Vetch","None","BLM-S; 1B.1","Astragalus deanei","5345035","No","(Rydb.) Barneby","Species","Animalia","Chordata","Amphibia","Caudata","Ambystomatidae","Ambystoma","Ambystoma californiense"
"909","7225256","Plants","Astragalus hornii var. hornii","Horn’s Milk-Vetch","None","BLM-S; 1B.1","Astragalus hornii hornii","7225256","No","","Variety","Animalia","Chordata","Amphibia","Caudata","Ambystomatidae","Ambystoma","Ambystoma californiense"
"910","5345472","Plants","Astragalus jaegerianus","Lane Mountain Milk-Vetch","None","1B.1","Astragalus jaegerianus","5345472","No","Munz","Species","Animalia","Chordata","Amphibia","Caudata","Ambystomatidae","Ambystoma","Ambystoma californiense"
"911","5345254","Plants","Astragalus johannis-howellii","Long Valley Milk-Vetch","Rare","BLM-S; 1B.2","Astragalus johannis-howellii","5345254","No","Barneby","Species","Animalia","Chordata","Amphibia","Caudata","Ambystomatidae","Ambystoma","Ambystoma californiense"
"912","5344873","Plants","Astragalus lentiginosus var. coachellae","Coachella Valley Milk-Vetch","None","1B.2","Astragalus lentiginosus coachellae","5344873","No","Shreve & Wiggins","Variety","Animalia","Chordata","Amphibia","Caudata","Ambystomatidae","Ambystoma","Ambystoma californiense"
"913","5344879","Plants","Astragalus lentiginosus var. piscinensis","Fish Slough Milk-Vetch","None","1B.1","Astragalus lentiginosus piscinensis","5344879","No","Barneby","Variety","Animalia","Chordata","Amphibia","Caudata","Ambystomatidae","Ambystoma","Ambystoma californiense"
"914","5344842","Plants","Astragalus lentiginosus var. sesquimetralis","Sodaville Milk-Vetch","SE","1B.1","Astragalus lentiginosus sesquimetralis","5344842","No","(Rydb.) Barneby","Variety","Animalia","Chordata","Amphibia","Caudata","Ambystomatidae","Ambystoma","Ambystoma californiense"
"915","5343908","Plants","Astragalus magdalenae var. peirsonii","Peirson’s Milk-Vetch","SE","1B.2","Astragalus magdalenae peirsonii","5343908","No","(Munz & McBurney) Barneby","Variety","Animalia","Chordata","Amphibia","Caudata","Ambystomatidae","Ambystoma","Ambystoma californiense"
"916","5342939","Plants","Astragalus mohavensis var. hemigyrus","Curved-Pod Milk-Vetch","None","BLM-S; 1B.1","Astragalus mohavensis hemigyrus","5342939","No","(Clokey) Barneby","Variety","Animalia","Chordata","Amphibia","Caudata","Ambystomatidae","Ambystoma","Ambystoma californiense"
"917","5342654","Plants","Astragalus monoensis","Mono Milk-Vetch","Rare","BLM-S; 1B.2","Astragalus monoensis","5342654","No","Barneby","Species","Animalia","Chordata","Amphibia","Caudata","Ambystomatidae","Ambystoma","Ambystoma californiense"
"918","5346294","Plants","Astragalus nyensis","Nye Milk-Vetch","None","BLM-S; 1B.1","Astragalus nyensis","5346294","No","Barneby","Species","Animalia","Chordata","Amphibia","Caudata","Ambystomatidae","Ambystoma","Ambystoma californiense"
"919","5345484","Plants","Astragalus pachypus var. jaegeri","Jaeger’s Milk-Vetch","None","BLM-S; 1B.1","Astragalus pachypus jaegeri","5345484","No","Munz","Variety","Animalia","Chordata","Amphibia","Caudata","Ambystomatidae","Ambystoma","Ambystoma californiense"
"920","5343939","Plants","Astragalus preussii var. laxiflorus","Lancaster Milk-Vetch","None","1B.1","Astragalus preussii laxiflorus","5343939","No","A.Gray","Variety","Animalia","Chordata","Amphibia","Caudata","Ambystomatidae","Ambystoma","Ambystoma californiense"
"921","5346483","Plants","Astragalus pycnostachyus var. lanosissimus","Ventura Marsh Milk-Vetch","SE","1B.1","Astragalus pycnostachyus lanosissimus","5346483","No","(Rydb.) Munz","Variety","Animalia","Chordata","Amphibia","Caudata","Ambystomatidae","Ambystoma","Ambystoma californiense"
"922","5344526","Plants","Astragalus tener var. ferrisiae","Ferris’ Milk-Vetch","None","BLM-S; 1B.1","Astragalus tener ferrisiae","5344526","No","Liston","Variety","Animalia","Chordata","Amphibia","Caudata","Ambystomatidae","Ambystoma","Ambystoma californiense"
"923","5344523","Plants","Astragalus tener var. titi","Coastal Dunes Milk-Vetch","SE","1B.1","Astragalus tener titi","5344523","No","(Eastw.) Barneby","Variety","Animalia","Chordata","Amphibia","Caudata","Ambystomatidae","Ambystoma","Ambystoma californiense"
"924","5343889","Plants","Astragalus traskiae","Trask’s Milk-Vetch","Rare","1B.2","Astragalus traskiae","5343889","No","Eastw.","Species","Animalia","Chordata","Amphibia","Caudata","Ambystomatidae","Ambystoma","Ambystoma californiense"
"925","5343860","Plants","Astragalus tricarinatus","Triple-Ribbed Milk-Vetch","None","1B.2","Astragalus tricarinatus","5343860","No","A.Gray","Species","Animalia","Chordata","Amphibia","Caudata","Ambystomatidae","Ambystoma","Ambystoma californiense"
"926","3756506","Plants","Atriplex argentea var. longitrichoma","Pahrump Orache","None","BLM-S; 1B.1","Atriplex argentea longitrichoma","3756506","No","(Stutz, G.L.Chu & S.C.Sand.) S.L.Welsh","Variety","Animalia","Chordata","Amphibia","Caudata","Ambystomatidae","Ambystoma","Ambystoma californiense"
"927","3760548","Plants","Atriplex coronata var. notatior","San Jacinto Valley Crownscale","None","1B.1","Atriplex coronata notatior","3760548","No","Jeps.","Variety","Animalia","Chordata","Amphibia","Caudata","Ambystomatidae","Ambystoma","Ambystoma californiense"
"928","3083678","Plants","Atriplex minuscula","Lesser Saltscale","None","1B.1","Atriplex parishii","6447547","Yes","S.Watson","Species","Animalia","Chordata","Amphibia","Caudata","Ambystomatidae","Ambystoma","Ambystoma californiense"
"929","6447547","Plants","Atriplex parishii","Parish’s Brittlescale","None","BLM-S; 1B.1","Atriplex parishii","6447547","Yes","S.Watson","Species","Animalia","Chordata","Amphibia","Caudata","Ambystomatidae","Ambystoma","Ambystoma californiense"
"930","3083712","Plants","Atriplex tularensis","Bakersfield Smallscale","SE","1A","Atriplex tularensis","3083712","No","Coville","Species","Animalia","Chordata","Amphibia","Caudata","Ambystomatidae","Ambystoma","Ambystoma californiense"
"931","3129711","Plants","Baccharis malibuensis","Malibu Baccharis","None","1B.1","Baccharis malibuensis","3129711","No","R.M.Beauch. & Henrickson","Species","Animalia","Chordata","Amphibia","Caudata","Ambystomatidae","Ambystoma","Ambystoma californiense"
"932","3129531","Plants","Baccharis vanessae","Encinitas Baccharis","SE","1B.1","Baccharis vanessae","3129531","No","R.M.Beauch.","Species","Animalia","Chordata","Amphibia","Caudata","Ambystomatidae","Ambystoma","Ambystoma californiense"
"933","3754567","Plants","Bensoniella oregona","Bensoniella","Rare","1B.1","Bensoniella oregona","3754567","No","(Abrams & Bacig.) Morton","Species","Animalia","Chordata","Amphibia","Caudata","Ambystomatidae","Ambystoma","Ambystoma californiense"
"934","3033885","Plants","Berberis nevinii","Nevin’s Barberry","SE","1B.1","Alloberberis nevinii","10629007","No","(A.Gray ex A.Gray & S.Watson) C.C.Yu & K.F.Chung","Species","Animalia","Chordata","Amphibia","Caudata","Ambystomatidae","Ambystoma","Ambystoma californiense"
"935","3981788","Plants","Berberis pinnata ssp. insularis","Island Barberry","SE","1B.2","Berberis pinnata insularis","3981788","No","Munz","Subspecies","Animalia","Chordata","Amphibia","Caudata","Ambystomatidae","Ambystoma","Ambystoma californiense"
"936","3099006","Plants","Blennosperma bakeri","Sonoma Sunshine","SE","1B.1","Blennosperma bakeri","3099006","No","Heiser","Species","Animalia","Chordata","Amphibia","Caudata","Ambystomatidae","Ambystoma","Ambystoma californiense"
"937","4235110","Plants","Blennosperma nanum var. robustum","Point Reyes Blennosperma","Rare","1B.2","Blennosperma nanum robustum","4235110","No","J.T.Howell","Variety","Animalia","Chordata","Amphibia","Caudata","Ambystomatidae","Ambystoma","Ambystoma californiense"
"938","3117336","Plants","Blepharizonia plumosa","Big Tarplant","None","1B.1","Blepharizonia plumosa","3117336","No","(Kellogg) Greene","Species","Animalia","Chordata","Amphibia","Caudata","Ambystomatidae","Ambystoma","Ambystoma californiense"
"939","2772241","Plants","Bloomeria clevelandii","San Diego Goldenstar","None","BLM-S; 1B.1","Bloomeria clevelandii","2772241","No","S.Watson","Species","Animalia","Chordata","Amphibia","Caudata","Ambystomatidae","Ambystoma","Ambystoma californiense"
"940","2772240","Plants","Bloomeria humilis","Dwarf Goldenstar","Rare","1B.2","Bloomeria humilis","2772240","No","Hoover","Species","Animalia","Chordata","Amphibia","Caudata","Ambystomatidae","Ambystoma","Ambystoma californiense"
"941","3043275","Plants","Boechera constancei","Constance’s Rockcress","None","1B.1","Boechera constancei","3043275","No","(Rollins) Al-Shehbaz","Species","Animalia","Chordata","Amphibia","Caudata","Ambystomatidae","Ambystoma","Ambystoma californiense"
"942","3043376","Plants","Boechera hoffmannii","Hoffmann’s Rockcress","None","1B.1","Boechera hoffmanii","3043376","No","(Munz) Al-Shehbaz","Species","Animalia","Chordata","Amphibia","Caudata","Ambystomatidae","Ambystoma","Ambystoma californiense"
"943","3043238","Plants","Boechera rollei","Rolle’s Rockcress","None","1B.1","Boechera rollei","3043238","No","(Rollins) Al-Shehbaz","Species","Animalia","Chordata","Amphibia","Caudata","Ambystomatidae","Ambystoma","Ambystoma californiense"
"944","3043566","Plants","Boechera rubicundula","Mt. Day Rockcress","None","1B.1","Boechera rubicundula","3043566","No","(Jepson) Windham, Al-Shehbaz & P.Alexander","Species","Animalia","Chordata","Amphibia","Caudata","Ambystomatidae","Ambystoma","Ambystoma californiense"
"945","3043604","Plants","Boechera shevockii","Shevock’s Rockcress","None","1B.1","Boechera shevockii","3043604","No","Windham & Al-Shehbaz","Species","Animalia","Chordata","Amphibia","Caudata","Ambystomatidae","Ambystoma","Ambystoma californiense"
"946","3043490","Plants","Boechera ultraalsa","Snow Mountain Rockcress","None","1B.1","Boechera ultraalsa","3043490","No","Windham & Al-Shehbaz","Species","Animalia","Chordata","Amphibia","Caudata","Ambystomatidae","Ambystoma","Ambystoma californiense"
"947","9684132","Plants","Botrychium campestre var. lineare","Slender Moonwort","None","1B.1","Botrychium campestre lineare","9684132","No","(W.H.Wagner) Farrar","Variety","Animalia","Chordata","Amphibia","Caudata","Ambystomatidae","Ambystoma","Ambystoma californiense"
"948","2767708","Plants","Brodiaea filifolia","Thread-leaved Brodiaea","SE","1B.1","Brodiaea filifolia","2767708","No","S.Watson","Species","Animalia","Chordata","Amphibia","Caudata","Ambystomatidae","Ambystoma","Ambystoma californiense"
"949","2767725","Plants","Brodiaea insignis","Kaweah Brodiaea","SE","BLM-S; 1B.2","Brodiaea insignis","2767725","No","(Jeps.) Niehaus","Species","Animalia","Chordata","Amphibia","Caudata","Ambystomatidae","Ambystoma","Ambystoma californiense"
"950","7349269","Plants","Brodiaea matsonii","Sulphur Creek Brodiaea","None","BLM-S; 1B.1","Brodiaea matsonii","7349269","No","R.E.Preston","Species","Animalia","Chordata","Amphibia","Caudata","Ambystomatidae","Ambystoma","Ambystoma californiense"
"951","2767687","Plants","Brodiaea orcuttii","Orcutt’s Brodiaea","None","BLM-S; 1B.1","Brodiaea orcuttii","2767687","No","(Greene) Baker","Species","Animalia","Chordata","Amphibia","Caudata","Ambystomatidae","Ambystoma","Ambystoma californiense"
"952","2767716","Plants","Brodiaea pallida","Chinese Camp Brodiaea","SE","1B.1","Brodiaea pallida","2767716","No","Hoover","Species","Animalia","Chordata","Amphibia","Caudata","Ambystomatidae","Ambystoma","Ambystoma californiense"
"953","2767721","Plants","Brodiaea rosea","Indian Valley Brodiaea","SE","BLM-S; 3.1","Brodiaea coronaria","2767717","No","(Salisb.) Jeps.","Species","Animalia","Chordata","Amphibia","Caudata","Ambystomatidae","Ambystoma","Ambystoma californiense"
"954","2704912","Plants","Calamagrostis foliosa","Leafy Reed Grass","Rare","4.2","Calamagrostis foliosa","2704912","No","Kearney","Species","Animalia","Chordata","Amphibia","Caudata","Ambystomatidae","Ambystoma","Ambystoma californiense"
"955","2750876","Plants","Calochortus dunnii","Dunn’s Mariposa-Lily","Rare","BLM-S; 1B.2","Calochortus dunnii","2750876","No","Purdy","Species","Animalia","Chordata","Amphibia","Caudata","Ambystomatidae","Ambystoma","Ambystoma californiense"
"956","2750897","Plants","Calochortus excavatus","Inyo County Star-Tulip","None","BLM-S; 1B.1","Calochortus excavatus","2750897","No","Greene","Species","Animalia","Chordata","Amphibia","Caudata","Ambystomatidae","Ambystoma","Ambystoma californiense"
"957","2750752","Plants","Calochortus monanthus","Single-Flowered Mariposa-Lily","None","BLM-S; 1A","Calochortus monanthus","2750752","No","Ownbey","Species","Animalia","Chordata","Amphibia","Caudata","Ambystomatidae","Ambystoma","Ambystoma californiense"
"958","2750694","Plants","Calochortus persistens","Siskiyou Mariposa-Lily","Rare","BLM-S; 1B.2","Calochortus persistens","2750694","No","Ownbey","Species","Animalia","Chordata","Amphibia","Caudata","Ambystomatidae","Ambystoma","Ambystoma californiense"
"959","2750824","Plants","Calochortus syntrophus","Callahan’s Mariposa-Lily","None","1B.1","Calochortus syntrophus","2750824","No","Callahan","Species","Animalia","Chordata","Amphibia","Caudata","Ambystomatidae","Ambystoma","Ambystoma californiense"
"960","2750777","Plants","Calochortus tiburonensis","Tiburon Mariposa-Lily","ST","1B.1","Calochortus tiburonensis","2750777","No","A.J.Hill","Species","Animalia","Chordata","Amphibia","Caudata","Ambystomatidae","Ambystoma","Ambystoma californiense"
"961","3093005","Plants","Calycadenia villosa","Dwarf Calycadenia","None","BLM-S; 1B.1","Calycadenia villosa","3093005","No","DC.","Species","Animalia","Chordata","Amphibia","Caudata","Ambystomatidae","Ambystoma","Ambystoma californiense"
"962","4023480","Plants","Calyptridium parryi var. hesseae","Santa Cruz Mountains Pussypaws","None","BLM-S; 1B.1","Calyptridium parryi hesseae","4023480","No","J.H.Thomas","Variety","Animalia","Chordata","Amphibia","Caudata","Ambystomatidae","Ambystoma","Ambystoma californiense"
"963","3084822","Plants","Calyptridium pulchellum","Mariposa Pussypaws","None","1B.1","Calyptridium pulchellum","3084822","No","(Eastw.) Hoover","Species","Animalia","Chordata","Amphibia","Caudata","Ambystomatidae","Ambystoma","Ambystoma californiense"
"964","8165537","Plants","Calystegia felix","Lucky Morning-Glory","None","1B.1","Calystegia felix","8165537","No","Provance & A.C.Sanders","Species","Animalia","Chordata","Amphibia","Caudata","Ambystomatidae","Ambystoma","Ambystoma californiense"
"965","3678759","Plants","Calystegia sepium ssp. binghamiae","Santa Barbara Morning-Glory","None","1A","Calystegia sepium binghamiae","3678759","No","(Greene) Brummitt","Subspecies","Animalia","Chordata","Amphibia","Caudata","Ambystomatidae","Ambystoma","Ambystoma californiense"
"966","2928423","Plants","Calystegia stebbinsii","Stebbins’ Morning-Glory","SE","1B.1","Calystegia stebbinsii","2928423","No","Brummitt","Species","Animalia","Chordata","Amphibia","Caudata","Ambystomatidae","Ambystoma","Ambystoma californiense"
"967","3188992","Plants","Camissonia benitensis","San Benito Evening-Primrose","None","BLM-S; 1B.1","Camissonia benitensis","3188992","No","P.H.Raven","Species","Animalia","Chordata","Amphibia","Caudata","Ambystomatidae","Ambystoma","Ambystoma californiense"
"968","2725215","Plants","Carex albida","White Sedge","SE","none","Carex lemmonii","2723782","No","W.Boott","Species","Animalia","Chordata","Amphibia","Caudata","Ambystomatidae","Ambystoma","Ambystoma californiense"
"969","2729615","Plants","Carex tompkinsii","Tompkins’ Sedge","Rare","4.3","Carex tompkinsii","2729615","No","J.T.Howell","Species","Animalia","Chordata","Amphibia","Caudata","Ambystomatidae","Ambystoma","Ambystoma californiense"
"970","5362086","Plants","Carpenteria californica","Tree-Anemone","ST","BLM-S; 1B.2","Carpenteria californica","5362086","No","Torr.","Species","Animalia","Chordata","Amphibia","Caudata","Ambystomatidae","Ambystoma","Ambystoma californiense"
"971","3739401","Plants","Castilleja affinis var. neglecta","Tiburon Paintbrush","ST","1B.2","Castilleja affinis neglecta","3739401","No","(Zeile) J.M.Egger","Variety","Animalia","Chordata","Amphibia","Caudata","Ambystomatidae","Ambystoma","Ambystoma californiense"
"972","11635247","Plants","Castilleja ambigua var. heckardii","Heckard’s Owl’s-Clover","None","1B.1","Castilleja ambigua heckardii","11635247","No","J.M.Egger & Excoffier","Variety","Animalia","Chordata","Amphibia","Caudata","Ambystomatidae","Ambystoma","Ambystoma californiense"
"973","6440245","Plants","Castilleja ambigua var. insalutata","Pink Johnny-Nip","None","BLM-S; 1B.1","Castilleja ambigua insalutata","6440245","No","(Jeps.) J.M.Egger","Variety","Animalia","Chordata","Amphibia","Caudata","Ambystomatidae","Ambystoma","Ambystoma californiense"
"974","7985716","Plants","Castilleja ambigua var. meadii","Mead’s Owls-Clover","None","1B.1","Castilleja ambigua meadii","7985716","No","J.M.Egger & Ruygt","Variety","Animalia","Chordata","Amphibia","Caudata","Ambystomatidae","Ambystoma","Ambystoma californiense"
"975","6440153","Plants","Castilleja campestris var. succulenta","Succulent Owl’s-Clover","SE","1B.2","Castilleja campestris succulenta","6440153","No","(Hoover) J.M.Egger","Variety","Animalia","Chordata","Amphibia","Caudata","Ambystomatidae","Ambystoma","Ambystoma californiense"
"976","3170589","Plants","Castilleja cinerea","Ash-gray Paintbrush","None","1B.2","Castilleja cinerea","3170589","No","A.Gray","Species","Animalia","Chordata","Amphibia","Caudata","Ambystomatidae","Ambystoma","Ambystoma californiense"
"977","3170705","Plants","Castilleja gleasoni","Mt. Gleason Paintbrush","Rare","BLM-S; 1B.2","Castilleja gleasoni","3170705","No","Elmer","Species","Animalia","Chordata","Amphibia","Caudata","Ambystomatidae","Ambystoma","Ambystoma californiense"
"978","3170640","Plants","Castilleja grisea","San Clemente Island Paintbrush","SE","1B.3","Castilleja grisea","3170640","No","Dunkle","Species","Animalia","Chordata","Amphibia","Caudata","Ambystomatidae","Ambystoma","Ambystoma californiense"
"979","3170685","Plants","Castilleja leschkeana","Point Reyes Paintbrush","None","1A","Castilleja leschkeana","3170685","No","Howell","Species","Animalia","Chordata","Amphibia","Caudata","Ambystomatidae","Ambystoma","Ambystoma californiense"
"980","3170647","Plants","Castilleja mollis","Soft-leaved Paintbrush","None","1B.1","Castilleja mollis","3170647","No","Pennell","Species","Animalia","Chordata","Amphibia","Caudata","Ambystomatidae","Ambystoma","Ambystoma californiense"
"981","3734557","Plants","Castilleja uliginosa","Pitkin Marsh Paintbrush","SE","1A","Castilleja uliginosa","3734557","No","Eastw.","Species","Animalia","Chordata","Amphibia","Caudata","Ambystomatidae","Ambystoma","Ambystoma californiense"
"982","3042037","Plants","Caulanthus amplexicaulis var. barbarae","Santa Barbara Jewelflower","None","1B.1","Caulanthus amplexicaulis barbarae","3042037","No","(J.T.Howell) Munz","Variety","Animalia","Chordata","Amphibia","Caudata","Ambystomatidae","Ambystoma","Ambystoma californiense"
"983","3042041","Plants","Caulanthus californicus","California Jewelflower","SE","1B.1","Streptanthus californicus","3042043","No","(S.Watson) Greene","Species","Animalia","Chordata","Amphibia","Caudata","Ambystomatidae","Ambystoma","Ambystoma californiense"
"984","3039333","Plants","Ceanothus confusus","Rincon Ridge Ceanothus","None","BLM-S; 1B.1","Ceanothus divergens","3039345","No","Parry","Species","Animalia","Chordata","Amphibia","Caudata","Ambystomatidae","Ambystoma","Ambystoma californiense"
"985","10356434","Plants","Ceanothus ferrisiae","Coyote Ceanothus","None","1B.1","Ceanothus ferrisiae","10356434","No","Mc Minn","Species","Animalia","Chordata","Amphibia","Caudata","Ambystomatidae","Ambystoma","Ambystoma californiense"
"986","9961729","Plants","Ceanothus foliosus var. vineatus","Vine Hill Ceanothus","None","1B.1","Ceanothus foliosus vineatus","9961729","No","Mc Minn","Variety","Animalia","Chordata","Amphibia","Caudata","Ambystomatidae","Ambystoma","Ambystoma californiense"
"987","3039357","Plants","Ceanothus hearstiorum","Hearsts’ Ceanothus","Rare","1B.2","Ceanothus hearstiorum","3039357","No","Hoover & Roof","Species","Animalia","Chordata","Amphibia","Caudata","Ambystomatidae","Ambystoma","Ambystoma californiense"
"988","3039393","Plants","Ceanothus maritimus","Maritime Ceanothus","Rare","1B.2","Ceanothus maritimus","3039393","No","Hoover","Species","Animalia","Chordata","Amphibia","Caudata","Ambystomatidae","Ambystoma","Ambystoma californiense"
"989","10618671","Plants","Ceanothus masonii","Mason’s Ceanothus","Rare","1B.2","Ceanothus masonii","10618671","No","Mc Minn","Species","Animalia","Chordata","Amphibia","Caudata","Ambystomatidae","Ambystoma","Ambystoma californiense"
"990","3039362","Plants","Ceanothus ophiochilus","Vail Lake Ceanothus","SE","1B.1","Ceanothus ophiochilus","3039362","No","S.Boyd, T.S.Ross & Arnseth","Species","Animalia","Chordata","Amphibia","Caudata","Ambystomatidae","Ambystoma","Ambystoma californiense"
"991","3039353","Plants","Ceanothus roderickii","Pine Hill Ceanothus","Rare","1B.1","Ceanothus roderickii","3039353","No","W.Knight","Species","Animalia","Chordata","Amphibia","Caudata","Ambystomatidae","Ambystoma","Ambystoma californiense"
"992","9650440","Plants","Ceanothus thyrsiflorus var. obispoensis","San Luis Obispo Ceanothus","None","1B.1","Ceanothus thyrsiflorus obispoensis","9650440","No","D.O.Burge","Variety","Animalia","Chordata","Amphibia","Caudata","Ambystomatidae","Ambystoma","Ambystoma californiense"
"993","4245661","Plants","Centromadia parryi ssp. australis","Southern Tarplant","None","1B.1","Centromadia parryi australis","4245661","No","(D.D.Keck) B.G.Baldwin","Subspecies","Animalia","Chordata","Amphibia","Caudata","Ambystomatidae","Ambystoma","Ambystoma californiense"
"994","4245651","Plants","Centromadia parryi ssp. congdonii","Congdon’s Tarplant","None","BLM-S; 1B.1","Centromadia parryi congdonii","4245651","No","(B.L.Rob. & Greenm.) B.G.Baldwin","Subspecies","Animalia","Chordata","Amphibia","Caudata","Ambystomatidae","Ambystoma","Ambystoma californiense"
"995","4242624","Plants","Centromadia pungens ssp. laevis","Smooth Tarplant","None","BLM-S; 1B.1","Centromadia pungens laevis","4242624","No","(D.D.Keck) B.G.Baldwin","Subspecies","Animalia","Chordata","Amphibia","Caudata","Ambystomatidae","Ambystoma","Ambystoma californiense"
"996","3001936","Plants","Cercocarpus traskiae","Catalina Island Mountain-Mahogany","SE","1B.1","Cercocarpus betuloides","7416640","No","Nutt.","Species","Animalia","Chordata","Amphibia","Caudata","Ambystomatidae","Ambystoma","Ambystoma californiense"
"997","4244161","Plants","Chaenactis glabriuscula var. orcuttiana","Orcutt’s Pincushion","None","BLM-S; 1B.1","Chaenactis glabriuscula orcuttiana","4244161","No","(Greene) H.M.Hall","Variety","Animalia","Chordata","Amphibia","Caudata","Ambystomatidae","Ambystoma","Ambystoma californiense"
"998","9872128","Plants","Chloropyron maritimum ssp. maritimum","Salt Marsh Bird’s-beak","SE","BLM-S; 1B.2","Chloropyron maritimum maritimum","9872128","No","","Subspecies","Animalia","Chordata","Amphibia","Caudata","Ambystomatidae","Ambystoma","Ambystoma californiense"
"999","6069341","Plants","Chloropyron molle ssp. hispidum","Hispid Salty Bird’s-beak","None","BLM-S; 1B.1","Chloropyron molle hispidum","6069341","No","(Pennell) Tank & J.M.Egger","Subspecies","Animalia","Chordata","Amphibia","Caudata","Ambystomatidae","Ambystoma","Ambystoma californiense"
"1000","7226291","Plants","Chloropyron molle ssp. molle","Soft Salty Bird’s-beak","Rare","1B.2","Chloropyron molle molle","7226291","No","","Subspecies","Animalia","Chordata","Amphibia","Caudata","Ambystomatidae","Ambystoma","Ambystoma californiense"
"1001","6069340","Plants","Chloropyron palmatum","Palmate-Bracted Bird’s-beak","SE","1B.1","Chloropyron palmatum","6069340","No","(Ferris) Tank & J.M.Egger","Species","Animalia","Chordata","Amphibia","Caudata","Ambystomatidae","Ambystoma","Ambystoma californiense"
"1002","10715804","Plants","Chorizanthe aphanantha","Irish Hills Spineflower","None","BLM-S; 1B.1","Chorizanthe aphanantha","10715804","No","K.M.Nelson & D.J.Keil","Species","Animalia","Chordata","Amphibia","Caudata","Ambystomatidae","Ambystoma","Ambystoma californiense"
"1003","2888915","Plants","Chorizanthe howellii","Howell’s Spineflower","ST","1B.2","Chorizanthe howellii","2888915","No","Goodman","Species","Animalia","Chordata","Amphibia","Caudata","Ambystomatidae","Ambystoma","Ambystoma californiense"
"1004","2888904","Plants","Chorizanthe orcuttiana","Orcutt’s Spineflower","SE","1B.1","Chorizanthe orcuttiana","2888904","No","Parry","Species","Animalia","Chordata","Amphibia","Caudata","Ambystomatidae","Ambystoma","Ambystoma californiense"
"1005","4035130","Plants","Chorizanthe parryi var. fernandina","San Fernando Valley Spineflower","SE","1B.1","Chorizanthe parryi fernandina","4035130","No","(S.Watson) Jeps.","Variety","Animalia","Chordata","Amphibia","Caudata","Ambystomatidae","Ambystoma","Ambystoma californiense"
"1006","8190573","Plants","Chorizanthe parryi var. parryi","Parry’s Spineflower","None","BLM-S; 1B.1","Chorizanthe parryi parryi","8190573","No","","Variety","Animalia","Chordata","Amphibia","Caudata","Ambystomatidae","Ambystoma","Ambystoma californiense"
"1007","4034902","Plants","Chorizanthe pungens var. hartwegiana","Ben Lomond Spineflower","None","1B.1","Chorizanthe pungens hartwegiana","4034902","No","Reveal & C.B.Hardham","Variety","Animalia","Chordata","Amphibia","Caudata","Ambystomatidae","Ambystoma","Ambystoma californiense"
"1008","7095564","Plants","Chorizanthe pungens var. pungens","Monterey Spineflower","None","1B.2","Chorizanthe pungens pungens","7095564","No","","Variety","Animalia","Chordata","Amphibia","Caudata","Ambystomatidae","Ambystoma","Ambystoma californiense"
"1009","4034782","Plants","Chorizanthe robusta var. hartwegii","Scotts Valley Spineflower","None","1B.1","Chorizanthe robusta hartwegii","4034782","No","(Benth.) Reveal & R.Morgan","Variety","Animalia","Chordata","Amphibia","Caudata","Ambystomatidae","Ambystoma","Ambystoma californiense"
"1010","7219383","Plants","Chorizanthe robusta var. robusta","Robust Spineflower","None","1B.1","Chorizanthe robusta robusta","7219383","No","","Variety","Animalia","Chordata","Amphibia","Caudata","Ambystomatidae","Ambystoma","Ambystoma californiense"
"1011","2888934","Plants","Chorizanthe valida","Sonoma Spineflower","SE","1B.1","Chorizanthe valida","2888934","No","S.Watson","Species","Animalia","Chordata","Amphibia","Caudata","Ambystomatidae","Ambystoma","Ambystoma californiense"
"1012","3113022","Plants","Cirsium ciliolatum","Ashland Thistle","SE","BLM-S; 2B.1","Cirsium ciliolatum","3113022","No","(L.F.Hend.) J.T.Howell","Species","Animalia","Chordata","Amphibia","Caudata","Ambystomatidae","Ambystoma","Ambystoma californiense"
"1013","3113617","Plants","Cirsium crassicaule","Slough Thistle","None","BLM-S; 1B.1","Cirsium crassicaule","3113617","No","(Greene) Jeps.","Species","Animalia","Chordata","Amphibia","Caudata","Ambystomatidae","Ambystoma","Ambystoma californiense"
"1014","7066663","Plants","Cirsium fontinale var. fontinale","Fountain Thistle","SE","1B.1","Cirsium fontinale fontinale","7066663","No","","Variety","Animalia","Chordata","Amphibia","Caudata","Ambystomatidae","Ambystoma","Ambystoma californiense"
"1015","4222723","Plants","Cirsium fontinale var. obispoense","Chorro Creek Bog Thistle","SE","1B.2","Cirsium fontinale obispoense","4222723","No","J.T.Howell","Variety","Animalia","Chordata","Amphibia","Caudata","Ambystomatidae","Ambystoma","Ambystoma californiense"
"1016","4274472","Plants","Cirsium hydrophilum var. hydrophilum","Suisun Thistle","None","1B.1","Cirsium hydrophilum hydrophilum","4274472","No","","Variety","Animalia","Chordata","Amphibia","Caudata","Ambystomatidae","Ambystoma","Ambystoma californiense"
"1017","3113269","Plants","Cirsium praeteriens","Lost Thistle","None","1A","Cirsium praeteriens","3113269","No","J.F.Macbr.","Species","Animalia","Chordata","Amphibia","Caudata","Ambystomatidae","Ambystoma","Ambystoma californiense"
"1018","3113056","Plants","Cirsium rhothophilum","Surf Thistle","ST","BLM-S; 1B.2","Cirsium rhothophilum","3113056","No","S.F.Blake","Species","Animalia","Chordata","Amphibia","Caudata","Ambystomatidae","Ambystoma","Ambystoma californiense"
"1019","9401580","Plants","Cirsium scariosum var. loncholepis","La Graciosa Thistle","ST","1B.1","Cirsium scariosum loncholepis","9401580","No","(Petr.) D.J.Keil","Variety","Animalia","Chordata","Amphibia","Caudata","Ambystomatidae","Ambystoma","Ambystoma californiense"
"1020","5420978","Plants","Clarkia amoena ssp. Whitneyi","Whitney’s Farewell-To-Spring","None","BLM-S; 1B.1","Clarkia amoena","5420978","No","(Lehm.) A.Nelson & J.F.Macbr.","Species","Animalia","Chordata","Amphibia","Caudata","Ambystomatidae","Ambystoma","Ambystoma californiense"
"1021","5545029","Plants","Clarkia borealis ssp. arida","Shasta Clarkia","None","BLM-S; 1B.1","Clarkia borealis arida","5545029","No","E.Small","Subspecies","Animalia","Chordata","Amphibia","Caudata","Ambystomatidae","Ambystoma","Ambystoma californiense"
"1022","5545007","Plants","Clarkia concinna ssp. raichei","Raiche’s Red Ribbons","None","1B.1","Clarkia concinna raichei","5545007","No","G.A.Allen, V.S.Ford & Gottlieb","Subspecies","Animalia","Chordata","Amphibia","Caudata","Ambystomatidae","Ambystoma","Ambystoma californiense"
"1023","5420956","Plants","Clarkia franciscana","Presidio Clarkia","SE","1B.1","Clarkia franciscana","5420956","No","F.H.Lewis & P.H.Raven","Species","Animalia","Chordata","Amphibia","Caudata","Ambystomatidae","Ambystoma","Ambystoma californiense"
"1024","7567029","Plants","Clarkia imbricata","Vine Hill Clarkia","SE","1B.1","Clarkia imbricata","7567029","No","F.H.Lewis & M.E.Lewis","Species","Animalia","Chordata","Amphibia","Caudata","Ambystomatidae","Ambystoma","Ambystoma californiense"
"1025","5420961","Plants","Clarkia lingulata","Merced Clarkia","SE","1B.1","Clarkia lingulata","5420961","No","F.H.Lewis & M.E.Lewis","Species","Animalia","Chordata","Amphibia","Caudata","Ambystomatidae","Ambystoma","Ambystoma californiense"
"1026","5420963","Plants","Clarkia mosquinii","Mosquin’s Clarkia","None","BLM-S; 1B.1","Clarkia mosquinii","5420963","No","E.Small","Species","Animalia","Chordata","Amphibia","Caudata","Ambystomatidae","Ambystoma","Ambystoma californiense"
"1027","5544898","Plants","Clarkia speciosa ssp. immaculata","Pismo Clarkia","Rare","1B.1","Clarkia speciosa immaculata","5544898","No","F.H.Lewis & M.E.Lewis","Subspecies","Animalia","Chordata","Amphibia","Caudata","Ambystomatidae","Ambystoma","Ambystoma californiense"
"1028","5420955","Plants","Clarkia springvillensis","Springville Clarkia","SE","1B.2","Clarkia springvillensis","5420955","No","Vasek","Species","Animalia","Chordata","Amphibia","Caudata","Ambystomatidae","Ambystoma","Ambystoma californiense"
"1029","5544881","Plants","Clarkia tembloriensis ssp. calientensis","Vasek’s Clarkia","None","BLM-S; 1B.1","Clarkia tembloriensis calientensis","5544881","No","(Vasek) K.E.Hols.","Subspecies","Animalia","Chordata","Amphibia","Caudata","Ambystomatidae","Ambystoma","Ambystoma californiense"
"1030","9556440","Plants","Claytonia panamintensis","Panamint Spring Beauty","None","1B.1","Claytonia panamintensis","9556440","No","Stoughton","Species","Animalia","Chordata","Amphibia","Caudata","Ambystomatidae","Ambystoma","Ambystoma californiense"
"1031","9289741","Plants","Claytonia peirsonii ssp. bernardinus","San Bernardino Spring Beauty","None","1B.1","Claytonia peirsonii bernardinus","9289741","No","Stoughton","Subspecies","Animalia","Chordata","Amphibia","Caudata","Ambystomatidae","Ambystoma","Ambystoma californiense"
"1032","9553866","Plants","Claytonia peirsonii ssp. californacis","Furnace Spring Beauty","None","1B.1","Claytonia peirsonii californacis","9553866","No","Stoughton","Subspecies","Animalia","Chordata","Amphibia","Caudata","Ambystomatidae","Ambystoma","Ambystoma californiense"
"1033","9479327","Plants","Claytonia peirsonii ssp. yorkii","York’s Spring Beauty","None","BLM-S; 1B.1","Claytonia peirsonii yorkii","9479327","No","Stoughton","Subspecies","Animalia","Chordata","Amphibia","Caudata","Ambystomatidae","Ambystoma","Ambystoma californiense"
"1034","5414590","Plants","Cordylanthus nidularius","Mt. Diablo Bird’s-beak","Rare","1B.1","Cordylanthus nidularius","5414590","No","Howell","Species","Animalia","Chordata","Amphibia","Caudata","Ambystomatidae","Ambystoma","Ambystoma californiense"
"1035","5560408","Plants","Cordylanthus rigidus ssp. littoralis","Seaside Bird’s-beak","SE","BLM-S; 1B.1","Cordylanthus rigidus littoralis","5560408","No","(Ferris) T.I.Chuang & Heckard","Subspecies","Animalia","Chordata","Amphibia","Caudata","Ambystomatidae","Ambystoma","Ambystoma californiense"
"1036","5560364","Plants","Cordylanthus tenuis ssp. capillaris","Pennell’s Bird’s-beak","Rare","1B.2","Cordylanthus tenuis capillaris","5560364","No","(Pennell) T.I.Chuang & Heckard","Subspecies","Animalia","Chordata","Amphibia","Caudata","Ambystomatidae","Ambystoma","Ambystoma californiense"
"1037","4255850","Plants","Corethrogyne filaginifolia var. incana","San Diego Sand Aster","None","1B.1","Corethrogyne filaginifolia incana","4255850","No","(Lindl.) M.L.Canby","Variety","Animalia","Chordata","Amphibia","Caudata","Ambystomatidae","Ambystoma","Ambystoma californiense"
"1038","4255843","Plants","Corethrogyne filaginifolia var. linifolia","Del Mar Mesa Sand Aster","None","1B.1","Corethrogyne filaginifolia linifolia","4255843","No","H.M.Hall","Variety","Animalia","Chordata","Amphibia","Caudata","Ambystomatidae","Ambystoma","Ambystoma californiense"
"1039","6559957","Plants","Crocanthemum greenei","Island Rush-Rose","None","1B.2","Crocanthemum greenei","6559957","No","(B.L.Rob.) Sorrie","Species","Animalia","Chordata","Amphibia","Caudata","Ambystomatidae","Ambystoma","Ambystoma californiense"
"1040","3058056","Plants","Croton wigginsii","Wiggins’ Croton","Rare","BLM-S; 2B.2","Croton wigginsii","3058056","No","L.C.Wheeler","Species","Animalia","Chordata","Amphibia","Caudata","Ambystomatidae","Ambystoma","Ambystoma californiense"
"1041","2926319","Plants","Cryptantha excavata","Deep-scarred Cryptantha","None","BLM-S; 1B.1","Cryptantha excavata","2926319","No","Brandegee","Species","Animalia","Chordata","Amphibia","Caudata","Ambystomatidae","Ambystoma","Ambystoma californiense"
"1042","2926206","Plants","Cryptantha ganderi","Gander’s Cryptantha","None","BLM-S; 1B.1","Cryptantha ganderi","2926206","No","I.M.Johnst.","Species","Animalia","Chordata","Amphibia","Caudata","Ambystomatidae","Ambystoma","Ambystoma californiense"
"1043","2926291","Plants","Cryptantha hooveri","Hoover’s Cryptantha","None","1A","Cryptantha hooveri","2926291","No","I.M.Johnst.","Species","Animalia","Chordata","Amphibia","Caudata","Ambystomatidae","Ambystoma","Ambystoma californiense"
"1044","2926232","Plants","Cryptantha traskiae","Trask’s Cryptantha","None","1B.1","Cryptantha traskiae","2926232","No","I.M.Johnst.","Species","Animalia","Chordata","Amphibia","Caudata","Ambystomatidae","Ambystoma","Ambystoma californiense"
"1045","7282784","Plants","Cylindropuntia californica var. californica","Snake Cholla","None","BLM-S; 1B.1","Cylindropuntia californica californica","7282783","No","","Variety","Animalia","Chordata","Amphibia","Caudata","Ambystomatidae","Ambystoma","Ambystoma californiense"
"1046","2889047","Plants","Dedeckera eurekensis","July Gold","Rare","BLM-S; 1B.3","Dedeckera eurekensis","2889047","No","Reveal & J.T.Howell","Species","Animalia","Chordata","Amphibia","Caudata","Ambystomatidae","Ambystoma","Ambystoma californiense"
"1047","3106629","Plants","Deinandra arida","Red Rock Tarplant","Rare","BLM-S; 1B.2","Deinandra arida","3106629","No","(D.D.Keck) B.G.Baldwin","Species","Animalia","Chordata","Amphibia","Caudata","Ambystomatidae","Ambystoma","Ambystoma californiense"
"1048","3106631","Plants","Deinandra bacigalupii","Livermore Tarplant","SE","1B.1","Deinandra bacigalupii","3106631","No","B.G.Baldwin","Species","Animalia","Chordata","Amphibia","Caudata","Ambystomatidae","Ambystoma","Ambystoma californiense"
"1049","3106618","Plants","Deinandra conjugens","Otay Tarplant","SE","1B.1","Deinandra conjugens","3106618","No","(D.D.Keck) B.G.Baldwin","Species","Animalia","Chordata","Amphibia","Caudata","Ambystomatidae","Ambystoma","Ambystoma californiense"
"1050","4239180","Plants","Deinandra increscens ssp. villosa","Gaviota Tarplant","SE","1B.1","Deinandra increscens villosa","4239180","No","(Tanowitz) B.G.Baldwin","Subspecies","Animalia","Chordata","Amphibia","Caudata","Ambystomatidae","Ambystoma","Ambystoma californiense"
"1051","3106622","Plants","Deinandra minthornii","Santa Susana Tarplant","Rare","BLM-S; 1B.2","Deinandra minthornii","3106622","No","(Jeps.) B.G.Baldwin","Species","Animalia","Chordata","Amphibia","Caudata","Ambystomatidae","Ambystoma","Ambystoma californiense"
"1052","3106632","Plants","Deinandra mohavensis","Mojave Tarplant","SE","BLM-S; 1B.3","Deinandra mohavensis","3106632","No","(D.D.Keck) B.G.Baldwin","Species","Animalia","Chordata","Amphibia","Caudata","Ambystomatidae","Ambystoma","Ambystoma californiense"
"1053","3033732","Plants","Delphinium bakeri","Baker’s Larkspur","SE","1B.1","Delphinium bakeri","3033732","No","Ewan","Species","Animalia","Chordata","Amphibia","Caudata","Ambystomatidae","Ambystoma","Ambystoma californiense"
"1054","6376401","Plants","Delphinium hesperium ssp. cuyamacae","Cuyamaca Larkspur","Rare","BLM-S; 1B.2","Delphinium hesperium cuyamacae","6376401","No","(Abrams) Lewis & Epling","Subspecies","Animalia","Chordata","Amphibia","Caudata","Ambystomatidae","Ambystoma","Ambystoma californiense"
"1055","3033702","Plants","Delphinium luteum","Golden Larkspur","Rare","1B.1","Delphinium luteum","3033702","No","A.Heller","Species","Animalia","Chordata","Amphibia","Caudata","Ambystomatidae","Ambystoma","Ambystoma californiense"
"1056","3926335","Plants","Delphinium variegatum ssp. kinkiense","San Clemente Island Larkspur","SE","1B.1","Delphinium variegatum kinkiense","3926335","No","(Munz) M.J.Warnock","Subspecies","Animalia","Chordata","Amphibia","Caudata","Ambystomatidae","Ambystoma","Ambystoma californiense"
"1057","3926318","Plants","Delphinium variegatum ssp. thornei","Thorne’s Royal Larkspur","None","1B.1","Delphinium variegatum thornei","3926318","No","Munz","Subspecies","Animalia","Chordata","Amphibia","Caudata","Ambystomatidae","Ambystoma","Ambystoma californiense"
"1058","4236447","Plants","Dieteria asteroides var. lagunensis","Mt. Laguna Aster","Rare","BLM-S; 2B.1","Dieteria asteroides lagunensis","4236447","No","(D.D.Keck) D.R.Morgan & R.L.Hartm.","Variety","Animalia","Chordata","Amphibia","Caudata","Ambystomatidae","Ambystoma","Ambystoma californiense"
"1059","7787799","Plants","Diplacus brandegeei","Santa Cruz Island Monkeyflower","None","1A","Diplacus brandegeei","7787799","No","(Pennell) G.L.Nesom","Species","Animalia","Chordata","Amphibia","Caudata","Ambystomatidae","Ambystoma","Ambystoma californiense"
"1060","7547677","Plants","Diplacus traskiae","Santa Catalina Island Monkeyflower","None","1A","Diplacus traskiae","7547677","No","(A.L.Grant) G.L.Nesom","Species","Animalia","Chordata","Amphibia","Caudata","Ambystomatidae","Ambystoma","Ambystoma californiense"
"1061","7581315","Plants","Diplacus vandenbergensis","Vandenberg Monkeyflower","None","1B.1","Diplacus vandenbergensis","7581315","No","(D.M.Thomps.) G.L.Nesom","Species","Animalia","Chordata","Amphibia","Caudata","Ambystomatidae","Ambystoma","Ambystoma californiense"
"1062","3053541","Plants","Dithyrea maritima","Beach Spectaclepod","ST","BLM-S; 1B.1","Dithyrea maritima","3053541","No","(Davidson ex B.L.Rob.) Davidson","Species","Animalia","Chordata","Amphibia","Caudata","Ambystomatidae","Ambystoma","Ambystoma californiense"
"1063","2888848","Plants","Dodecahema leptoceras","Slender-horned Spineflower","SE","1B.1","Dodecahema leptoceras","2888848","No","(A.Gray) Reveal & C.B.Hardham","Species","Animalia","Chordata","Amphibia","Caudata","Ambystomatidae","Ambystoma","Ambystoma californiense"
"1064","6288258","Plants","Downingia concolor var. brevior","Cuyamaca Lake Downingia","SE","1B.1","Downingia concolor brevior","3166323","No","McVaugh","Variety","Animalia","Chordata","Amphibia","Caudata","Ambystomatidae","Ambystoma","Ambystoma californiense"
"1065","3050271","Plants","Draba asterophora var. macrocarpa","Cup Lake Draba","None","1B.1","Draba asterophora macrocarpa","3050271","No","C.L.Hitchc.","Variety","Animalia","Chordata","Amphibia","Caudata","Ambystomatidae","Ambystoma","Ambystoma californiense"
"1066","7063348","Plants","Drymocallis cuneifolia var. cuneifolia","Wedgeleaf Woodbeauty","None","1B.1","Drymocallis cuneifolia cuneifolia","7063348","No","","Variety","Animalia","Chordata","Amphibia","Caudata","Ambystomatidae","Ambystoma","Ambystoma californiense"
"1067","4199721","Plants","Dudleya abramsii ssp. murina","Mouse-gray Dudleya","None","BLM-S; 1B.1","Dudleya abramsii murina","4199721","No","(Eastw.) Moran","Subspecies","Animalia","Chordata","Amphibia","Caudata","Ambystomatidae","Ambystoma","Ambystoma californiense"
"1068","4199696","Plants","Dudleya abramsii ssp. setchellii","Santa Clara Valley Dudleya","None","1B.1","Dudleya abramsii setchellii","4199696","No","(Jeps.) Moran","Subspecies","Animalia","Chordata","Amphibia","Caudata","Ambystomatidae","Ambystoma","Ambystoma californiense"
"1069","7095870","Plants","Dudleya blochmaniae ssp. blochmaniae","Blochman’s Dudleya","None","BLM-S; 1B.1","Dudleya blochmaniae blochmaniae","7095870","No","","Subspecies","Animalia","Chordata","Amphibia","Caudata","Ambystomatidae","Ambystoma","Ambystoma californiense"
"1070","4272269","Plants","Dudleya blochmaniae ssp. insularis","Santa Rosa Island Dudleya","None","1B.1","Dudleya blochmaniae insularis","4272269","No","(Moran) Moran","Subspecies","Animalia","Chordata","Amphibia","Caudata","Ambystomatidae","Ambystoma","Ambystoma californiense"
"1071","4199363","Plants","Dudleya brevifolia","Short-leaved Dudleya","SE","1B.1","Dudleya blochmaniae","2985905","No","(Eastw.) Moran","Species","Animalia","Chordata","Amphibia","Caudata","Ambystomatidae","Ambystoma","Ambystoma californiense"
"1072","2985872","Plants","Dudleya chasmophyta","Santiago Canyon Dudleya","None","1B.1","Dudleya","2985872","No","Britton & Rose","Genus","Animalia","Chordata","Amphibia","Caudata","Ambystomatidae","Ambystoma","Ambystoma californiense"
"1073","4199045","Plants","Dudleya cymosa ssp. agourensis","Agoura Hills Dudleya","None","1B.2","Dudleya cymosa agourensis","4199045","No","K.M.Nakai","Subspecies","Animalia","Chordata","Amphibia","Caudata","Ambystomatidae","Ambystoma","Ambystoma californiense"
"1074","4198987","Plants","Dudleya cymosa ssp. marcescens","Marcescent Dudleya","Rare","1B.2","Dudleya cymosa marcescens","4198987","No","Moran","Subspecies","Animalia","Chordata","Amphibia","Caudata","Ambystomatidae","Ambystoma","Ambystoma californiense"
"1075","4198970","Plants","Dudleya cymosa ssp. ovatifolia","Santa Monica Dudleya","None","1B.1","Dudleya cymosa ovatifolia","4198970","No","(Britton) Moran","Subspecies","Animalia","Chordata","Amphibia","Caudata","Ambystomatidae","Ambystoma","Ambystoma californiense"
"1076","2985876","Plants","Dudleya densiflora","San Gabriel Mountains Dudleya","None","1B.1","Dudleya densiflora","2985876","No","(Rose) Moran","Species","Animalia","Chordata","Amphibia","Caudata","Ambystomatidae","Ambystoma","Ambystoma californiense"
"1077","10485981","Plants","Dudleya gnoma","Munchkin Dudleya","None","1B.1","Dudleya gnoma","10485981","No","S.Mc Cabe","Species","Animalia","Chordata","Amphibia","Caudata","Ambystomatidae","Ambystoma","Ambystoma californiense"
"1078","2985880","Plants","Dudleya nesiotica","Santa Cruz Island Dudleya","Rare","1B.1","Dudleya nesiotica","2985880","No","(Moran) Moran","Species","Animalia","Chordata","Amphibia","Caudata","Ambystomatidae","Ambystoma","Ambystoma californiense"
"1079","4198191","Plants","Dudleya parva","Conejo Dudleya","None","1B.2","Dudleya parva","4198191","No","Rose & Davidson","Species","Animalia","Chordata","Amphibia","Caudata","Ambystomatidae","Ambystoma","Ambystoma californiense"
"1080","2985915","Plants","Dudleya stolonifera","Laguna Beach Dudleya","ST","1B.1","Dudleya stolonifera","2985915","No","Moran","Species","Animalia","Chordata","Amphibia","Caudata","Ambystomatidae","Ambystoma","Ambystoma californiense"
"1081","2985874","Plants","Dudleya traskiae","Santa Barbara Island Dudleya","SE","1B.2","Dudleya traskiae","2985874","No","(Rose) Moran","Species","Animalia","Chordata","Amphibia","Caudata","Ambystomatidae","Ambystoma","Ambystoma californiense"
"1082","2985882","Plants","Dudleya verityi","Verity’s Dudleya","None","1B.1","Dudleya verityi","2985882","No","K.M.Nakai","Species","Animalia","Chordata","Amphibia","Caudata","Ambystomatidae","Ambystoma","Ambystoma californiense"
"1083","3957330","Plants","Echinocereus engelmannii var. howei","Howe’s Hedgehog Cactus","None","BLM-S; 1B.1","Echinocereus engelmannii howei","3957330","No","L.D.Benson","Variety","Animalia","Chordata","Amphibia","Caudata","Ambystomatidae","Ambystoma","Ambystoma californiense"
"1084","5422553","Plants","Eisenia arborea","Southern Sea Palm","None","E; none","Eisenia arborea","5422553","No","Areschoug, 1876","Species","Animalia","Chordata","Amphibia","Caudata","Ambystomatidae","Ambystoma","Ambystoma californiense"
"1085","4223045","Plants","Enceliopsis nudicaulis var. corrugata","Ash Meadows Daisy","None","3.3","Enceliopsis nudicaulis corrugata","4223045","No","Cronquist","Variety","Animalia","Chordata","Amphibia","Caudata","Ambystomatidae","Ambystoma","Ambystoma californiense"
"1086","3935823","Plants","Eremalche parryi ssp. kernensis","Kern Mallow","None","1B.2","Eremalche parryi kernensis","3935823","No","(C.B.Wolf) D.M.Bates","Subspecies","Animalia","Chordata","Amphibia","Caudata","Ambystomatidae","Ambystoma","Ambystoma californiense"
"1087","3085285","Plants","Eremogone ursina","Big Bear Valley Sandwort","None","1B.2","Eremogone ursina","3085285","No","(B.L.Rob.) Ikonn.","Species","Animalia","Chordata","Amphibia","Caudata","Ambystomatidae","Ambystoma","Ambystoma californiense"
"1088","2927806","Plants","Eriastrum brandegeeae","Brandegee’s Eriastrum","None","BLM-S; 1B.1","Eriastrum tracyi","2927807","Yes","H.Mason","Species","Animalia","Chordata","Amphibia","Caudata","Ambystomatidae","Ambystoma","Ambystoma californiense"
"1089","2927814","Plants","Eriastrum densifolium ssp. sanctorum","Santa Ana River Woollystar","SE","1B.1","Eriastrum densifolium sanctorum","2927814","No","(Milliken) H.Mason","Subspecies","Animalia","Chordata","Amphibia","Caudata","Ambystomatidae","Ambystoma","Ambystoma californiense"
"1090","8094039","Plants","Eriastrum ertterae","Lime Ridge Eriastrum","SE","1B.1","Eriastrum ertterae","8094039","No","D.Gowen","Species","Animalia","Chordata","Amphibia","Caudata","Ambystomatidae","Ambystoma","Ambystoma californiense"
"1091","7414755","Plants","Eriastrum rosamondense","Rosamond Eriastrum","None","1B.1","Eriastrum rosamondense","7414755","No","D.Gowen","Species","Animalia","Chordata","Amphibia","Caudata","Ambystomatidae","Ambystoma","Ambystoma californiense"
"1092","2927807","Plants","Eriastrum tracyi","Tracy’s Eriastrum","Rare","3.2","Eriastrum tracyi","2927807","Yes","H.Mason","Species","Animalia","Chordata","Amphibia","Caudata","Ambystomatidae","Ambystoma","Ambystoma californiense"
"1093","3102914","Plants","Ericameria fasciculata","Eastwood’s Goldenbush","None","BLM-S; 1B.1","Ericameria fasciculata","3102914","No","(Eastw.) J.F.Macbr.","Species","Animalia","Chordata","Amphibia","Caudata","Ambystomatidae","Ambystoma","Ambystoma californiense"
"1094","4274114","Plants","Ericameria palmeri var. palmeri","Palmer’s Goldenbush","None","BLM-S; 1B.1","Ericameria palmeri palmeri","4274114","No","","Variety","Animalia","Chordata","Amphibia","Caudata","Ambystomatidae","Ambystoma","Ambystoma californiense"
"1095","3147103","Plants","Erigeron calvus","Bald Daisy","None","BLM-S; 1B.1","Erigeron calvus","3147103","No","Coville","Species","Animalia","Chordata","Amphibia","Caudata","Ambystomatidae","Ambystoma","Ambystoma californiense"
"1096","10715477","Plants","Erigeron conditii","Condit’s Fleabane Daisy","None","1B.1","Erigeron conditii","10715477","No","D.J.Keil","Species","Animalia","Chordata","Amphibia","Caudata","Ambystomatidae","Ambystoma","Ambystoma californiense"
"1097","3146935","Plants","Erigeron mariposanus","Mariposa Daisy","None","1A","Erigeron mariposanus","3146935","No","Congdon","Species","Animalia","Chordata","Amphibia","Caudata","Ambystomatidae","Ambystoma","Ambystoma californiense"
"1098","3146623","Plants","Erigeron parishii","Parish’s Daisy","None","1B.1","Erigeron parishii","3146623","No","A.Gray","Species","Animalia","Chordata","Amphibia","Caudata","Ambystomatidae","Ambystoma","Ambystoma californiense"
"1099","2928352","Plants","Eriodictyon altissimum","Indian Knob Mountainbalm","SE","1B.1","Eriodictyon altissimum","2928352","No","P.V.Wells","Species","Animalia","Chordata","Amphibia","Caudata","Ambystomatidae","Ambystoma","Ambystoma californiense"
"1100","2928357","Plants","Eriodictyon capitatum","Lompoc Yerba Santa","Rare","1B.2","Eriodictyon capitatum","2928357","No","Eastw.","Species","Animalia","Chordata","Amphibia","Caudata","Ambystomatidae","Ambystoma","Ambystoma californiense"
"1101","7967174","Plants","Eriogonum alexanderae","Alexander’s Buckwheat","None","BLM-S; 1B.1","Eriogonum alexanderae","7967174","No","(Reveal) Grady & Reveal","Species","Animalia","Chordata","Amphibia","Caudata","Ambystomatidae","Ambystoma","Ambystoma californiense"
"1102","2889455","Plants","Eriogonum alpinum","Trinity Buckwheat","SE","1B.2","Eriogonum alpinum","2889455","No","Engelm.","Species","Animalia","Chordata","Amphibia","Caudata","Ambystomatidae","Ambystoma","Ambystoma californiense"
"1103","8161446","Plants","Eriogonum apricum var. apricum","Ione Buckwheat","SE","1B.1","Eriogonum apricum apricum","8161446","No","","Variety","Animalia","Chordata","Amphibia","Caudata","Ambystomatidae","Ambystoma","Ambystoma californiense"
"1104","4033076","Plants","Eriogonum apricum var. prostratum","Irish Hill Buckwheat","SE","1B.1","Eriogonum apricum prostratum","4033076","No","Myatt","Variety","Animalia","Chordata","Amphibia","Caudata","Ambystomatidae","Ambystoma","Ambystoma californiense"
"1105","2889451","Plants","Eriogonum butterworthianum","Butterworth’s Buckwheat","Rare","BLM-S; 1B.3","Eriogonum butterworthianum","2889451","No","Howell","Species","Animalia","Chordata","Amphibia","Caudata","Ambystomatidae","Ambystoma","Ambystoma californiense"
"1106","4038283","Plants","Eriogonum callistum","Tehachapi Buckwheat","None","1B.1","Eriogonum callistum","4038283","No","Reveal","Species","Animalia","Chordata","Amphibia","Caudata","Ambystomatidae","Ambystoma","Ambystoma californiense"
"1107","2889499","Plants","Eriogonum crocatum","Conejo Buckwheat","Rare","1B.2","Eriogonum crocatum","2889499","No","Davidson","Species","Animalia","Chordata","Amphibia","Caudata","Ambystomatidae","Ambystoma","Ambystoma californiense"
"1108","4035358","Plants","Eriogonum evanidum","Vanishing Wild Buckwheat","None","1B.1","Eriogonum evanidum","4035358","No","Reveal","Species","Animalia","Chordata","Amphibia","Caudata","Ambystomatidae","Ambystoma","Ambystoma californiense"
"1109","6391226","Plants","Eriogonum giganteum var. compactum","Santa Barbara Island Buckwheat","Rare","1B.3","Eriogonum giganteum compactum","6391226","No","Dunkle","Variety","Animalia","Chordata","Amphibia","Caudata","Ambystomatidae","Ambystoma","Ambystoma californiense"
"1110","6391156","Plants","Eriogonum grande var. timorum","San Nicolas Island Buckwheat","SE","1B.1","Eriogonum grande timorum","6391156","No","Reveal","Variety","Animalia","Chordata","Amphibia","Caudata","Ambystomatidae","Ambystoma","Ambystoma californiense"
"1111","2889596","Plants","Eriogonum kelloggii","Kellogg’s Buckwheat","SE","BLM-S; 1B.2","Eriogonum kelloggii","2889596","No","A.Gray","Species","Animalia","Chordata","Amphibia","Caudata","Ambystomatidae","Ambystoma","Ambystoma californiense"
"1112","4032961","Plants","Eriogonum kennedyi var. austromontanum","Southern Mountain Buckwheat","None","1B.2","Eriogonum kennedyi austromontanum","4032961","No","Munz & I.M.Johnst.","Variety","Animalia","Chordata","Amphibia","Caudata","Ambystomatidae","Ambystoma","Ambystoma californiense"
"1113","4032925","Plants","Eriogonum kennedyi var. pinicola","Kern Buckwheat","None","BLM-S; 1B.1","Eriogonum kennedyi pinicola","4032925","No","Reveal","Variety","Animalia","Chordata","Amphibia","Caudata","Ambystomatidae","Ambystoma","Ambystoma californiense"
"1114","8025969","Plants","Eriogonum microtheca var. lacus-ursi","Bear Lake Buckwheat","SCL","1B.1","Eriogonum microtheca lacus-ursi","8025969","No","Reveal & A.Sand.","Variety","Animalia","Chordata","Amphibia","Caudata","Ambystomatidae","Ambystoma","Ambystoma californiense"
"1115","4036868","Plants","Eriogonum nudum var. decurrens","Ben Lomond Buckwheat","None","1B.1","Eriogonum nudum decurrens","4036868","No","(S.Stokes) M.L.Bowerman","Variety","Animalia","Chordata","Amphibia","Caudata","Ambystomatidae","Ambystoma","Ambystoma californiense"
"1116","4036710","Plants","Eriogonum nudum var. psychicola","Antioch Dunes Buckwheat","None","1B.1","Eriogonum nudum psychicola","4036710","No","Reveal","Variety","Animalia","Chordata","Amphibia","Caudata","Ambystomatidae","Ambystoma","Ambystoma californiense"
"1117","4036049","Plants","Eriogonum ovalifolium var. monarchense","Monarch Buckwheat","None","1B.1","Eriogonum ovalifolium monarchense","4036049","No","D.A.York","Variety","Animalia","Chordata","Amphibia","Caudata","Ambystomatidae","Ambystoma","Ambystoma californiense"
"1118","8184835","Plants","Eriogonum ovalifolium var. vineum","Cushenbury Buckwheat","None","1B.1","Eriogonum ovalifolium vineum","8184835","No","(Small) A.Nelson","Variety","Animalia","Chordata","Amphibia","Caudata","Ambystomatidae","Ambystoma","Ambystoma californiense"
"1119","4032705","Plants","Eriogonum thornei","Thorne’s Buckwheat","SE","1B.2","Eriogonum thornei","4032705","No","(Reveal & Henrickson) L.M.Shultz","Species","Animalia","Chordata","Amphibia","Caudata","Ambystomatidae","Ambystoma","Ambystoma californiense"
"1120","2889604","Plants","Eriogonum truncatum","Mt. Diablo Buckwheat","None","1B.1","Eriogonum truncatum","2889604","No","A.Gray","Species","Animalia","Chordata","Amphibia","Caudata","Ambystomatidae","Ambystoma","Ambystoma californiense"
"1121","7543649","Plants","Eriogonum twisselmannii","Twisselmann’s Buckwheat","Rare","1B.2","Eriogonum twisselmanii","7543649","No","(J.T.Howell) Reveal","Species","Animalia","Chordata","Amphibia","Caudata","Ambystomatidae","Ambystoma","Ambystoma californiense"
"1122","4038143","Plants","Eriogonum umbellatum var. lautum","Scott Valley Buckwheat","None","1B.1","Eriogonum umbellatum lautum","4038143","No","Reveal","Variety","Animalia","Chordata","Amphibia","Caudata","Ambystomatidae","Ambystoma","Ambystoma californiense"
"1123","3130479","Plants","Eriophyllum congdonii","Congdon’s Woolly Sunflower","Rare","1B.2","Eriophyllum congdonii","3130479","No","Brandegee","Species","Animalia","Chordata","Amphibia","Caudata","Ambystomatidae","Ambystoma","Ambystoma californiense"
"1124","4209374","Plants","Eriophyllum lanatum var. hallii","Fort Tejon Woolly Sunflower","None","1B.1","Eriophyllum lanatum hallii","4209374","No","Constance","Variety","Animalia","Chordata","Amphibia","Caudata","Ambystomatidae","Ambystoma","Ambystoma californiense"
"1125","3130480","Plants","Eriophyllum latilobum","San Mateo Woolly Sunflower","SE","1B.1","Eriophyllum latilobum","3130480","No","Rydb.","Species","Animalia","Chordata","Amphibia","Caudata","Ambystomatidae","Ambystoma","Ambystoma californiense"
"1126","3633439","Plants","Eryngium aristulatum var. hooveri","Hoover’s Button-Celery","None","1B.1","Eryngium aristulatum hooveri","3633439","No","M.Y.Sheikh","Variety","Animalia","Chordata","Amphibia","Caudata","Ambystomatidae","Ambystoma","Ambystoma californiense"
"1127","6308109","Plants","Eryngium aristulatum var. parishii","San Diego Button-Celery","SE","1B.1","Eryngium aristulatum parishii","3633419","No","(J.M.Coult. & Rose) Mathias & Constance","Variety","Animalia","Chordata","Amphibia","Caudata","Ambystomatidae","Ambystoma","Ambystoma californiense"
"1128","3034396","Plants","Eryngium constancei","Loch Lomond Button-Celery","SE","1B.1","Eryngium constancei","3034396","No","M.Y.Sheikh","Species","Animalia","Chordata","Amphibia","Caudata","Ambystomatidae","Ambystoma","Ambystoma californiense"
"1129","12235691","Plants","Eryngium montereyense","Fort Ord Button-Celery","None","BLM-S; 1B.1","Eryngium montereyense","12235691","No","D.W.Taylor & R.E.Preston","Species","Animalia","Chordata","Amphibia","Caudata","Ambystomatidae","Ambystoma","Ambystoma californiense"
"1130","3628572","Plants","Eryngium pendletonense","Pendleton Button-Celery","None","1B.1","Eryngium pendletonense","3628572","No","K.L.Marsden & M.G.Simpson","Species","Animalia","Chordata","Amphibia","Caudata","Ambystomatidae","Ambystoma","Ambystoma californiense"
"1131","3034406","Plants","Eryngium racemosum","Delta Button-Celery","SE","1B.1","Eryngium racemosum","3034406","No","Jeps.","Species","Animalia","Chordata","Amphibia","Caudata","Ambystomatidae","Ambystoma","Ambystoma californiense"
"1132","3048577","Plants","Erysimum capitatum var. angustatum","Contra Costa Wallflower","SE","1B.1","Erysimum capitatum angustatum","3048577","No","(Greene) Rossbach","Variety","Animalia","Chordata","Amphibia","Caudata","Ambystomatidae","Ambystoma","Ambystoma californiense"
"1133","3048483","Plants","Erysimum menziesii","Menzies’ Wallflower","SE","1B.1","Erysimum menziesii","3048483","No","(Benth. & Hook.f.) Wettst.","Species","Animalia","Chordata","Amphibia","Caudata","Ambystomatidae","Ambystoma","Ambystoma californiense"
"1134","3048368","Plants","Erysimum teretifolium","Santa Cruz Wallflower","SE","1B.1","Erysimum teretifolium","3048368","No","Eastw.","Species","Animalia","Chordata","Amphibia","Caudata","Ambystomatidae","Ambystoma","Ambystoma californiense"
"1135","7359514","Plants","Erythranthe carsonensis","Carson Valley Monkeyflower","None","1B.1","Erythranthe carsonensis","7359514","No","N.S.Fraga","Species","Animalia","Chordata","Amphibia","Caudata","Ambystomatidae","Ambystoma","Ambystoma californiense"
"1136","7604241","Plants","Erythranthe hardhamiae","Santa Lucia Monkeyflower","None","1B.1","Erythranthe hardhamiae","7604241","No","N.S.Fraga","Species","Animalia","Chordata","Amphibia","Caudata","Ambystomatidae","Ambystoma","Ambystoma californiense"
"1137","8073951","Plants","Erythranthe marmorata","Stanislaus Monkeyflower","None","BLM-S; 1B.1","Erythranthe marmorata","8073951","No","(Greene) G.L.Nesom","Species","Animalia","Chordata","Amphibia","Caudata","Ambystomatidae","Ambystoma","Ambystoma californiense"
"1138","8051844","Plants","Erythranthe percaulis","Serpentine Canyon Monkeyflower","None","1B.1","Erythranthe percaulis","8051844","No","G.L.Nesom","Species","Animalia","Chordata","Amphibia","Caudata","Ambystomatidae","Ambystoma","Ambystoma californiense"
"1139","9208334","Plants","Erythranthe rhodopetra","Red Rock Canyon Monkeyflower","SE","BLM-S; 1B.1","Erythranthe rhodopetra","9208334","No","N.S.Fraga","Species","Animalia","Chordata","Amphibia","Caudata","Ambystomatidae","Ambystoma","Ambystoma californiense"
"1140","10881299","Plants","Erythranthe serpentinicola","Irish Hills Monkeyflower","None","1B.1","Erythranthe serpentinicola","10881299","No","D.J.Keil","Species","Animalia","Chordata","Amphibia","Caudata","Ambystomatidae","Ambystoma","Ambystoma californiense"
"1141","7426012","Plants","Erythranthe shevockii","Kelso Creek Monkeyflower","None","BLM-S; 1B.1","Erythranthe shevockii","7426012","No","(Heckard & Bacig.) N.S.Fraga","Species","Animalia","Chordata","Amphibia","Caudata","Ambystomatidae","Ambystoma","Ambystoma californiense"
"1142","8384239","Plants","Erythranthe taylorii","Shasta Limestone Monkeyflower","None","1B.1","Erythranthe taylorii","8384239","No","G.L.Nesom","Species","Animalia","Chordata","Amphibia","Caudata","Ambystomatidae","Ambystoma","Ambystoma californiense"
"1143","3603788","Plants","Eschscholzia lemmonii ssp. kernensis","Tejon Poppy","None","BLM-S; 1B.1","Eschscholzia lemmonii kernensis","3603788","No","(Munz) C.Clark","Subspecies","Animalia","Chordata","Amphibia","Caudata","Ambystomatidae","Ambystoma","Ambystoma californiense"
"1144","2888388","Plants","Eschscholzia rhombipetala","Diamond-Petaled California Poppy","None","BLM-S; 1B.1","Eschscholzia rhombipetala","2888388","No","Greene","Species","Animalia","Chordata","Amphibia","Caudata","Ambystomatidae","Ambystoma","Ambystoma californiense"
"1145","3067839","Plants","Euphorbia hooveri","Hoover’s Spurge","None","1B.2","Euphorbia hooveri","3067839","No","L.C.Wheeler","Species","Animalia","Chordata","Amphibia","Caudata","Ambystomatidae","Ambystoma","Ambystoma californiense"
"1146","8229919","Plants","Euphorbia jaegeri","Orocopia Mountains Spurge","None","BLM-S; 1B.1","Euphorbia jaegeri","8229919","No","V.W.Steinm. & J.M.André","Species","Animalia","Chordata","Amphibia","Caudata","Ambystomatidae","Ambystoma","Ambystoma californiense"
"1147","3152176","Plants","Fremontodendron decumbens","Pine Hill Flannelbush","Rare","1B.2","Fremontodendron decumbens","3152176","No","R.M.Lloyd","Species","Animalia","Chordata","Amphibia","Caudata","Ambystomatidae","Ambystoma","Ambystoma californiense"
"1148","3152158","Plants","Fremontodendron mexicanum","Mexican Flannelbush","Rare","1B.1","Fremontodendron mexicanum","3152158","No","Davidson","Species","Animalia","Chordata","Amphibia","Caudata","Ambystomatidae","Ambystoma","Ambystoma californiense"
"1149","5300687","Plants","Fritillaria biflora var. ineziana","Hillsborough Chocolate Lily","None","1B.1","Fritillaria biflora ineziana","5300687","No","Jeps.","Variety","Animalia","Chordata","Amphibia","Caudata","Ambystomatidae","Ambystoma","Ambystoma californiense"
"1150","5300355","Plants","Fritillaria gentneri","Gentner’s Fritillary","None","1B.1","Fritillaria gentneri","5300355","No","Gilkey","Species","Animalia","Chordata","Amphibia","Caudata","Ambystomatidae","Ambystoma","Ambystoma californiense"
"1151","5300626","Plants","Fritillaria lanceolata var. tristulis","Marin Checker Lily","None","1B.1","Fritillaria lanceolata tristulis","5300626","No","A.L.Grant","Variety","Animalia","Chordata","Amphibia","Caudata","Ambystomatidae","Ambystoma","Ambystoma californiense"
"1152","5300688","Plants","Fritillaria roderickii","Roderick’s Fritillary","SE","1B.1","Fritillaria biflora","5299322","No","Lindl.","Species","Animalia","Chordata","Amphibia","Caudata","Ambystomatidae","Ambystoma","Ambystoma californiense"
"1153","5300384","Plants","Fritillaria striata","Striped Adobe-Lily","ST","BLM-S; 1B.1","Fritillaria striata","5300384","No","Eastw.","Species","Animalia","Chordata","Amphibia","Caudata","Ambystomatidae","Ambystoma","Ambystoma californiense"
"1154","2914879","Plants","Galium angustifolium ssp. borregoense","Borrego Bedstraw","Rare","BLM-S; 1B.3","Galium angustifolium borregoense","2914879","No","Dempster & Stebbins","Subspecies","Animalia","Chordata","Amphibia","Caudata","Ambystomatidae","Ambystoma","Ambystoma californiense"
"1155","2915064","Plants","Galium buxifolium","Box Bedstraw","Rare","1B.2","Galium buxifolium","2915064","No","Greene","Species","Animalia","Chordata","Amphibia","Caudata","Ambystomatidae","Ambystoma","Ambystoma californiense"
"1156","2914292","Plants","Galium californicum ssp. sierrae","El Dorado Bedstraw","Rare","1B.2","Galium californicum sierrae","2914292","No","Dempster & Stebbins","Subspecies","Animalia","Chordata","Amphibia","Caudata","Ambystomatidae","Ambystoma","Ambystoma californiense"
"1157","2913416","Plants","Galium catalinense ssp. acrispum","San Clemente Island Bedstraw","SE","1B.3","Galium catalinense acrispum","2913416","No","Dempster","Subspecies","Animalia","Chordata","Amphibia","Caudata","Ambystomatidae","Ambystoma","Ambystoma californiense"
"1158","2688654","Plants","Geothallus tuberosus","Campbell’s Liverwort","None","1B.1","Geothallus tuberosus","2688654","No","Campb.","Species","Animalia","Chordata","Amphibia","Caudata","Ambystomatidae","Ambystoma","Ambystoma californiense"
"1159","5659660","Plants","Gilia capitata ssp. chamissonis","Blue Coast Gilia","None","1B.1","Gilia capitata chamissonis","5659660","No","(Greene) V.E.Grant","Subspecies","Animalia","Chordata","Amphibia","Caudata","Ambystomatidae","Ambystoma","Ambystoma californiense"
"1160","8707202","Plants","Gilia capitata ssp. tomentosa","Woolly-headed Gilia","None","1B.1","Gilia capitata tomentosa","8707202","No","(Eastw. ex Brand) V.E.Grant","Subspecies","Animalia","Chordata","Amphibia","Caudata","Ambystomatidae","Ambystoma","Ambystoma californiense"
"1161","5341584","Plants","Gilia tenuiflora ssp. arenaria","Monterey Gilia","ST","1B.2","Gilia tenuiflora arenaria","5341584","No","(Benth.) A.D.Grant & V.E.Grant","Subspecies","Animalia","Chordata","Amphibia","Caudata","Ambystomatidae","Ambystoma","Ambystoma californiense"
"1162","5341582","Plants","Gilia tenuiflora ssp. hoffmannii","Hoffmann’s Slender-flowered Gilia","None","1B.1","Gilia tenuiflora hoffmannii","5341582","No","(Eastw.) A.D.Grant & V.E.Grant","Subspecies","Animalia","Chordata","Amphibia","Caudata","Ambystomatidae","Ambystoma","Ambystoma californiense"
"1163","5659447","Plants","Gilia yorkii","Monarch Gilia","None","1B.1","Gilia yorkii","5659447","No","Shevock & A.G.Day","Species","Animalia","Chordata","Amphibia","Caudata","Ambystomatidae","Ambystoma","Ambystoma californiense"
"1164","3171933","Plants","Gratiola heterosepala","Boggs Lake Hedge-Hyssop","SE","BLM-S; 1B.2","Gratiola heterosepala","3171933","No","H.Mason & Bacigalupo","Species","Animalia","Chordata","Amphibia","Caudata","Ambystomatidae","Ambystoma","Ambystoma californiense"
"1165","7637084","Plants","Grimmia vaginulata","Vaginulate Grimmia","None","BLM-S; 1B.1","Grimmia vaginulata","7637084","No","Kellman","Species","Animalia","Chordata","Amphibia","Caudata","Ambystomatidae","Ambystoma","Ambystoma californiense"
"1166","3146287","Plants","Grindelia fraxinipratensis","Ash Meadows Gumplant","None","1B.2","Grindelia fraxinipratensis","3146287","No","Reveal & Beatley","Species","Animalia","Chordata","Amphibia","Caudata","Ambystomatidae","Ambystoma","Ambystoma californiense"
"1167","5396009","Plants","Harmonia doris-nilesiae","Niles’ Harmonia","None","BLM-S; 1B.1","Harmonia doris-nilesiae","5396009","No","(T.W.Nelson & J.P.Nelson) B.G.Baldwin","Species","Animalia","Chordata","Amphibia","Caudata","Ambystomatidae","Ambystoma","Ambystoma californiense"
"1168","5396015","Plants","Harmonia guggolziorum","Guggolz’s Harmonia","None","1B.1","Harmonia guggolziorum","5396015","No","B.G.Baldwin","Species","Animalia","Chordata","Amphibia","Caudata","Ambystomatidae","Ambystoma","Ambystoma californiense"
"1169","5389280","Plants","Hazardia orcuttii","Orcutt’s Hazardia","ST","1B.1","Hazardia orcuttii","5389280","No","(A.Gray) Greene","Species","Animalia","Chordata","Amphibia","Caudata","Ambystomatidae","Ambystoma","Ambystoma californiense"
"1170","7726284","Plants","Helianthus inexpectatus","Newhall Sunflower","None","1B.1","Helianthus inexpectatus","7726284","No","D.J.Keil & Elvin","Species","Animalia","Chordata","Amphibia","Caudata","Ambystomatidae","Ambystoma","Ambystoma californiense"
"1171","4250745","Plants","Helianthus niveus ssp. tephrodes","Algodones Dunes Sunflower","SE","BLM-S; 1B.2","Helianthus niveus tephrodes","4250745","No","(A.Gray) Heiser","Subspecies","Animalia","Chordata","Amphibia","Caudata","Ambystomatidae","Ambystoma","Ambystoma californiense"
"1172","4250729","Plants","Helianthus nuttallii ssp. parishii","Los Angeles Sunflower","None","1A","Helianthus nuttallii parishii","4250729","No","(A.Gray) Heiser","Subspecies","Animalia","Chordata","Amphibia","Caudata","Ambystomatidae","Ambystoma","Ambystoma californiense"
"1173","2684016","Plants","Hesperocyparis abramsiana var. abramsiana","Santa Cruz Cypress","SE","1B.2","Cupressus goveniana","2684012","Yes","Gordon","Species","Animalia","Chordata","Amphibia","Caudata","Ambystomatidae","Ambystoma","Ambystoma californiense"
"1174","7669988","Plants","Hesperocyparis abramsiana var. butanoensis","Butano Ridge Cypress","SE","1B.2","Hesperocyparis abramsiana butanoensis","7669988","No","(Silba) Bartel & R.P.Adams","Variety","Animalia","Chordata","Amphibia","Caudata","Ambystomatidae","Ambystoma","Ambystoma californiense"
"1175","2684007","Plants","Hesperocyparis forbesii","Tecate Cypress","None","BLM-S; 1B.1","Cupressus guadalupensis","2684001","No","S.Watson","Species","Animalia","Chordata","Amphibia","Caudata","Ambystomatidae","Ambystoma","Ambystoma californiense"
"1176","2684020","Plants","Hesperocyparis goveniana","Gowen Cypress","None","1B.2","Cupressus goveniana","2684012","Yes","Gordon","Species","Animalia","Chordata","Amphibia","Caudata","Ambystomatidae","Ambystoma","Ambystoma californiense"
"1177","2683975","Plants","Hesperocyparis stephensonii","Cuyamaca Cypress","None","1B.1","Cupressus arizonica","2683969","No","Greene","Species","Animalia","Chordata","Amphibia","Caudata","Ambystomatidae","Ambystoma","Ambystoma californiense"
"1178","2873830","Plants","Hesperolinon congestum","Marin Western Flax","ST","1B.1","Hesperolinon congestum","2873830","No","(A.Gray) Small","Species","Animalia","Chordata","Amphibia","Caudata","Ambystomatidae","Ambystoma","Ambystoma californiense"
"1179","2873839","Plants","Hesperolinon didymocarpum","Lake County Western Flax","SE","BLM-S; 1B.2","Hesperolinon didymocarpum","2873839","No","H.Sharsm.","Species","Animalia","Chordata","Amphibia","Caudata","Ambystomatidae","Ambystoma","Ambystoma californiense"
"1180","5401978","Plants","Heterotheca monarchensis","Monarch Golden-Aster","None","1B.1","Heterotheca monarchensis","5401978","No","D.A.York, Shevock & Semple","Species","Animalia","Chordata","Amphibia","Caudata","Ambystomatidae","Ambystoma","Ambystoma californiense"
"1181","5401998","Plants","Heterotheca sessiliflora ssp. sessiliflora","Beach Goldenaster","None","1B.1","Heterotheca sessiliflora","5401998","No","(Nutt.) Shinners","Species","Animalia","Chordata","Amphibia","Caudata","Ambystomatidae","Ambystoma","Ambystoma californiense"
"1182","5347490","Plants","Hoffmannseggia peninsularis","Baja Peninsula Rushpea","None","1B.1","Hoffmannseggia peninsularis","5347490","No","(Britton) Wiggins","Species","Animalia","Chordata","Amphibia","Caudata","Ambystomatidae","Ambystoma","Ambystoma californiense"
"1183","2944086","Plants","Hoita strobilina","Loma Prieta Hoita","None","1B.1","Hoita strobilina","2944086","No","(Hook. & Arn.) Rydb.","Species","Animalia","Chordata","Amphibia","Caudata","Ambystomatidae","Ambystoma","Ambystoma californiense"
"1184","3170802","Plants","Holmgrenanthe petrophila","Rock Lady","Rare","1B.2","Holmgrenanthe petrophila","3170802","No","(Coville & C.V.Morton) Elisens","Species","Animalia","Chordata","Amphibia","Caudata","Ambystomatidae","Ambystoma","Ambystoma californiense"
"1185","3091319","Plants","Holocarpha macradenia","Santa Cruz Tarplant","SE","1B.1","Holocarpha macradenia","3091319","No","(DC.) Greene","Species","Animalia","Chordata","Amphibia","Caudata","Ambystomatidae","Ambystoma","Ambystoma californiense"
"1186","10944246","Plants","Hooveria purpurea var. purpurea","Santa Lucia Purple Amole","None","1B.1","Hooveria purpurea purpurea","10944246","No","","Variety","Animalia","Chordata","Amphibia","Caudata","Ambystomatidae","Ambystoma","Ambystoma californiense"
"1187","11110094","Plants","Hooveria purpurea var. reducta","Camatta Canyon Amole","Rare","1B.1","Hooveria purpurea reducta","11110094","No","(Hoover) D.W.Taylor & D.J.Keil","Variety","Animalia","Chordata","Amphibia","Caudata","Ambystomatidae","Ambystoma","Ambystoma californiense"
"1188","3025217","Plants","Horkelia cuneata var. puberula","Mesa Horkelia","None","BLM-S; 1B.1","Horkelia cuneata puberula","3025217","No","(Greene) Ertter & Reveal","Variety","Animalia","Chordata","Amphibia","Caudata","Ambystomatidae","Ambystoma","Ambystoma californiense"
"1189","3025215","Plants","Horkelia cuneata var. sericea","Kellogg’s Horkelia","None","1B.1","Horkelia cuneata sericea","3025215","No","(A.Gray) Ertter & Reveal","Variety","Animalia","Chordata","Amphibia","Caudata","Ambystomatidae","Ambystoma","Ambystoma californiense"
"1190","3025228","Plants","Horkelia daucifolia var. indicta","Jepson’s Horkelia","None","1B.1","Horkelia daucifolia indicta","3025228","No","(Jeps.) Ertter & Reveal","Variety","Animalia","Chordata","Amphibia","Caudata","Ambystomatidae","Ambystoma","Ambystoma californiense"
"1191","3025224","Plants","Horkelia hendersonii","Henderson’s Horkelia","None","BLM-S; 1B.1","Potentilla hendersonii","5369235","No","(Howell) Howell","Species","Animalia","Chordata","Amphibia","Caudata","Ambystomatidae","Ambystoma","Ambystoma californiense"
"1192","3025200","Plants","Horkelia wilderae","Barton Flats Horkelia","None","1B.1","Potentilla wilderae","5369119","No","(Parish) Munz & I.M.Johnst.","Species","Animalia","Chordata","Amphibia","Caudata","Ambystomatidae","Ambystoma","Ambystoma californiense"
"1193","3907291","Plants","Hosackia crassifolia var. otayensis","Otay Mountain Lotus","None","BLM-S; 1B.1","Hosackia crassifolia otayensis","3907291","No","(Moran ex Isely) Brouillet","Variety","Animalia","Chordata","Amphibia","Caudata","Ambystomatidae","Ambystoma","Ambystoma californiense"
"1194","3099268","Plants","Isocoma arguta","Carquinez Goldenbush","None","1B.1","Isocoma arguta","3099268","No","Greene","Species","Animalia","Chordata","Amphibia","Caudata","Ambystomatidae","Ambystoma","Ambystoma californiense"
"1195","7420162","Plants","Isoetes minima","Columbia Quillwort","None","BLM-S; 1B.1","Isoetes minima","7420162","No","A.A.Eaton","Species","Animalia","Chordata","Amphibia","Caudata","Ambystomatidae","Ambystoma","Ambystoma californiense"
"1196","5370077","Plants","Ivesia aperta var. canina","Dog Valley Ivesia","None","1B.1","Ivesia aperta canina","5370077","No","Ertter","Variety","Animalia","Chordata","Amphibia","Caudata","Ambystomatidae","Ambystoma","Ambystoma californiense"
"1197","5370064","Plants","Ivesia callida","Tahquitz Ivesia","Rare","1B.3","Potentilla callida","5368377","No","H.M.Hall","Species","Animalia","Chordata","Amphibia","Caudata","Ambystomatidae","Ambystoma","Ambystoma californiense"
"1198","5370063","Plants","Ivesia webberi","Webber’s Ivesia","None","1B.1","Potentilla webberi","5369081","No","(A.Gray) Greene","Species","Animalia","Chordata","Amphibia","Caudata","Ambystomatidae","Ambystoma","Ambystoma californiense"
"1199","7825802","Plants","Juncus digitatus","Finger Rush","None","1B.1","Juncus digitatus","7825802","No","C.W.Witham & Zika","Species","Animalia","Chordata","Amphibia","Caudata","Ambystomatidae","Ambystoma","Ambystoma californiense"
"1200","7258853","Plants","Juncus leiospermus var. leiospermus","Red Bluff Dwarf Rush","None","BLM-S; 1B.1","Juncus leiospermus leiospermus","7258853","No","","Variety","Animalia","Chordata","Amphibia","Caudata","Ambystomatidae","Ambystoma","Ambystoma californiense"
"1201","3115734","Plants","Lagophylla dichotoma","Forked Hare-leaf","None","1B.1","Lagophylla dichotoma","3115734","No","Benth.","Species","Animalia","Chordata","Amphibia","Caudata","Ambystomatidae","Ambystoma","Ambystoma californiense"
"1202","3146445","Plants","Laphamia inyoensis","Inyo Rock Daisy","ST","BLM-S; 1B.2","Laphamia inyoensis","3146445","No","Ferris","Species","Animalia","Chordata","Amphibia","Caudata","Ambystomatidae","Ambystoma","Ambystoma californiense"
"1203","3144226","Plants","Lasthenia burkei","Burke’s Goldfields","SE","1B.1","Lasthenia burkei","3144226","No","(Greene) Greene","Species","Animalia","Chordata","Amphibia","Caudata","Ambystomatidae","Ambystoma","Ambystoma californiense"
"1204","3144288","Plants","Lasthenia chrysantha","Alkali-sink Goldfields","None","1B.1","Lasthenia chrysantha","3144288","No","(Greene ex A.Gray) Greene","Species","Animalia","Chordata","Amphibia","Caudata","Ambystomatidae","Ambystoma","Ambystoma californiense"
"1205","3144243","Plants","Lasthenia conjugens","Contra Costa Goldfields","None","1B.1","Lasthenia conjugens","3144243","No","Greene","Species","Animalia","Chordata","Amphibia","Caudata","Ambystomatidae","Ambystoma","Ambystoma californiense"
"1206","6291336","Plants","Lasthenia glabrata ssp. coulteri","Coulter’s Goldfields","None","BLM-S; 1B.1","Lasthenia glabrata coulteri","6291336","No","(A.Gray) Ornduff","Subspecies","Animalia","Chordata","Amphibia","Caudata","Ambystomatidae","Ambystoma","Ambystoma californiense"
"1207","5356540","Plants","Lathyrus biflorus","Two-flowered Pea","None","1B.1","Lathyrus biflorus","5356540","No","T.W.Nelson & J.P.Nelson","Species","Animalia","Chordata","Amphibia","Caudata","Ambystomatidae","Ambystoma","Ambystoma californiense"
"1208","5392987","Plants","Layia carnosa","Beach Layia","SE","1B.1","Layia carnosa","5392987","No","(Nutt.) Torr. & A.Gray","Species","Animalia","Chordata","Amphibia","Caudata","Ambystomatidae","Ambystoma","Ambystoma californiense"
"1209","5392989","Plants","Layia discoidea","Rayless Layia","None","BLM-S; 1B.1","Layia discoidea","5392989","No","D.D.Keck","Species","Animalia","Chordata","Amphibia","Caudata","Ambystomatidae","Ambystoma","Ambystoma californiense"
"1210","5393005","Plants","Layia heterotricha","Pale-yellow Layia","None","BLM-S; 1B.1","Layia heterotricha","5393005","No","(DC.) Hook. & Arn.","Species","Animalia","Chordata","Amphibia","Caudata","Ambystomatidae","Ambystoma","Ambystoma californiense"
"1211","5392995","Plants","Layia leucopappa","Comanche Point Layia","None","BLM-S; 1B.1","Layia leucopappa","5392995","No","D.D.Keck","Species","Animalia","Chordata","Amphibia","Caudata","Ambystomatidae","Ambystoma","Ambystoma californiense"
"1212","3167088","Plants","Legenere limosa","Legenere","None","BLM-S; 1B.1","Legenere valdiviana","3167082","No","(Phil.) E.Wimm.","Species","Animalia","Chordata","Amphibia","Caudata","Ambystomatidae","Ambystoma","Ambystoma californiense"
"1213","5659411","Plants","Leptosiphon croceus","Coast Yellow Leptosiphon","SE","1B.1","Leptosiphon croceus","5659411","No","(Eastw.) J.M.Porter & L.A.Johnson","Species","Animalia","Chordata","Amphibia","Caudata","Ambystomatidae","Ambystoma","Ambystoma californiense"
"1214","5659931","Plants","Leptosiphon rosaceus","Rose Leptosiphon","None","1B.1","Leptosiphon rosaceus","5659931","No","(Hook.fil.) Battaglia","Species","Animalia","Chordata","Amphibia","Caudata","Ambystomatidae","Ambystoma","Ambystoma californiense"
"1215","3095712","Plants","Lessingia germanorum","San Francisco Lessingia","SE","1B.1","Lessingia germanorum","3095712","No","Cham.","Species","Animalia","Chordata","Amphibia","Caudata","Ambystomatidae","Ambystoma","Ambystoma californiense"
"1216","4249139","Plants","Lessingia glandulifera var. tomentosa","Warner Springs Lessingia","None","BLM-S; 1B.1","Lessingia glandulifera tomentosa","4249139","No","(Greene) Ferris","Variety","Animalia","Chordata","Amphibia","Caudata","Ambystomatidae","Ambystoma","Ambystoma californiense"
"1217","5384261","Plants","Lewisia congdonii","Congdon’s Lewisia","Rare","1B.3","Lewisia congdonii","5384261","No","(Rydb.) S.Clay","Species","Animalia","Chordata","Amphibia","Caudata","Ambystomatidae","Ambystoma","Ambystoma californiense"
"1218","5384251","Plants","Lewisia serrata","Saw-toothed Lewisia","None","1B.1","Lewisia cantelovii","5384248","No","Howell","Species","Animalia","Chordata","Amphibia","Caudata","Ambystomatidae","Ambystoma","Ambystoma californiense"
"1219","3034175","Plants","Lilaeopsis masonii","Mason’s Lilaeopsis","Rare","BLM-S, 1B.1","Lilaeopsis masonii","3034175","No","Mathias & Constance","Species","Animalia","Chordata","Amphibia","Caudata","Ambystomatidae","Ambystoma","Ambystoma californiense"
"1220","2753044","Plants","Lilium maritimum","Coast Lily","None","BLM-S; 1B.1","Lilium maritimum","2753044","No","Kellogg","Species","Animalia","Chordata","Amphibia","Caudata","Ambystomatidae","Ambystoma","Ambystoma californiense"
"1221","2753475","Plants","Lilium occidentale","Western Lily","SE","1B.1","Lilium occidentale","2753475","No","Purdy","Species","Animalia","Chordata","Amphibia","Caudata","Ambystomatidae","Ambystoma","Ambystoma californiense"
"1222","2753209","Plants","Lilium pardalinum ssp. pitkinense","Pitkin Marsh Lily","SE","1B.1","Lilium pardalinum pitkinense","2753209","No","(Beane & Vollmer) M.W.Skinner","Subspecies","Animalia","Chordata","Amphibia","Caudata","Ambystomatidae","Ambystoma","Ambystoma californiense"
"1223","5659322","Plants","Limnanthes alba ssp. parishii","Parish’s Meadowfoam","SE","BLM-S; 1B.2","Limnanthes alba parishii","5659322","No","(Jeps.) Morin","Subspecies","Animalia","Chordata","Amphibia","Caudata","Ambystomatidae","Ambystoma","Ambystoma californiense"
"1224","5334532","Plants","Limnanthes bakeri","Baker’s Meadowfoam","Rare","BLM-S; 1B.1","Limnanthes bakeri","5334532","No","Howell","Species","Animalia","Chordata","Amphibia","Caudata","Ambystomatidae","Ambystoma","Ambystoma californiense"
"1225","10893912","Plants","Limnanthes douglasii ssp. ornduffii","Ornduff’s Meadowfoam","None","1B.1","Limnanthes douglasii ornduffii","10893912","No","E.G.Buxton","Subspecies","Animalia","Chordata","Amphibia","Caudata","Ambystomatidae","Ambystoma","Ambystoma californiense"
"1226","5659305","Plants","Limnanthes douglasii ssp. sulphurea","Point Reyes Meadowfoam","SE","1B.2","Limnanthes douglasii sulphurea","5659305","No","(C.T.Mason) C.T.Mason","Subspecies","Animalia","Chordata","Amphibia","Caudata","Ambystomatidae","Ambystoma","Ambystoma californiense"
"1227","5659329","Plants","Limnanthes floccosa ssp. californica","Butte County Meadowfoam","SE","1B.1","Limnanthes floccosa californica","5659329","No","Arroyo","Subspecies","Animalia","Chordata","Amphibia","Caudata","Ambystomatidae","Ambystoma","Ambystoma californiense"
"1228","5334530","Plants","Limnanthes vinculans","Sebastopol Meadowfoam","SE","1B.1","Limnanthes vinculans","5334530","No","Ornduff","Species","Animalia","Chordata","Amphibia","Caudata","Ambystomatidae","Ambystoma","Ambystoma californiense"
"1229","7529396","Plants","Linanthus maculatus ssp. emaculatus","Jacumba Mountains Linanthus","None","BLM-S; 1B.1","Linanthus maculatus emaculatus","7529396","No","J.M.Porter, D.S.Bell & R.Patt.","Subspecies","Animalia","Chordata","Amphibia","Caudata","Ambystomatidae","Ambystoma","Ambystoma californiense"
"1230","3755337","Plants","Lithophragma maximum","San Clemente Island Woodland Star","SE","1B.1","Lithophragma maxima","3755337","No","Bacig.","Species","Animalia","Chordata","Amphibia","Caudata","Ambystomatidae","Ambystoma","Ambystoma californiense"
"1231","3034348","Plants","Lomatium stebbinsii","Stebbins’ Lomatium","None","1B.1","Lomatium stebbinsii","3034348","No","Schlessman & Constance","Species","Animalia","Chordata","Amphibia","Caudata","Ambystomatidae","Ambystoma","Ambystoma californiense"
"1232","2963850","Plants","Lupinus citrinus var. deflexus","Mariposa Lupine","ST","BLM-S; 1B.2","Lupinus citrinus deflexus","2963850","No","(Congdon) Jeps.","Variety","Animalia","Chordata","Amphibia","Caudata","Ambystomatidae","Ambystoma","Ambystoma californiense"
"1233","2964007","Plants","Lupinus constancei","Lassics Lupine","SE","1B.1","Lupinus constancei","2964007","No","T.W.Nelson & J.P.Nelson","Species","Animalia","Chordata","Amphibia","Caudata","Ambystomatidae","Ambystoma","Ambystoma californiense"
"1234","2964588","Plants","Lupinus milobakeri","Milo Baker’s Lupine","SE","1B.1","Lupinus luteolus","2963818","No","Kellogg","Species","Animalia","Chordata","Amphibia","Caudata","Ambystomatidae","Ambystoma","Ambystoma californiense"
"1235","2963855","Plants","Lupinus nipomensis","Nipomo Mesa Lupine","SE","1B.1","Lupinus nipomensis","2963855","No","Eastw.","Species","Animalia","Chordata","Amphibia","Caudata","Ambystomatidae","Ambystoma","Ambystoma californiense"
"1236","2964572","Plants","Lupinus padrecrowleyi","Father Crowley’s Lupine","Rare","1B.2","Lupinus padre-crowleyi","2964572","No","C.P.Sm.","Species","Animalia","Chordata","Amphibia","Caudata","Ambystomatidae","Ambystoma","Ambystoma californiense"
"1237","3908267","Plants","Lupinus paynei","Payne’s Bush Lupine","None","1B.1","Lupinus excubitus","2964456","No","M.E.Jones","Species","Animalia","Chordata","Amphibia","Caudata","Ambystomatidae","Ambystoma","Ambystoma californiense"
"1238","2963895","Plants","Lupinus tidestromii","Tidestrom’s Lupine","SE","1B.1","Lupinus tidestromii","2963895","No","Greene","Species","Animalia","Chordata","Amphibia","Caudata","Ambystomatidae","Ambystoma","Ambystoma californiense"
"1239","2928823","Plants","Lycium verrucosum","San Nicolas Island Desert-thorn","None","1A","Lycium brevipes","2928825","No","Benth.","Species","Animalia","Chordata","Amphibia","Caudata","Ambystomatidae","Ambystoma","Ambystoma californiense"
"1240","5422328","Plants","Macrocystis pyrifera","Giant Kelp","None","E; none","Macrocystis pyrifera","5422328","No","(L.) C.Agardh","Species","Animalia","Chordata","Amphibia","Caudata","Ambystomatidae","Ambystoma","Ambystoma californiense"
"1241","3140914","Plants","Madia radiata","Showy Golden Madia","None","BLM-S; 1B.1","Madia radiata","3140914","No","Kellogg","Species","Animalia","Chordata","Amphibia","Caudata","Ambystomatidae","Ambystoma","Ambystoma californiense"
"1242","3152360","Plants","Malacothamnus abbottii","Abbott’s Bushmallow","None","1B.1","Malacothamnus abbottii","3152360","No","(Eastw.) Kearney","Species","Animalia","Chordata","Amphibia","Caudata","Ambystomatidae","Ambystoma","Ambystoma californiense"
"1243","3152337","Plants","Malacothamnus clementinus","San Clemente Island Bushmallow","SE","1B.1","Malacothamnus clementinus","3152337","No","(Munz & I.M.Johnst.) Kearney","Species","Animalia","Chordata","Amphibia","Caudata","Ambystomatidae","Ambystoma","Ambystoma californiense"
"1244","3152309","Plants","Malacothamnus eastwoodiae","Alice’s Lovely Bushmallow","None","1B.1","Malacothamnus","3152309","No","Greene","Genus","Animalia","Chordata","Amphibia","Caudata","Ambystomatidae","Ambystoma","Ambystoma californiense"
"1245","3152357","Plants","Malacothamnus fasciculatus var. nesioticus","Santa Cruz Island Bushmallow","SE","1B.1","Malacothamnus fasciculatus nesioticus","3152357","No","(B.L.Rob.) Kearney","Variety","Animalia","Chordata","Amphibia","Caudata","Ambystomatidae","Ambystoma","Ambystoma californiense"
"1246","3152310","Plants","Malacothamnus jonesii var. gracilis","Slender Bushmallow","None","1B.1","Malacothamnus jonesii","3152310","No","(Munz) Kearney","Species","Animalia","Chordata","Amphibia","Caudata","Ambystomatidae","Ambystoma","Ambystoma californiense"
"1247","3152348","Plants","Malacothamnus mendocinensis","Mendocino Bushmallow","None","1B.1","Malacothamnus fasciculatus","3152341","Yes","(Nutt. ex Torr. & A.Gray) Greene","Species","Animalia","Chordata","Amphibia","Caudata","Ambystomatidae","Ambystoma","Ambystoma californiense"
"1248","3152353","Plants","Malacothamnus parishii","Parish’s Bushmallow","None","1A","Malacothamnus fasciculatus","3152341","Yes","(Nutt. ex Torr. & A.Gray) Greene","Species","Animalia","Chordata","Amphibia","Caudata","Ambystomatidae","Ambystoma","Ambystoma californiense"
"1249","5387219","Plants","Malacothrix indecora","Santa Cruz Island Malacothrix","FE","1B.1","Malacothrix indecora","5387219","No","Greene","Species","Animalia","Chordata","Amphibia","Caudata","Ambystomatidae","Ambystoma","Ambystoma californiense"
"1250","5387216","Plants","Malacothrix junakii","Junak’s Malcothrix","None","1B.1","Malacothrix junakii","5387216","No","W.S.Davis","Species","Animalia","Chordata","Amphibia","Caudata","Ambystomatidae","Ambystoma","Ambystoma californiense"
"1251","5387209","Plants","Malacothrix squalida","Island Malacothrix","None","1B.1","Malacothrix squalida","5387209","No","Greene","Species","Animalia","Chordata","Amphibia","Caudata","Ambystomatidae","Ambystoma","Ambystoma californiense"
"1252","8848691","Plants","Malva assurgentiflora ssp. assurgentiflora","Island Mallow","None","1B.1","Malva assurgentiflora assurgentiflora","8848691","No","","Subspecies","Animalia","Chordata","Amphibia","Caudata","Ambystomatidae","Ambystoma","Ambystoma californiense"
"1253","10772393","Plants","Malva assurgentiflora ssp. glabra","Southern Island Mallow","None","1B.1","Malva assurgentiflora glabra","10772393","No","(Philbrick) Guilliams","Subspecies","Animalia","Chordata","Amphibia","Caudata","Ambystomatidae","Ambystoma","Ambystoma californiense"
"1254","8027614","Plants","Meconella oregana","Oregon Meconella","None","1B.1","Meconella oregana","8027614","No","Nutt. ex Torr. & A.Gray","Species","Animalia","Chordata","Amphibia","Caudata","Ambystomatidae","Ambystoma","Ambystoma californiense"
"1255","7692478","Plants","Monardella australis ssp. jokerstii","Jokerst’s Monardella","None","1B.1","Monardella australis jokerstii","7692478","No","Elvin & A.C.Sanders","Subspecies","Animalia","Chordata","Amphibia","Caudata","Ambystomatidae","Ambystoma","Ambystoma californiense"
"1256","9471225","Plants","Monardella sinuata ssp. gerryi","Gerry’s Curly-leaved Monardella","SCL","1B.1","Monardella sinuata gerryi","9471225","No","Elvin, A.C.Sanders & R.A.Burgess","Subspecies","Animalia","Chordata","Amphibia","Caudata","Ambystomatidae","Ambystoma","Ambystoma californiense"
"1257","7508806","Plants","Monardella undulata ssp. arguelloensis","Point Arguello Monardella","None","1B.1","Monardella undulata arguelloensis","7508806","No","Elvin & A.C.Sanders","Subspecies","Animalia","Chordata","Amphibia","Caudata","Ambystomatidae","Ambystoma","Ambystoma californiense"
"1258","7790051","Plants","Monardella venosa","Veiny Monardella","None","BLM-S; 1B.1","Monardella venosa","7790051","No","(Torr.) A.C.Sanders & Elvin","Species","Animalia","Chordata","Amphibia","Caudata","Ambystomatidae","Ambystoma","Ambystoma californiense"
"1259","3905582","Plants","Monardella viminea","Willowy Monardella","SE","1B.1","Monardella viminea","3905582","No","Greene","Species","Animalia","Chordata","Amphibia","Caudata","Ambystomatidae","Ambystoma","Ambystoma californiense"
"1260","3099307","Plants","Monolopia congdonii","San Joaquin Woollythreads","FE","1B.2","Monolopia congdonii","3099307","No","(A.Gray) B.G.Baldwin","Species","Animalia","Chordata","Amphibia","Caudata","Ambystomatidae","Ambystoma","Ambystoma californiense"
"1261","5375449","Plants","Nasturtium gambelii","Gambel’s Water Cress","ST","1B.1","Nasturtium gambelii","5375449","No","(S.Watson) O.E.Schulz","Species","Animalia","Chordata","Amphibia","Caudata","Ambystomatidae","Ambystoma","Ambystoma californiense"
"1262","2927688","Plants","Navarretia fossalis","Spreading Navarretia","None","1B.1","Navarretia fossalis","2927688","No","Moran","Species","Animalia","Chordata","Amphibia","Caudata","Ambystomatidae","Ambystoma","Ambystoma californiense"
"1263","4057188","Plants","Navarretia gowenii","Lime Ridge Navarretia","None","1B.1","Navarretia gowenii","4057188","No","L.A.Johnson","Species","Animalia","Chordata","Amphibia","Caudata","Ambystomatidae","Ambystoma","Ambystoma californiense"
"1264","4056723","Plants","Navarretia leucocephala ssp. bakeri","Baker’s Navarretia","None","BLM-S; 1B.1","Navarretia leucocephala bakeri","4056723","No","(H.Mason) A.G.Day","Subspecies","Animalia","Chordata","Amphibia","Caudata","Ambystomatidae","Ambystoma","Ambystoma californiense"
"1265","4056684","Plants","Navarretia leucocephala ssp. pauciflora","Few-flowered Navarretia","ST","1B.1","Navarretia leucocephala pauciflora","4056684","No","(H.Mason) A.G.Day","Subspecies","Animalia","Chordata","Amphibia","Caudata","Ambystomatidae","Ambystoma","Ambystoma californiense"
"1266","4056675","Plants","Navarretia leucocephala ssp. plieantha","Many-flowered Navarretia","SE","1B.2","Navarretia leucocephala plieantha","4056675","No","(H.Mason) A.G.Day","Subspecies","Animalia","Chordata","Amphibia","Caudata","Ambystomatidae","Ambystoma","Ambystoma californiense"
"1267","4056366","Plants","Navarretia myersii ssp. deminuta","Small Pincushion Navarretia","None","1B.1","Navarretia myersii deminuta","4056366","No","A.G.Day","Subspecies","Animalia","Chordata","Amphibia","Caudata","Ambystomatidae","Ambystoma","Ambystoma californiense"
"1268","6394435","Plants","Navarretia myersii ssp. myersii","Pincushion Navarretia","None","1B.1","Navarretia myersii myersii","6394435","No","","Subspecies","Animalia","Chordata","Amphibia","Caudata","Ambystomatidae","Ambystoma","Ambystoma californiense"
"1269","4056276","Plants","Navarretia ojaiensis","Ojai Navarretia","None","1B.1","Navarretia ojaiensis","4056276","No","Elvin, J.M.Porter & L.A.Johnson","Species","Animalia","Chordata","Amphibia","Caudata","Ambystomatidae","Ambystoma","Ambystoma californiense"
"1270","2927683","Plants","Navarretia setiloba","Piute Mountains Navarretia","None","BLM-S; 1B.1","Navarretia setiloba","2927683","No","Coville","Species","Animalia","Chordata","Amphibia","Caudata","Ambystomatidae","Ambystoma","Ambystoma californiense"
"1271","12184913","Plants","Nemacladus twisselmannii var. botanywomaniae","Botany Woman’s Threadplant","None","1B.1","Nemacladus twisselmannii botanywomaniae","12184913","No","Morin & T.J.Ayers","Variety","Animalia","Chordata","Amphibia","Caudata","Ambystomatidae","Ambystoma","Ambystoma californiense"
"1272","12229995","Plants","Nemacladus twisselmannii var. twisselmannii","Twisselmann’s Nemacladus","Rare","BLM-S; 1B.2","Nemacladus twisselmannii twisselmannii","12229995","No","","Variety","Animalia","Chordata","Amphibia","Caudata","Ambystomatidae","Ambystoma","Ambystoma californiense"
"1273","2705471","Plants","Neostapfia colusana","Colusa Grass","FT, SE","1B.1","Neostapfia colusana","2705471","No","(Burtt Davy) Burtt Davy","Species","Animalia","Chordata","Amphibia","Caudata","Ambystomatidae","Ambystoma","Ambystoma californiense"
"1274","4267628","Plants","Nereocystis luetkeana","Bull Kelp","None","E; none","Nereocystis luetkeana","4267628","No","(K.Mertens) Postels & Ruprecht","Species","Animalia","Chordata","Amphibia","Caudata","Ambystomatidae","Ambystoma","Ambystoma californiense"
"1275","3029012","Plants","Neviusia cliftonii","Shasta Snow-wreath","ST","BLM-S; 1B.2","Neviusia cliftonii","3029012","No","Shevock, Ertter & D.W.Taylor","Species","Animalia","Chordata","Amphibia","Caudata","Ambystomatidae","Ambystoma","Ambystoma californiense"
"1276","3083628","Plants","Nitrophila mohavensis","Amargosa Nitrophila","SE","1B.1","Nitrophila mohavensis","3083628","No","Munz & J.C.Roos","Species","Animalia","Chordata","Amphibia","Caudata","Ambystomatidae","Ambystoma","Ambystoma californiense"
"1277","3045288","Plants","Noccaea fendleri ssp. californica","Kneeland Prairie Pennycress","None","1B.1","Noccaea fendleri californica","3045288","No","(S.Watson) Al-Shehbaz & M.Koch","Subspecies","Animalia","Chordata","Amphibia","Caudata","Ambystomatidae","Ambystoma","Ambystoma californiense"
"1278","2777027","Plants","Nolina interrata","Dehesa Nolina","SE","BLM-S; 1B.1","Nolina interrata","2777027","No","Gentry","Species","Animalia","Chordata","Amphibia","Caudata","Ambystomatidae","Ambystoma","Ambystoma californiense"
"1279","3665334","Plants","Oenothera avita ssp. eurekensis","Eureka Dunes Evening-Primrose","Rare","1B.2","Oenothera avita eurekensis","3665334","No","(Munz & Roos) W.M.Klein","Subspecies","Animalia","Chordata","Amphibia","Caudata","Ambystomatidae","Ambystoma","Ambystoma californiense"
"1280","6428520","Plants","Oenothera deltoides ssp. howellii","Antioch Dunes Evening-Primrose","SE","1B.1","Oenothera deltoides howellii","6428520","No","(Munz) W.M.Klein","Subspecies","Animalia","Chordata","Amphibia","Caudata","Ambystomatidae","Ambystoma","Ambystoma californiense"
"1281","3188882","Plants","Oenothera deltoides ssp. julpunensis","Bay Miwok evening primrose","None","1B.1","Oenothera deltoides","3188882","No","Torr. & Frém.","Species","Animalia","Chordata","Amphibia","Caudata","Ambystomatidae","Ambystoma","Ambystoma californiense"
"1282","3188870","Plants","Oenothera wolfii","Wolf’s Evening-Primrose","None","BLM-S; 1B.1","Oenothera wolfii","3188870","No","(Munz) P.H.Raven, W.Dietr. & W.Stubbe","Species","Animalia","Chordata","Amphibia","Caudata","Ambystomatidae","Ambystoma","Ambystoma californiense"
"1283","5621328","Plants","Opuntia basilaris var. treleasei","Bakersfield Cactus","SE","1B.1","Opuntia basilaris treleasei","5621328","No","(J.M.Coult.) J.M.Coult. ex Toumey","Variety","Animalia","Chordata","Amphibia","Caudata","Ambystomatidae","Ambystoma","Ambystoma californiense"
"1284","2702926","Plants","Orcuttia californica","California Orcutt Grass","SE","1B.1","Orcuttia californica","2702926","No","Vasey","Species","Animalia","Chordata","Amphibia","Caudata","Ambystomatidae","Ambystoma","Ambystoma californiense"
"1285","2702923","Plants","Orcuttia inaequalis","San Joaquin Valley Orcutt Grass","SE","1B.1","Orcuttia inaequalis","2702923","No","Hoover","Species","Animalia","Chordata","Amphibia","Caudata","Ambystomatidae","Ambystoma","Ambystoma californiense"
"1286","2702920","Plants","Orcuttia pilosa","Hairy Orcutt Grass","SE","1B.1","Orcuttia pilosa","2702920","No","Hoover","Species","Animalia","Chordata","Amphibia","Caudata","Ambystomatidae","Ambystoma","Ambystoma californiense"
"1287","2702925","Plants","Orcuttia tenuis","Slender Orcutt Grass","SE","1B.1","Orcuttia tenuis","2702925","No","Hitchc.","Species","Animalia","Chordata","Amphibia","Caudata","Ambystomatidae","Ambystoma","Ambystoma californiense"
"1288","2702921","Plants","Orcuttia viscida","Sacramento Orcutt Grass","SE","1B.1","Orcuttia viscida","2702921","No","(Hoover) Reeder","Species","Animalia","Chordata","Amphibia","Caudata","Ambystomatidae","Ambystoma","Ambystoma californiense"
"1289","7826685","Plants","Oreocarya roosiorum","Bristlecone Oreocarya","Rare","BLM-S; 1B.2","Oreocarya roosiorum","7826685","No","(Munz) R.B.Kelley, Hasenstab & M.G.Simpson","Species","Animalia","Chordata","Amphibia","Caudata","Ambystomatidae","Ambystoma","Ambystoma californiense"
"1290","2883010","Plants","Ornithostaphylos oppositifolia","Baja California Birdbush","SE","2B.1","Ornithostaphylos oppositifolia","2883010","No","(Parry) Small","Species","Animalia","Chordata","Amphibia","Caudata","Ambystomatidae","Ambystoma","Ambystoma californiense"
"1291","3171628","Plants","Orthocarpus pachystachyus","Shasta Orthocarpus","None","BLM-S; 1B.1","Orthocarpus pachystachyus","3171628","No","A.Gray","Species","Animalia","Chordata","Amphibia","Caudata","Ambystomatidae","Ambystoma","Ambystoma californiense"
"1292","8260322","Plants","Packera ganderi","Gander’s Ragwort","Rare","BLM-S; 1B.2","Packera ganderi","8260322","No","(T.M.Barkley & Beauch.) W.A.Weber & Á.Löve","Species","Animalia","Chordata","Amphibia","Caudata","Ambystomatidae","Ambystoma","Ambystoma californiense"
"1293","3113963","Plants","Packera layneae","Layne’s Ragwort","Rare","1B.2","Packera layneae","3113963","No","(Greene) W.A.Weber & Á.Löve","Species","Animalia","Chordata","Amphibia","Caudata","Ambystomatidae","Ambystoma","Ambystoma californiense"
"1294","4106789","Plants","Panicum acuminatum var. thermale","Geysers Panicum","SE","BLM-S; 1B.2","Panicum acuminatum thermale","4106789","No","(Bol.) Wipff","Variety","Animalia","Chordata","Amphibia","Caudata","Ambystomatidae","Ambystoma","Ambystoma californiense"
"1295","5384718","Plants","Paronychia ahartii","Ahart’s Paronychia","None","BLM-S; 1B.1","Paronychia ahartii","5384718","No","Ertter","Species","Animalia","Chordata","Amphibia","Caudata","Ambystomatidae","Ambystoma","Ambystoma californiense"
"1296","3171706","Plants","Pedicularis dudleyi","Dudley’s Lousewort","Rare","1B.2","Pedicularis dudleyi","3171706","No","Elmer","Species","Animalia","Chordata","Amphibia","Caudata","Ambystomatidae","Ambystoma","Ambystoma californiense"
"1297","10789483","Plants","Pedicularis rigginsiae","Arroyo De La Cruz Lousewort","None","1B.1","Pedicularis rigginsiae","10789483","No","D.J.Keil","Species","Animalia","Chordata","Amphibia","Caudata","Ambystomatidae","Ambystoma","Ambystoma californiense"
"1298","3171465","Plants","Penstemon albomarginatus","White-margined Beardtongue","None","BLM-S; 1B.1","Penstemon albomarginatus","3171465","No","M.E.Jones","Species","Animalia","Chordata","Amphibia","Caudata","Ambystomatidae","Ambystoma","Ambystoma californiense"
"1299","3736886","Plants","Penstemon bicolor ssp. roseus","Rosy Two-toned Beardtongue","None","BLM-S; 1B.1","Penstemon bicolor roseus","3736886","No","Clokey & D.D.Keck","Subspecies","Animalia","Chordata","Amphibia","Caudata","Ambystomatidae","Ambystoma","Ambystoma californiense"
"1300","5701919","Plants","Pentachaeta aurea ssp. allenii","Allen’s Pentachaeta","None","1B.1","Pentachaeta aurea allenii","5701919","No","Keil","Subspecies","Animalia","Chordata","Amphibia","Caudata","Ambystomatidae","Ambystoma","Ambystoma californiense"
"1301","5394835","Plants","Pentachaeta bellidiflora","White-rayed Pentachaeta","SE","1B.1","Pentachaeta bellidiflora","5394835","No","Greene","Species","Animalia","Chordata","Amphibia","Caudata","Ambystomatidae","Ambystoma","Ambystoma californiense"
"1302","5394834","Plants","Pentachaeta lyonii","Lyon’s Pentachaeta","SE","1B.1","Pentachaeta lyonii","5394834","No","A.Gray","Species","Animalia","Chordata","Amphibia","Caudata","Ambystomatidae","Ambystoma","Ambystoma californiense"
"1303","2928227","Plants","Phacelia argentea","Sand Dune Phacelia","None","1B.1","Phacelia argentea","2928227","No","A.Nelson & J.F.Macbr.","Species","Animalia","Chordata","Amphibia","Caudata","Ambystomatidae","Ambystoma","Ambystoma californiense"
"1304","2928097","Plants","Phacelia cookei","Cooke’s Phacelia","None","BLM-S; 1B.1","Phacelia cookei","2928097","No","Constance & Heckard","Species","Animalia","Chordata","Amphibia","Caudata","Ambystomatidae","Ambystoma","Ambystoma californiense"
"1305","7096488","Plants","Phacelia insularis var. insularis","Northern Channel Islands Phacelia","None","1B.2","Phacelia insularis insularis","7096488","No","","Variety","Animalia","Chordata","Amphibia","Caudata","Ambystomatidae","Ambystoma","Ambystoma californiense"
"1306","2928203","Plants","Phacelia monoensis","Mono County Phacelia","None","BLM-S; 1B.1","Phacelia monoensis","2928203","No","Halse","Species","Animalia","Chordata","Amphibia","Caudata","Ambystomatidae","Ambystoma","Ambystoma californiense"
"1307","2928170","Plants","Phacelia parishii","Parish’s Phacelia","None","BLM-S; 1B.1","Phacelia parishii","2928170","No","A.Gray","Species","Animalia","Chordata","Amphibia","Caudata","Ambystomatidae","Ambystoma","Ambystoma californiense"
"1308","2928267","Plants","Phacelia stellaris","Brand’s Star Phacelia","None","1B.1","Phacelia stellaris","2928267","No","Brand","Species","Animalia","Chordata","Amphibia","Caudata","Ambystomatidae","Ambystoma","Ambystoma californiense"
"1309","2927717","Plants","Phlox hirsuta","Yreka Phlox","SE","1B.2","Phlox hirsuta","2927717","No","E.E.Nelson","Species","Animalia","Chordata","Amphibia","Caudata","Ambystomatidae","Ambystoma","Ambystoma californiense"
"1310","2863952","Plants","Phyllospadix spp.","Surfgrass","None","NT; none","Phyllospadix","2863952","No","Hook.","Genus","Animalia","Chordata","Amphibia","Caudata","Ambystomatidae","Ambystoma","Ambystoma californiense"
"1311","3048944","Plants","Physaria kingii ssp. bernardina","San Bernardino Mountains Bladderpod","None","1B.1","Physaria kingii bernardina","3048944","No","(Munz) O'Kane & Al-Shehbaz","Subspecies","Animalia","Chordata","Amphibia","Caudata","Ambystomatidae","Ambystoma","Ambystoma californiense"
"1312","5285183","Plants","Pinus albicaulis","Whitebark Pine","None","BLM-S; none","Pinus albicaulis","5285183","No","Engelm.","Species","Animalia","Chordata","Amphibia","Caudata","Ambystomatidae","Ambystoma","Ambystoma californiense"
"1313","5285727","Plants","Pinus radiata","Monterey Pine","None","BLM-S; 1B.1","Pinus radiata","5285727","No","D.Don","Species","Animalia","Chordata","Amphibia","Caudata","Ambystomatidae","Ambystoma","Ambystoma californiense"
"1314","2797014","Plants","Piperia elegans ssp. decurtata","Point Reyes Rein Orchid","None","1B.1","Piperia elegans decurtata","2797014","No","Rand.Morgan & Glic.","Subspecies","Animalia","Chordata","Amphibia","Caudata","Ambystomatidae","Ambystoma","Ambystoma californiense"
"1315","2796996","Plants","Piperia yadonii","Yadon’s Rein Orchid","None","1B.1","Platanthera yadonii","2796997","No","(Rand.Morgan & Ackerman) R.M.Bateman","Species","Animalia","Chordata","Amphibia","Caudata","Ambystomatidae","Ambystoma","Ambystoma californiense"
"1316","4062970","Plants","Plagiobothrys diffusus","San Francisco Popcornflower","SE","1B.1","Plagiobothrys diffusus","4062970","No","(Greene) I.M.Johnst.","Species","Animalia","Chordata","Amphibia","Caudata","Ambystomatidae","Ambystoma","Ambystoma californiense"
"1317","2925710","Plants","Plagiobothrys glaber","Hairless Popcornflower","None","1A","Plagiobothrys glaber","2925710","No","(A.Gray) I.M.Johnst.","Species","Animalia","Chordata","Amphibia","Caudata","Ambystomatidae","Ambystoma","Ambystoma californiense"
"1318","2925736","Plants","Plagiobothrys hystriculus","Bearded Popcornflower","None","1B.1","Plagiobothrys hystriculus","2925736","No","(Piper) I.M.Johnst.","Species","Animalia","Chordata","Amphibia","Caudata","Ambystomatidae","Ambystoma","Ambystoma californiense"
"1319","2925741","Plants","Plagiobothrys lithocaryus","Mayacamas Popcornflower","None","1A","Plagiobothrys lithocaryus","2925741","No","(Greene ex A.Gray) I.M.Johnst.","Species","Animalia","Chordata","Amphibia","Caudata","Ambystomatidae","Ambystoma","Ambystoma californiense"
"1320","4273313","Plants","Plagiobothrys mollis var. vestitus","Petaluma Popcornflower","None","1A","Plagiobothrys mollis vestitus","4273313","No","(Greene) I.M.Johnst.","Variety","Animalia","Chordata","Amphibia","Caudata","Ambystomatidae","Ambystoma","Ambystoma californiense"
"1321","2925705","Plants","Plagiobothrys parishii","Parish’s Popcornflower","None","BLM-S; 1B.1","Plagiobothrys parishii","2925705","No","I.M.Johnst.","Species","Animalia","Chordata","Amphibia","Caudata","Ambystomatidae","Ambystoma","Ambystoma californiense"
"1322","2925730","Plants","Plagiobothrys strictus","Calistoga Popcornflower","ST","1B.1","Plagiobothrys strictus","2925730","No","(Greene) I.M.Johnst.","Species","Animalia","Chordata","Amphibia","Caudata","Ambystomatidae","Ambystoma","Ambystoma californiense"
"1323","8636161","Plants","Pleuropogon hooverianus","North Coast Semaphore Grass","ST","BLM-S; 1B.1","Pleuropogon hooverianus","8636161","No","(G.T.Benson) Howell","Species","Animalia","Chordata","Amphibia","Caudata","Ambystomatidae","Ambystoma","Ambystoma californiense"
"1324","2704253","Plants","Poa atropurpurea","San Bernardino Blue Grass","None","1B.2","Poa atropurpurea","2704253","No","Scribn.","Species","Animalia","Chordata","Amphibia","Caudata","Ambystomatidae","Ambystoma","Ambystoma californiense"
"1325","2704313","Plants","Poa napensis","Napa Blue Grass","SE","1B.1","Poa napensis","2704313","No","Beetle","Species","Animalia","Chordata","Amphibia","Caudata","Ambystomatidae","Ambystoma","Ambystoma californiense"
"1326","2926980","Plants","Pogogyne abramsii","San Diego Mesa Mint","SE","1B.1","Pogogyne abramsii","2926980","No","J.T.Howell","Species","Animalia","Chordata","Amphibia","Caudata","Ambystomatidae","Ambystoma","Ambystoma californiense"
"1327","2926977","Plants","Pogogyne clareana","Santa Lucia Mint","SE","1B.2","Pogogyne clareana","2926977","No","J.T.Howell","Species","Animalia","Chordata","Amphibia","Caudata","Ambystomatidae","Ambystoma","Ambystoma californiense"
"1328","2926973","Plants","Pogogyne nudiuscula","Otay Mesa Mint","SE","1B.1","Pogogyne nudiuscula","2926973","No","A.Gray","Species","Animalia","Chordata","Amphibia","Caudata","Ambystomatidae","Ambystoma","Ambystoma californiense"
"1329","5334345","Plants","Polygonum hickmanii","Scotts Valley Polygonum","SE","1B.1","Polygonum hickmanii","5334345","No","H.R.Hinds & Rand.Morgan","Species","Animalia","Chordata","Amphibia","Caudata","Ambystomatidae","Ambystoma","Ambystoma californiense"
"1330","3195818","Plants","Postelsia palmaeformis","Sea Palm","None","NT; none","Postelsia palmaeformis","3195818","No","Ruprecht","Species","Animalia","Chordata","Amphibia","Caudata","Ambystomatidae","Ambystoma","Ambystoma californiense"
"1331","5366971","Plants","Potentilla hickmanii","Hickman’s Cinquefoil","SE","1B.1","Potentilla hickmanii","5366971","No","Eastw.","Species","Animalia","Chordata","Amphibia","Caudata","Ambystomatidae","Ambystoma","Ambystoma californiense"
"1332","5366573","Plants","Potentilla multijuga","Ballona Cinquefoil","None","1A","Potentilla multijuga","5366573","No","Lehm.","Species","Animalia","Chordata","Amphibia","Caudata","Ambystomatidae","Ambystoma","Ambystoma californiense"
"1333","8227742","Plants","Potentilla uliginosa","Cunningham Marsh Cinquefoil","None","1A","Potentilla uliginosa","8227742","No","B.C.Johnst. & Ertter","Species","Animalia","Chordata","Amphibia","Caudata","Ambystomatidae","Ambystoma","Ambystoma californiense"
"1334","3115473","Plants","Pseudobahia bahiifolia","Hartweg’s Golden Sunburst","SE","1B.1","Pseudobahia bahiifolia","3115473","No","(Benth.) Rydb.","Species","Animalia","Chordata","Amphibia","Caudata","Ambystomatidae","Ambystoma","Ambystoma californiense"
"1335","3115476","Plants","Pseudobahia peirsonii","San Joaquin Adobe Sunburst","SE","1B.1","Pseudobahia peirsonii","3115476","No","Munz","Species","Animalia","Chordata","Amphibia","Caudata","Ambystomatidae","Ambystoma","Ambystoma californiense"
"1336","2704690","Plants","Puccinellia howellii","Howell’s Alkali Grass","None","BLM-S; 1B.1","Puccinellia howellii","2704690","No","J.I.Davis","Species","Animalia","Chordata","Amphibia","Caudata","Ambystomatidae","Ambystoma","Ambystoma californiense"
"1337","2704701","Plants","Puccinellia parishii","Parish’s Alkali Grass","None","BLM-S; 1B.1","Puccinellia parishii","2704701","No","Hitchc.","Species","Animalia","Chordata","Amphibia","Caudata","Ambystomatidae","Ambystoma","Ambystoma californiense"
"1338","2880740","Plants","Quercus dumosa","Nuttall’s Scrub Oak","None","BLM-S; 1B.1","Quercus dumosa","2880740","No","Nutt.","Species","Animalia","Chordata","Amphibia","Caudata","Ambystomatidae","Ambystoma","Ambystoma californiense"
"1339","2721415","Plants","Rhynchospora californica","California Beaked-Rush","None","BLM-S; 1B.1","Rhynchospora californica","2721415","No","Gale","Species","Animalia","Chordata","Amphibia","Caudata","Ambystomatidae","Ambystoma","Ambystoma californiense"
"1340","6442242","Plants","Ribes divaricatum var. parishii","Parish’s Gooseberry","None","1A","Ribes divaricatum parishii","6442242","No","(A.Heller) Jeps.","Variety","Animalia","Chordata","Amphibia","Caudata","Ambystomatidae","Ambystoma","Ambystoma californiense"
"1341","3053466","Plants","Rorippa subumbellata","Tahoe Yellow Cress","SE","1B.1","Rorippa subumbellata","3053466","No","Rollins","Species","Animalia","Chordata","Amphibia","Caudata","Ambystomatidae","Ambystoma","Ambystoma californiense"
"1342","7840256","Plants","Rosa minutifolia","Small-Leaved Rose","SE","2B.1","Rosa minutifolia","7840256","No","Parry","Species","Animalia","Chordata","Amphibia","Caudata","Ambystomatidae","Ambystoma","Ambystoma californiense"
"1343","3006824","Plants","Rosa woodsii var. glabrata","Cushenbury Rose","None","1B.1","Rosa woodsii glabrata","3006824","No","(Parish) D.Cole","Variety","Animalia","Chordata","Amphibia","Caudata","Ambystomatidae","Ambystoma","Ambystoma californiense"
"1344","3034864","Plants","Sanicula maritima","Adobe Sanicle","Rare","1B.1","Sanicula maritima","3034864","No","Kellogg ex S.Watson","Species","Animalia","Chordata","Amphibia","Caudata","Ambystomatidae","Ambystoma","Ambystoma californiense"
"1345","3034847","Plants","Sanicula saxatilis","Rock Sanicle","Rare","BLM-S; 1B.2","Sanicula saxatilis","3034847","No","Greene","Species","Animalia","Chordata","Amphibia","Caudata","Ambystomatidae","Ambystoma","Ambystoma californiense"
"1346","10798511","Plants","Scytinium siskiyouense","Siskiyou Jellyskin Lichen","None","1B.1","Scytinium siskiyouense","10798511","No","(D.F.Stone & Ruchty) Otálora, P.M.Jørg. & Wedin","Species","Animalia","Chordata","Amphibia","Caudata","Ambystomatidae","Ambystoma","Ambystoma californiense"
"1347","2985716","Plants","Sedella leiocarpa","Lake County Stonecrop","SE","1B.1","Sedella leiocarpa","2985716","No","Sharsm.","Species","Animalia","Chordata","Amphibia","Caudata","Ambystomatidae","Ambystoma","Ambystoma californiense"
"1348","5361981","Plants","Sedum oblanceolatum","Applegate Stonecrop","None","1B.1","Sedum oblanceolatum","5361981","No","R.T.Clausen","Species","Animalia","Chordata","Amphibia","Caudata","Ambystomatidae","Ambystoma","Ambystoma californiense"
"1349","3048026","Plants","Sibara filifolia","Santa Cruz Island Winged-Rockcress","None","1B.1","Sibara filifolia","3048026","No","(Greene) Greene","Species","Animalia","Chordata","Amphibia","Caudata","Ambystomatidae","Ambystoma","Ambystoma californiense"
"1350","3152712","Plants","Sidalcea covillei","Owens Valley Checkerbloom","SE","BLM-S; 1B.1","Sidalcea covillei","3152712","No","Greene","Species","Animalia","Chordata","Amphibia","Caudata","Ambystomatidae","Ambystoma","Ambystoma californiense"
"1351","3940506","Plants","Sidalcea hickmanii ssp. anomala","Cuesta Pass Checkerbloom","Rare","BLM-S; 1B.2","Sidalcea hickmanii anomala","3940506","No","C.L.Hitchc.","Subspecies","Animalia","Chordata","Amphibia","Caudata","Ambystomatidae","Ambystoma","Ambystoma californiense"
"1352","7226541","Plants","Sidalcea hickmanii ssp. napensis","Napa Checkerbloom","None","1B.1","Sidalcea hickmanii napensis","7226541","No","S.R.Hill","Subspecies","Animalia","Chordata","Amphibia","Caudata","Ambystomatidae","Ambystoma","Ambystoma californiense"
"1353","6377930","Plants","Sidalcea hickmanii ssp. parishii","Parish’s Checkerbloom","Rare","BLM-S; 1B.2","Sidalcea hickmanii parishii","6377930","No","(B.L.Rob.) C.L.Hitchc.","Subspecies","Animalia","Chordata","Amphibia","Caudata","Ambystomatidae","Ambystoma","Ambystoma californiense"
"1354","3940489","Plants","Sidalcea hickmanii ssp. viridis","Marin Checkerbloom","None","1B.1","Sidalcea hickmanii viridis","3940489","No","C.L.Hitchc.","Subspecies","Animalia","Chordata","Amphibia","Caudata","Ambystomatidae","Ambystoma","Ambystoma californiense"
"1355","3152727","Plants","Sidalcea keckii","Keck’s Checkerbloom","None","1B.1","Sidalcea keckii","3152727","No","Wiggins","Species","Animalia","Chordata","Amphibia","Caudata","Ambystomatidae","Ambystoma","Ambystoma californiense"
"1356","3940121","Plants","Sidalcea oregana ssp. valida","Kenwood Marsh Checkerbloom","SE","1B.1","Sidalcea oregana valida","3940121","No","(Greene) C.L.Hitchc.","Subspecies","Animalia","Chordata","Amphibia","Caudata","Ambystomatidae","Ambystoma","Ambystoma californiense"
"1357","3152729","Plants","Sidalcea pedata","Bird-Foot Checkerbloom","SE","1B.1","Sidalcea pedata","3152729","No","A.Gray","Species","Animalia","Chordata","Amphibia","Caudata","Ambystomatidae","Ambystoma","Ambystoma californiense"
"1358","3152739","Plants","Sidalcea stipularis","Scadden Flat Checkerbloom","SE","1B.1","Sidalcea stipularis","3152739","No","J.T.Howell & True","Species","Animalia","Chordata","Amphibia","Caudata","Ambystomatidae","Ambystoma","Ambystoma californiense"
"1359","11870066","Plants","Silene greenei ssp. angustifolia","Red Mountain Catchfly","SE","BLM-S; 1B.2","Silene greenei angustifolia","11870066","No","(F.N.Williams) Rabeler & Gandhi","Subspecies","Animalia","Chordata","Amphibia","Caudata","Ambystomatidae","Ambystoma","Ambystoma californiense"
"1360","5296291","Plants","Sisyrinchium hitchcockii","Hitchcock’s Blue-eyed Grass","None","1B.1","Sisyrinchium hitchcockii","5296291","No","Douglass M.Hend.","Species","Animalia","Chordata","Amphibia","Caudata","Ambystomatidae","Ambystoma","Ambystoma californiense"
"1361","11102502","Plants","Solanum umbelliferum var. wallacei","Wallace’s Nightshade","None","1B.1","Solanum umbelliferum wallacei","11102502","No","(A.Gray) D.J.Keil","Variety","Animalia","Chordata","Amphibia","Caudata","Ambystomatidae","Ambystoma","Ambystoma californiense"
"1362","9542816","Plants","Sphaerocarpos drewiae","Bottle Liverwort","None","1B.1","Sphaerocarpos drewiae","9542816","No","Wigglesw.","Species","Animalia","Chordata","Amphibia","Caudata","Ambystomatidae","Ambystoma","Ambystoma californiense"
"1363","4153485","Plants","Sphenopholis interrupta ssp. californica","Prairie False Oat","None","1B.1","Sphenopholis interrupta californica","4153485","No","(Vasey) Scribn.","Subspecies","Animalia","Chordata","Amphibia","Caudata","Ambystomatidae","Ambystoma","Ambystoma californiense"
"1364","3041622","Plants","Streptanthus albidus ssp. albidus","Metcalf Canyon Jewelflower","None","1B.1","Streptanthus albidus albidus","3041622","No","","Subspecies","Animalia","Chordata","Amphibia","Caudata","Ambystomatidae","Ambystoma","Ambystoma californiense"
"1365","10881138","Plants","Streptanthus anomalus","Mount Burdell Jewelflower","None","1B.1","Streptanthus anomalus","10881138","No","D.L.Smith, A.Arthur & R.E.Preston","Species","Animalia","Chordata","Amphibia","Caudata","Ambystomatidae","Ambystoma","Ambystoma californiense"
"1366","3041531","Plants","Streptanthus fenestratus","Tehipite Valley Jewelflower","None","1B.1","Streptanthus fenestratus","3041531","No","(Greene) J.T.Howell","Species","Animalia","Chordata","Amphibia","Caudata","Ambystomatidae","Ambystoma","Ambystoma californiense"
"1367","3041629","Plants","Streptanthus glandulosus ssp. niger","Tiburon Jewelflower","SE","1B.1","Streptanthus glandulosus niger","3041629","No","(Greene) Al-Shehbaz, M.S.Mayer & D.W.Taylor","Subspecies","Animalia","Chordata","Amphibia","Caudata","Ambystomatidae","Ambystoma","Ambystoma californiense"
"1368","12247902","Plants","Streptanthus medeirosii","Tejon Jewelflower","None","1B.1","Streptanthus medeirosii","12247902","No","N.Jensen","Species","Animalia","Chordata","Amphibia","Caudata","Ambystomatidae","Ambystoma","Ambystoma californiense"
"1369","9114384","Plants","Streptanthus tortuosus ssp. truei","True’s Mountain Jewelflower","None","1B.1","Streptanthus tortuosus truei","9114384","No","Al-Shehbaz","Subspecies","Animalia","Chordata","Amphibia","Caudata","Ambystomatidae","Ambystoma","Ambystoma californiense"
"1370","3098653","Plants","Stylocline citroleum","Oil Neststraw","None","BLM-S; 1B.1","Stylocline citroleum","3098653","No","Morefield","Species","Animalia","Chordata","Amphibia","Caudata","Ambystomatidae","Ambystoma","Ambystoma californiense"
"1371","3098657","Plants","Stylocline masonii","Mason’s Neststraw","None","BLM-S; 1B.1","Stylocline masonii","3098657","No","Morefield","Species","Animalia","Chordata","Amphibia","Caudata","Ambystomatidae","Ambystoma","Ambystoma californiense"
"1372","6447732","Plants","Suaeda californica","California Seablite","No","1B.1","Suaeda californica","6447732","No","S.Watson","Species","Animalia","Chordata","Amphibia","Caudata","Ambystomatidae","Ambystoma","Ambystoma californiense"
"1373","2606518","Plants","Sulcaria isidiifera","Splitting Yarn Lichen","None","BLM-S; 1B.1","Sulcaria isidiifera","2606518","No","Brodo","Species","Animalia","Chordata","Amphibia","Caudata","Ambystomatidae","Ambystoma","Ambystoma californiense"
"1374","2702720","Plants","Swallenia alexandrae","Eureka Valley Dune Grass","Rare","1B.2","Swallenia alexandrae","2702720","No","(Swallen) Soderstr. & H.F.Decker","Species","Animalia","Chordata","Amphibia","Caudata","Ambystomatidae","Ambystoma","Ambystoma californiense"
"1375","5394436","Plants","Taraxacum californicum","California Dandelion","None","1B.1","Taraxacum californicum","5394436","No","Munz & I.M.Johnst.","Species","Animalia","Chordata","Amphibia","Caudata","Ambystomatidae","Ambystoma","Ambystoma californiense"
"1376","3053629","Plants","Thelypodium stenopetalum","Slender-Petaled Thelypodium","SE","1B.1","Thelypodium stenopetalum","3053629","No","S.Watson","Species","Animalia","Chordata","Amphibia","Caudata","Ambystomatidae","Ambystoma","Ambystoma californiense"
"1377","5360215","Plants","Thermopsis macrophylla","Santa Ynez False Lupine","Rare","1B.3","Thermopsis macrophylla","5360215","No","Hook. & Arn.","Species","Animalia","Chordata","Amphibia","Caudata","Ambystomatidae","Ambystoma","Ambystoma californiense"
"1378","3051409","Plants","Thysanocarpus conchuliferus","Santa Cruz Island Fringepod","None","1B.2","Thysanocarpus conchuliferus","3051409","No","Greene","Species","Animalia","Chordata","Amphibia","Caudata","Ambystomatidae","Ambystoma","Ambystoma californiense"
"1379","4273215","Plants","Trichostema austromontanum ssp. compactum","Hidden Lake Bluecurls","None","1B.1","Trichostema austromontanum compactum","4273215","No","F.H.Lewis","Subspecies","Animalia","Chordata","Amphibia","Caudata","Ambystomatidae","Ambystoma","Ambystoma californiense"
"1380","5359508","Plants","Trifolium amoenum","Two-Fork Clover","None","1B.1","Trifolium amoenum","5359508","No","Greene","Species","Animalia","Chordata","Amphibia","Caudata","Ambystomatidae","Ambystoma","Ambystoma californiense"
"1381","5359238","Plants","Trifolium buckwestiorum","Santa Cruz Clover","None","BLM-S; 1B.1","Trifolium buckwestiorum","5359238","No","Isely","Species","Animalia","Chordata","Amphibia","Caudata","Ambystomatidae","Ambystoma","Ambystoma californiense"
"1382","5359166","Plants","Trifolium polyodon","Pacific Grove Clover","Rare","BLM-S; 1B.1","Trifolium polyodon","5359166","No","Greene","Species","Animalia","Chordata","Amphibia","Caudata","Ambystomatidae","Ambystoma","Ambystoma californiense"
"1383","5358904","Plants","Trifolium siskiyouense","Siskiyou Clover","None","BLM-S; 1B.1","Trifolium siskiyouense","5358904","No","J.M.Gillett","Species","Animalia","Chordata","Amphibia","Caudata","Ambystomatidae","Ambystoma","Ambystoma californiense"
"1384","5358766","Plants","Trifolium trichocalyx","Monterey Clover","SE","1B.1","Trifolium trichocalyx","5358766","No","A.Heller","Species","Animalia","Chordata","Amphibia","Caudata","Ambystomatidae","Ambystoma","Ambystoma californiense"
"1385","9301481","Plants","Triteleia piutensis","Piute Mountains Triteleia","None","BLM-S; 1B.1","Triteleia piutensis","9301481","No","Kentner & K.E.Steiner","Species","Animalia","Chordata","Amphibia","Caudata","Ambystomatidae","Ambystoma","Ambystoma californiense"
"1386","3050507","Plants","Tropidocarpum californicum","Kings Gold","None","BLM-S; 1B.1","Tropidocarpum californicum","3050507","No","(Al-Shehbaz) Al-Shehbaz","Species","Animalia","Chordata","Amphibia","Caudata","Ambystomatidae","Ambystoma","Ambystoma californiense"
"1387","3050506","Plants","Tropidocarpum capparideum","Caper-Fruited Tropidocarpum","None","1B.1","Tropidocarpum capparideum","3050506","No","Greene","Species","Animalia","Chordata","Amphibia","Caudata","Ambystomatidae","Ambystoma","Ambystoma californiense"
"1388","2704085","Plants","Tuctoria greenei","Greene’s Tuctoria","Rare","1B.1","Tuctoria greenei","2704085","No","(Vasey) Reeder","Species","Animalia","Chordata","Amphibia","Caudata","Ambystomatidae","Ambystoma","Ambystoma californiense"
"1389","2704087","Plants","Tuctoria mucronata","Crampton’s Tuctoria or Solano Grass","SE","1B.1","Tuctoria mucronata","2704087","No","(Crampton) Reeder","Species","Animalia","Chordata","Amphibia","Caudata","Ambystomatidae","Ambystoma","Ambystoma californiense"
"1390","2925509","Plants","Verbena californica","Red Hills Vervain","ST","1B.1","Verbena californica","2925509","No","Moldenke","Species","Animalia","Chordata","Amphibia","Caudata","Ambystomatidae","Ambystoma","Ambystoma californiense"
"1391","3148061","Plants","Verbesina dissita","Big-leaved Crownbeard","ST","1B.1","Verbesina dissita","3148061","No","A.Gray","Species","Animalia","Chordata","Amphibia","Caudata","Ambystomatidae","Ambystoma","Ambystoma californiense"
"1392","2775592","Plants","Yucca brevifolia","Western Joshua Tree","SCL","None","Yucca brevifolia","2775592","No","Engelm.","Species","Animalia","Chordata","Amphibia","Caudata","Ambystomatidae","Ambystoma","Ambystoma californiense"
"1393","3842824","Plants","Zeltnera namophila","Spring-loving Centaury","None","1B.1","Zeltnera namophila","3842824","No","(Reveal, C.R.Broome & Beatley) G.Mans.","Species","Animalia","Chordata","Amphibia","Caudata","Ambystomatidae","Ambystoma","Ambystoma californiense"
"1394","2863960","Plants","Zostera spp.","Eelgrass","None","NT; none","Zostera","2863960","No","L.","Genus","Animalia","Chordata","Amphibia","Caudata","Ambystomatidae","Ambystoma","Ambystoma californiense"
"1395","2442896","Reptiles","Actinemys marmorata","Northwestern Pond Turtle","None","SSC","Actinemys marmorata","2442896","No","(Baird & Girard, 1852) ","Species","Animalia","Chordata","Amphibia","Caudata","Ambystomatidae","Ambystoma","Ambystoma californiense"
"1396","9429990","Reptiles","Actinemys pallida","Southwestern Pond Turtle","None","SSC","Actinemys pallida","9429990","No","(Seeliger, 1945) ","Species","Animalia","Chordata","Amphibia","Caudata","Ambystomatidae","Ambystoma","Ambystoma californiense"
"1397","8779302","Reptiles","Anniella alexanderae","Temblor Legless Lizard","SCL","SSC","Anniella alexanderae","8779302","No","Papenfuss & Parham, 2013","Species","Animalia","Chordata","Amphibia","Caudata","Ambystomatidae","Ambystoma","Ambystoma californiense"
"1398","8957591","Reptiles","Anniella campi","Southern Sierra Legless Lizard","None","SSC","Anniella campi","8957591","No","Papenfuss & Parham, 2013","Species","Animalia","Chordata","Amphibia","Caudata","Ambystomatidae","Ambystoma","Ambystoma californiense"
"1399","9171062","Reptiles","Anniella grinnelli","Bakersfield Legless Lizard","None","SSC","Anniella grinnelli","9171062","No","Papenfuss & Parham, 2013","Species","Animalia","Chordata","Amphibia","Caudata","Ambystomatidae","Ambystoma","Ambystoma californiense"
"1400","2471882","Reptiles","Anniella pulchra","Northern California Legless Lizard","None","SSC","Anniella pulchra","2471882","No","Gray, 1852","Species","Animalia","Chordata","Amphibia","Caudata","Ambystomatidae","Ambystoma","Ambystoma californiense"
"1401","9090896","Reptiles","Anniella stebbinsi","Southern California Legless Lizard","None","SSC","Anniella stebbinsi","9090896","No","Papenfuss & Parham, 2013","Species","Animalia","Chordata","Amphibia","Caudata","Ambystomatidae","Ambystoma","Ambystoma californiense"
"1402","5223744","Reptiles","Arizona elegans occidentalis","California Glossy Snake","None","SSC","Arizona elegans occidentalis","5223744","No","Blanchard, 1924","Subspecies","Animalia","Chordata","Amphibia","Caudata","Ambystomatidae","Ambystoma","Ambystoma californiense"
"1403","2472403","Reptiles","Aspidoscelis hyperythra","Orange-throated Whiptail","None","None","Aspidoscelis hyperythrus","2472403","No","(Cope, 1863) ","Species","Animalia","Chordata","Amphibia","Caudata","Ambystomatidae","Ambystoma","Ambystoma californiense"
"1404","6158629","Reptiles","Aspidoscelis tigris stejnegeri","Coastal Whiptail","None","SSC","Aspidoscelis tigris stejnegeri","6158629","No","(Van Denburgh, 1894) ","Subspecies","Animalia","Chordata","Amphibia","Caudata","Ambystomatidae","Ambystoma","Ambystoma californiense"
"1405","8894817","Reptiles","Caretta caretta","Loggerhead Sea Turtle (North Pacific)","None","None","Caretta caretta","8894817","No","(Linnaeus, 1758) ","Species","Animalia","Chordata","Amphibia","Caudata","Ambystomatidae","Ambystoma","Ambystoma californiense"
"1406","5225699","Reptiles","Charina bottae umbratica","Southern Rubber Boa","ST","None","Charina bottae umbratica","5225699","No","Klauber, 1943","Subspecies","Animalia","Chordata","Amphibia","Caudata","Ambystomatidae","Ambystoma","Ambystoma californiense"
"1407","2442225","Reptiles","Chelonia mydas","Green Turtle","None","None","Chelonia mydas","2442225","No","(Linnaeus, 1758) ","Species","Animalia","Chordata","Amphibia","Caudata","Ambystomatidae","Ambystoma","Ambystoma californiense"
"1408","2447231","Reptiles","Coleonyx switaki","Barefoot Banded Gecko","ST","None","Coleonyx switaki","2447231","No","(Murphy, 1974) ","Species","Animalia","Chordata","Amphibia","Caudata","Ambystomatidae","Ambystoma","Ambystoma californiense"
"1409","6157714","Reptiles","Coleonyx variegatus abbotti","San Diego Banded Gecko","None","SSC","Coleonyx variegatus abbotti","6157714","No","Klauber, 1945","Subspecies","Animalia","Chordata","Amphibia","Caudata","Ambystomatidae","Ambystoma","Ambystoma californiense"
"1410","10880062","Reptiles","Contia longicauda","Forest Sharp-tailed Snake","None","None","Contia longicauda","10880062","No","Feldman & Hoyer, 2010","Species","Animalia","Chordata","Amphibia","Caudata","Ambystomatidae","Ambystoma","Ambystoma californiense"
"1411","2444393","Reptiles","Crotalus ruber","Red-diamond Rattlesnake","None","SSC","Crotalus ruber","2444393","No","Cope, 1892","Species","Animalia","Chordata","Amphibia","Caudata","Ambystomatidae","Ambystoma","Ambystoma californiense"
"1412","9789983","Reptiles","Dermochelys coriacea","Leatherback Sea Turtle","None","None","Dermochelys coriacea","9789983","No","(Vandelli, 1761) ","Species","Animalia","Chordata","Amphibia","Caudata","Ambystomatidae","Ambystoma","Ambystoma californiense"
"1413","6161401","Reptiles","Diadophis punctatus regalis","Regal Ringneck Snake","None","SSC","Diadophis punctatus regalis","6161401","No","Baird & Girard, 1853","Subspecies","Animalia","Chordata","Amphibia","Caudata","Ambystomatidae","Ambystoma","Ambystoma californiense"
"1414","2468282","Reptiles","Elgaria panamintina","Panamint Alligator Lizard","None","SSC","Elgaria panamintina","2468282","No","(Stebbins, 1958) ","Species","Animalia","Chordata","Amphibia","Caudata","Ambystomatidae","Ambystoma","Ambystoma californiense"
"1415","5227130","Reptiles","Gambelia copeii","Cope’S Leopard Lizard","None","SSC","Gambelia copeii","5227130","No","(Yarrow, 1882) ","Species","Animalia","Chordata","Amphibia","Caudata","Ambystomatidae","Ambystoma","Ambystoma californiense"
"1416","5227128","Reptiles","Gambelia sila","Blunt-nosed Leopard Lizard","SE, SFP","None","Gambelia sila","5227128","No","(Stejneger, 1890) ","Species","Animalia","Chordata","Amphibia","Caudata","Ambystomatidae","Ambystoma","Ambystoma californiense"
"1417","2441814","Reptiles","Gopherus agassizii","Mojave desert tortoise","SE","None","Gopherus agassizii","2441814","No","(Cooper, 1861) ","Species","Animalia","Chordata","Amphibia","Caudata","Ambystomatidae","Ambystoma","Ambystoma californiense"
"1418","2460817","Reptiles","Heloderma suspectum","Gila Monster","None","SSC","Heloderma suspectum","2460817","No","Cope, 1869","Species","Animalia","Chordata","Amphibia","Caudata","Ambystomatidae","Ambystoma","Ambystoma californiense"
"1419","2422432","Reptiles","Incilius alvarius","Sonoran Desert Toad","None","SSC","Incilius alvarius","2422432","No","(Girard, 1859) ","Species","Animalia","Chordata","Amphibia","Caudata","Ambystomatidae","Ambystoma","Ambystoma californiense"
"1420","2442413","Reptiles","Kinosternon sonoriense","Sonoran Mud Turtle","None","SSC","Kinosternon sonoriense","2442413","No","Le Conte, 1854","Species","Animalia","Chordata","Amphibia","Caudata","Ambystomatidae","Ambystoma","Ambystoma californiense"
"1421","2442153","Reptiles","Lepidochelys olivacea","Olive Ridley Sea Turtle","None","None","Lepidochelys olivacea","2442153","No","(Eschscholtz, 1829) ","Species","Animalia","Chordata","Amphibia","Caudata","Ambystomatidae","Ambystoma","Ambystoma californiense"
"1422","6161722","Reptiles","Masticophis [= Coluber] flagellum ruddocki","San Joaquin Coachwhip","None","SSC","Masticophis flagellum ruddocki","6161722","No","Brattstrom & Warren, 1953","Subspecies","Animalia","Chordata","Amphibia","Caudata","Ambystomatidae","Ambystoma","Ambystoma californiense"
"1423","4287636","Reptiles","Masticophis [= Coluber] fuliginosus","Baja California Coachwhip","None","SSC","Masticophis fuliginosus","4287636","No","(Cope, 1895) ","Species","Animalia","Chordata","Amphibia","Caudata","Ambystomatidae","Ambystoma","Ambystoma californiense"
"1424","6161705","Reptiles","Masticophis [= Coluber] lateralis euryxanthus","Alameda Whipsnake","ST","None","Masticophis lateralis euryxanthus","6161705","No","(Riemer, 1954) ","Subspecies","Animalia","Chordata","Amphibia","Caudata","Ambystomatidae","Ambystoma","Ambystoma californiense"
"1425","5222451","Reptiles","Phrynosoma blainvillii","Coast Horned Lizard","None","SSC","Phrynosoma blainvillii","5222451","No","Gray, 1839","Species","Animalia","Chordata","Amphibia","Caudata","Ambystomatidae","Ambystoma","Ambystoma californiense"
"1426","5222418","Reptiles","Phrynosoma mcallii","Flat-tailed Horned Lizard","None","SSC","Phrynosoma mcallii","5222418","No","(Hallowell, 1852) ","Species","Animalia","Chordata","Amphibia","Caudata","Ambystomatidae","Ambystoma","Ambystoma californiense"
"1427","5224358","Reptiles","Salvadora hexalepis virgultea","Coast Patch-nosed Snake","None","SSC","Salvadora hexalepis virgultea","5224358","No","Bogert, 1936","Subspecies","Animalia","Chordata","Amphibia","Caudata","Ambystomatidae","Ambystoma","Ambystoma californiense"
"1428","2457491","Reptiles","Thamnophis gigas","Giant Gartersnake","ST","None","Thamnophis gigas","2457491","No","Fitch, 1940","Species","Animalia","Chordata","Amphibia","Caudata","Ambystomatidae","Ambystoma","Ambystoma californiense"
"1429","2457494","Reptiles","Thamnophis hammondii","Two-striped Gartersnake","None","SSC","Thamnophis hammondii","2457494","No","(Kennicott, 1860) ","Species","Animalia","Chordata","Amphibia","Caudata","Ambystomatidae","Ambystoma","Ambystoma californiense"
"1430","2457522","Reptiles","Thamnophis sirtalis pop. 1","South Coast Gartersnake","None","SSC","Thamnophis sirtalis","2457522","No","(Linnaeus, 1758) ","Species","Animalia","Chordata","Amphibia","Caudata","Ambystomatidae","Ambystoma","Ambystoma californiense"
"1431","6161469","Reptiles","Thamnophis sirtalis tetrataenia","San Francisco Gartersnake","SE, SFP","None","Thamnophis sirtalis tetrataenia","6161469","No","(Cope In Yarrow, 1875) ","Subspecies","Animalia","Chordata","Amphibia","Caudata","Ambystomatidae","Ambystoma","Ambystoma californiense"
"1432","2451133","Reptiles","Uma inornata","Coachella Valley Fringe-toed Lizard","SE","None","Uma inornata","2451133","No","Cope, 1895","Species","Animalia","Chordata","Amphibia","Caudata","Ambystomatidae","Ambystoma","Ambystoma californiense"
"1433","2451135","Reptiles","Uma notata","Colorado Desert Fringe-toed Lizard","None","SSC","Uma notata","2451135","No","Baird, 1858","Species","Animalia","Chordata","Amphibia","Caudata","Ambystomatidae","Ambystoma","Ambystoma californiense"
"1434","2451141","Reptiles","Uma scoparia","Mojave Fringe-toed Lizard","None","SSC","Uma scoparia","2451141","No","Cope, 1894","Species","Animalia","Chordata","Amphibia","Caudata","Ambystomatidae","Ambystoma","Ambystoma californiense"
"1435","8201289","Reptiles","Xantusia gracilis","Sandstone Night Lizard","None","SSC","Xantusia gracilis","8201289","No","Grismer & Galvan, 1986","Species","Animalia","Chordata","Amphibia","Caudata","Ambystomatidae","Ambystoma","Ambystoma californiense"
"1436","2451740","Reptiles","Xantusia riversiana","Island Night Lizard","None","None","Xantusia riversiana","2451740","No","Cope, 1883","Species","Animalia","Chordata","Amphibia","Caudata","Ambystomatidae","Ambystoma","Ambystoma californiense"
"1437","9526523","Reptiles","Xantusia sierrae","Sierra Night Lizard","None","SSC","Xantusia sierrae","9526523","No","Bezy, 1967","Species","Animalia","Chordata","Amphibia","Caudata","Ambystomatidae","Ambystoma","Ambystoma californiense"
