BPS_CODE,BPS_NAME,GROUPVEG,ES_NAME,SPLIT,SYSTEM,join_code,VALUE,EVT_NAME,EVT_LF,EVT_PHYS,EVT_GP,EVT_GP_N,SAF_SRM,EVT_ORDER,EVT_CLASS,EVT_SBCLS,namecheck,MATCH_EVT,REGION,RELATIONSHIP
13730,Acadian Low-Elevation Spruce-Fir-Hardwood Forest,Hardwood-Conifer,Acadian Low-Elevation Spruce-Fir-Hardwood Forest,FALSE,Not System,1373,7373,Acadian Low-Elevation Spruce-Fir Forest,Tree,Conifer,693,Spruce-Fir-Hardwood Forest,SAF 33: Red Spruce-Balsam Fir,Tree-dominated,Closed tree canopy,Evergreen closed tree canopy,no match,match,Acadian,one-to-one
13860,Acadian-Appalachian Alpine Tundra,Shrubland,Acadian-Appalachian Alpine Tundra,FALSE,Not System,1386,7386,Acadian-Appalachian Alpine Tundra Shrubland,Shrub,Shrubland,651,Alpine-Subalpine Barrens,LF 55: Appalachian Grass and Shrub Balds,Shrub-dominated,Dwarf-shrubland,Mixed evergreen-deciduous dwarf-shrubland,no match,match,Acadian-Appalachian,one-to-one
13740,Acadian-Appalachian Montane Spruce-Fir Forest,Hardwood-Conifer,Acadian-Appalachian Montane Spruce-Fir Forest,FALSE,Not System,1374,7374,Acadian-Appalachian Montane Spruce-Fir Forest,Tree,Conifer-Hardwood,693,Spruce-Fir-Hardwood Forest,SAF 33: Red Spruce-Balsam Fir,Tree-dominated,Closed tree canopy,Mixed evergreen-deciduous closed tree canopy,match,match,Acadian-Appalachian,one-to-one
13890,Acadian-Appalachian Subalpine Woodland and Heath-Krummholz,Shrubland,Acadian-Appalachian Subalpine Woodland and Heath-Krummholz,FALSE,Not System,1389,7389,Acadian-Appalachian Subalpine Woodland,Tree,Conifer,651,Alpine-Subalpine Barrens,LF 55: Appalachian Grass and Shrub Balds,Tree-dominated,Open tree canopy,Evergreen open tree canopy,no match,match,Acadian-Appalachian,one-to-one
14080,Alabama Ketona Glade and Woodland,Hardwood,Alabama Ketona Glade and Woodland,FALSE,Not System,1408,7408,Alabama Ketona Glade and Woodland,Tree,Conifer-Hardwood,670,Glades and Barrens,LF 55: Appalachian Grass and Shrub Balds,Tree-dominated,Sparse tree canopy,Mixed evergreen-deciduous sparse tree canopy,match,match,Alabama,one-to-one
13170,Allegheny-Cumberland Dry Oak Forest and Woodland,Hardwood,Allegheny-Cumberland Dry Oak Forest and Woodland,FALSE,Not System,1317,7317,Allegheny-Cumberland Dry Oak Forest and Woodland,Tree,Hardwood,661,Chestnut Oak Forest and Woodland,SAF 44: Chestnut Oak,Tree-dominated,Closed tree canopy,Deciduous closed tree canopy,match,match,Allegheny-Cumberland,one-to-one
10950,Apacherian-Chihuahuan Mesquite Upland Scrub,Shrubland,Apacherian-Chihuahuan Mesquite Upland Scrub,FALSE,Not System,1095,NA,NA,NA,NA,NA,NA,NA,NA,NA,NA,NA,no match,Apacherian-Chihuahuan,one-to-one
11210,Apacherian-Chihuahuan Semi-Desert Grassland and Steppe,Grassland,Apacherian-Chihuahuan Semi-Desert Grassland and Steppe,FALSE,Not System,1121,7121,Apacherian-Chihuahuan Semi-Desert Shrub-Steppe,Shrub,Shrubland,618,Grassland and Steppe,SRM 505: Grama-Tobosa Shrub,Shrub-dominated,Shrubland,Mixed evergreen-deciduous shrubland,no match,match,Apacherian-Chihuahuan,one-to-one
13700,Appalachian (Hemlock-)Northern Hardwood Forest,Hardwood,Appalachian (Hemlock-)Northern Hardwood Forest,FALSE,Not System,1370,7370,Appalachian Hemlock Forest,Tree,Conifer,685,Pine-Hemlock-Hardwood Forest,SAF 60: Sugar Maple-Beech,Tree-dominated,Closed tree canopy,Evergreen closed tree canopy,no match,match,Appalachian,one-to-one
13400,Appalachian Shale Barrens,Hardwood,Appalachian Shale Barrens,FALSE,Not System,1340,7340,Appalachian Shale Barrens,Tree,Conifer-Hardwood,664,Chestnut Oak-Virginia Pine Forest and Woodland,LF 55: Appalachian Grass and Shrub Balds,Tree-dominated,Open tree canopy,Mixed evergreen-deciduous open tree canopy,match,match,Appalachian,one-to-one
14151,Arkansas Valley Prairie and Woodland-Prairie,Grassland,Arkansas Valley Prairie and Woodland,TRUE,Not System,1415,7442,Arkansas Valley Prairie and Woodland,Tree,Hardwood,688,Prairies and Barrens,SRM 732: Cross Timbers-Texas Little Bluestem-Post Oak,Tree-dominated,Open tree canopy,Deciduous open tree canopy,match,match,Arkansas,one-to-one
14152,Arkansas Valley Prairie and Woodland-Woodland,Grassland,Arkansas Valley Prairie and Woodland,TRUE,Not System,1415,7442,Arkansas Valley Prairie and Woodland,Tree,Hardwood,688,Prairies and Barrens,SRM 732: Cross Timbers-Texas Little Bluestem-Post Oak,Tree-dominated,Open tree canopy,Deciduous open tree canopy,match,match,Arkansas,one-to-one
14590,Atlantic Coastal Plain Clay-Based Carolina Bay Wetland,Riparian,Atlantic Coastal Plain Clay-Based Carolina Bay Wetland,FALSE,Not System,1459,7459,Atlantic Coastal Plain Clay-Based Carolina Bay Wetland,Tree,Riparian,657,Cypress,SAF 100: Pond Cypress,Tree-dominated,Open tree canopy,Deciduous open tree canopy,match,match,Atlantic,one-to-one
13350,Atlantic Coastal Plain Dry and Dry-Mesic Oak Forest,Hardwood,Atlantic Coastal Plain Dry and Dry-Mesic Oak Forest,FALSE,Not System,1335,7335,Southern Atlantic Coastal Plain Dry and Dry-Mesic Oak Forest,Tree,Hardwood,658,Coastal Plain Oak Forest,SAF 72: Southern Scrub Oak,Tree-dominated,Closed tree canopy,Deciduous closed tree canopy,no match,match,Atlantic,one-to-one
13460,Atlantic Coastal Plain Fall-line Sandhills Longleaf Pine Woodland,Conifer,Atlantic Coastal Plain Fall-line Sandhills Longleaf Pine Woodland,FALSE,Not System,1346,7346,Atlantic Coastal Plain Fall-line Sandhills Longleaf Pine Woodland,Tree,Conifer,677,Longleaf Pine Woodland,SAF 71: Longleaf Pine-Scrub Oak,Tree-dominated,Open tree canopy,Evergreen open tree canopy,match,match,Atlantic,one-to-one
13430,Atlantic Coastal Plain Mesic Hardwood Forest,Hardwood,Atlantic Coastal Plain Mesic Hardwood Forest,FALSE,Not System,1343,7343,Southern Atlantic Coastal Plain Mesic Hardwood Forest,Tree,Hardwood,680,Sweetgum-Water Oak Forest,SAF 92: Sweetgum-Willow Oak,Tree-dominated,Closed tree canopy,Deciduous closed tree canopy,no match,match,Atlantic,one-to-one
14520,Atlantic Coastal Plain Peatland Pocosin and Canebrake,Riparian,Atlantic Coastal Plain Peatland Pocosin and Canebrake,FALSE,Not System,1452,7452,Atlantic Coastal Plain Peatland Pocosin and Canebrake Woodland,Tree,Riparian,687,Pocosin,LF 48: Pocosin,Tree-dominated,Open tree canopy,Deciduous open tree canopy,no match,match,Atlantic,one-to-one
14680,Atlantic Coastal Plain Streamhead Seepage Swamp-Pocosin-Baygall,Riparian,Atlantic Coastal Plain Streamhead Seepage Swamp-Pocosin-Baygall,FALSE,Not System,1468,7468,Atlantic Coastal Plain Streamhead Seepage Swamp-Pocosin-Baygall Woodland,Tree,Riparian,694,Atlantic Swamp Forests,LF 46: Atlantic Coastal Plain Swamp,Tree-dominated,Open tree canopy,Mixed evergreen-deciduous open tree canopy,no match,match,Atlantic,one-to-one
13470,Atlantic Coastal Plain Upland Longleaf Pine Woodland,Conifer,Atlantic Coastal Plain Upland Longleaf Pine Woodland,FALSE,Not System,1347,7347,Atlantic Coastal Plain Upland Longleaf Pine Woodland,Tree,Conifer,677,Longleaf Pine Woodland,SAF 71: Longleaf Pine-Scrub Oak,Tree-dominated,Open tree canopy,Evergreen open tree canopy,match,match,Atlantic,one-to-one
14130,Bluegrass Savanna and Woodland,Hardwood,Bluegrass Savanna and Woodland,FALSE,Not System,1413,7441,Bluegrass Savanna and Woodland,Tree,Hardwood,688,Prairies and Barrens,LF 55: Appalachian Grass and Shrub Balds,Tree-dominated,Open tree canopy,Deciduous open tree canopy,match,match,Bluegrass,one-to-one
14770,Boreal Acidic Peatland Systems,Riparian,Boreal Acidic Peatland Systems,FALSE,System,1477,9056,Boreal-Laurentian Conifer Acidic Swamp and Treed Poor Fen,Tree,Riparian,683,Peatland Forests,SAF 13: Black Spruce-Tamarack,Tree-dominated,Open tree canopy,Evergreen open tree canopy,no match,System,Boreal,one-to-one
13010,Boreal Aspen-Birch Forest,Conifer,Boreal Aspen-Birch Forest,FALSE,Not System,1301,7301,Laurentian-Acadian Sub-boreal Aspen-Birch Forest,Tree,Hardwood,652,Aspen-Birch Forest,SAF 16: Aspen,Tree-dominated,Closed tree canopy,Deciduous closed tree canopy,no match,match,Boreal,one-to-one
13440,Boreal Jack Pine-Black Spruce Forest,Conifer,Boreal Jack Pine-Black Spruce Forest,FALSE,Not System,1344,9088,Laurentian-Acadian Sub-boreal Dry-Mesic Pine-Black Spruce Forest,Tree,Conifer,676,Jack Pine Forest,SAF 1: Jack Pine,Tree-dominated,Closed tree canopy,Evergreen closed tree canopy,no match,match,Boreal,one-to-one
13441,Boreal Jack Pine-Black Spruce Forest-Pine Barrens,Conifer,Boreal Jack Pine-Black Spruce Forest,TRUE,Not System,1344,9088,Laurentian-Acadian Sub-boreal Dry-Mesic Pine-Black Spruce Forest,Tree,Conifer,676,Jack Pine Forest,SAF 1: Jack Pine,Tree-dominated,Closed tree canopy,Evergreen closed tree canopy,no match,match,Boreal,one-to-one
13442,Boreal Jack Pine-Black Spruce Forest-Spruce-Fir,Conifer,Boreal Jack Pine-Black Spruce Forest,TRUE,Not System,1344,9088,Laurentian-Acadian Sub-boreal Dry-Mesic Pine-Black Spruce Forest,Tree,Conifer,676,Jack Pine Forest,SAF 1: Jack Pine,Tree-dominated,Closed tree canopy,Evergreen closed tree canopy,no match,match,Boreal,one-to-one
13651,Boreal White Spruce-Fir-Hardwood Forest-Inland,Conifer,Boreal White Spruce-Fir-Hardwood Forest,TRUE,Not System,1365,9089,Laurentian-Acadian Sub-boreal Mesic Balsam Fir-Spruce Forest,Tree,Conifer,693,Spruce-Fir-Hardwood Forest,SAF 5: Balsam Fir,Tree-dominated,Closed tree canopy,Evergreen closed tree canopy,no match,match,Boreal,one-to-one
13652,Boreal White Spruce-Fir-Hardwood Forest-Coastal,Conifer,Boreal White Spruce-Fir-Hardwood Forest,TRUE,Not System,1365,9089,Laurentian-Acadian Sub-boreal Mesic Balsam Fir-Spruce Forest,Tree,Conifer,693,Spruce-Fir-Hardwood Forest,SAF 5: Balsam Fir,Tree-dominated,Closed tree canopy,Evergreen closed tree canopy,no match,match,Boreal,one-to-one
13653,Boreal White Spruce-Fir-Hardwood Forest-Aspen-Birch,Conifer,Boreal White Spruce-Fir-Hardwood Forest,TRUE,Not System,1365,9089,Laurentian-Acadian Sub-boreal Mesic Balsam Fir-Spruce Forest,Tree,Conifer,693,Spruce-Fir-Hardwood Forest,SAF 5: Balsam Fir,Tree-dominated,Closed tree canopy,Evergreen closed tree canopy,no match,match,Boreal,one-to-one
11290,California Central Valley and Southern Coastal Grassland,Grassland,California Central Valley and Southern Coastal Grassland,FALSE,Not System,1129,7129,California Central Valley and Southern Coastal Grassland,Herb,Grassland,617,Grassland,SRM 215: Valley Grassland,Herbaceous / Nonvascular-dominated,Herbaceous - grassland,Perennial graminoid grassland,match,match,California,one-to-one
11120,California Central Valley Mixed Oak Savanna,Hardwood,California Central Valley Mixed Oak Savanna,FALSE,Not System,1112,7112,California Central Valley Mixed Oak Savanna,Tree,Hardwood,629,Western Oak Woodland and Savanna,SRM 201: Blue Oak Woodland,Tree-dominated,Sparse tree canopy,Deciduous sparse tree canopy,match,match,California,one-to-one
11510,California Central Valley Riparian Woodland and Shrubland,Riparian,California Central Valley Riparian Woodland and Shrubland,FALSE,Not System,1151,7151,California Central Valley Riparian Woodland,Tree,Riparian,635,Western Riparian Woodland and Shrubland,SRM 203: Riparian Woodland,Tree-dominated,Open tree canopy,Deciduous open tree canopy,no match,match,California,one-to-one
11770,California Coastal Closed-Cone Conifer Forest and Woodland,Conifer,California Coastal Closed-Cone Conifer Forest and Woodland,FALSE,Not System,1177,7177,California Coastal Closed-Cone Conifer Forest and Woodland,Tree,Conifer,610,Conifer-Oak Forest and Woodland,SAF 248: Knobcone Pine,Tree-dominated,Closed tree canopy,Evergreen closed tree canopy,match,match,California,one-to-one
11130,California Coastal Live Oak Woodland and Savanna,Hardwood,California Coastal Live Oak Woodland and Savanna,FALSE,Not System,1113,7113,California Coastal Live Oak Woodland and Savanna,Tree,Hardwood,629,Western Oak Woodland and Savanna,SAF 255: California Coast Live Oak,Tree-dominated,Sparse tree canopy,Evergreen sparse tree canopy,match,match,California,one-to-one
10150,California Coastal Redwood Forest,Conifer,California Coastal Redwood Forest,FALSE,Not System,1015,7015,California Coastal Redwood Forest,Tree,Conifer,634,Redwood Forest and Woodland,SAF 232: Redwood,Tree-dominated,Open tree canopy,Evergreen open tree canopy,match,match,California,one-to-one
11140,California Lower Montane Blue Oak-Foothill Pine Woodland and Savanna,Hardwood,California Lower Montane Blue Oak-Foothill Pine Woodland and Savanna,FALSE,Not System,1114,7114,California Lower Montane Foothill Pine Woodland and Savanna,Tree,Conifer,610,Conifer-Oak Forest and Woodland,SAF 250: Blue Oak-Digger Pine,Tree-dominated,Sparse tree canopy,Evergreen sparse tree canopy,no match,match,California,one-to-one
10960,California Maritime Chaparral,Shrubland,California Maritime Chaparral,FALSE,Not System,1096,7096,California Maritime Chaparral,Shrub,Shrubland,607,Chaparral,SRM 208: Ceanothus Mixed Chaparral,Shrub-dominated,Shrubland,Evergreen shrubland,match,match,California,one-to-one
10970,California Mesic Chaparral,Shrubland,California Mesic Chaparral,FALSE,Not System,1097,7097,California Mesic Chaparral,Shrub,Shrubland,607,Chaparral,SRM 207: Scrub Oak Mixed Chaparral,Shrub-dominated,Shrubland,Evergreen shrubland,match,match,California,one-to-one
11300,California Mesic Serpentine Grassland,Grassland,California Mesic Serpentine Grassland,FALSE,Not System,1130,7130,California Mesic Serpentine Grassland,Herb,Grassland,617,Grassland,SRM 215: Valley Grassland,Herbaceous / Nonvascular-dominated,Herbaceous - grassland,Perennial graminoid grassland,match,match,California,one-to-one
10310,California Montane Jeffrey Pine(-Ponderosa Pine) Woodland,Conifer,California Montane Jeffrey Pine(-Ponderosa Pine) Woodland,FALSE,Not System,1031,7031,California Montane Jeffrey Pine-(Ponderosa Pine) Woodland,Tree,Conifer,631,"Ponderosa Pine Forest, Woodland and Savanna",SAF 247: Jeffrey Pine,Tree-dominated,Open tree canopy,Evergreen open tree canopy,no match,match,California,one-to-one
11520,California Montane Riparian Systems,Riparian,California Montane Riparian Systems,FALSE,System,1152,9129,Mediterranean California Foothill and Lower Montane Riparian Woodland,Tree,Riparian,635,Western Riparian Woodland and Shrubland,SRM 203: Riparian Woodland,Tree-dominated,Open tree canopy,Mixed evergreen-deciduous open tree canopy,no match,System,California,one-to-many
11520,California Montane Riparian Systems,Riparian,California Montane Riparian Systems,FALSE,System,1152,9133,Mediterranean California Serpentine Foothill and Lower Montane Riparian Woodland and Seep,Tree,Riparian,635,Western Riparian Woodland and Shrubland,SRM 203: Riparian Woodland,Tree-dominated,Open tree canopy,Mixed evergreen-deciduous open tree canopy,no match,System,California,one-to-many
10980,California Montane Woodland and Chaparral,Shrubland,California Montane Woodland and Chaparral,FALSE,Not System,1098,7098,California Montane Woodland and Chaparral,Shrub,Shrubland,607,Chaparral,SRM 209: Montane Shrubland,Shrub-dominated,Shrubland,Evergreen shrubland,match,match,California,one-to-one
11310,California Northern Coastal Grassland,Grassland,California Northern Coastal Grassland,FALSE,Not System,1131,7131,California Northern Coastal Grassland,Herb,Grassland,617,Grassland,SRM 214: Coastal Prairie,Herbaceous / Nonvascular-dominated,Herbaceous - grassland,Perennial graminoid grassland,match,match,California,one-to-one
10990,California Xeric Serpentine Chaparral,Shrubland,California Xeric Serpentine Chaparral,FALSE,Not System,1099,7099,California Xeric Serpentine Chaparral,Shrub,Shrubland,607,Chaparral,SRM 209: Montane Shrubland,Shrub-dominated,Shrubland,Evergreen shrubland,match,match,California,one-to-one
14700,Caribbean Coastal Wetland Systems,Riparian,Caribbean Coastal Wetland Systems,FALSE,System,1470,7861,Caribbean Coastal Mangrove,Tree,Riparian,678,Mangrove,SAF 106: Mangrove,Tree-dominated,Open tree canopy,Mixed evergreen-deciduous open tree canopy,no match,System,Caribbean,one-to-many
14700,Caribbean Coastal Wetland Systems,Riparian,Caribbean Coastal Wetland Systems,FALSE,System,1470,7867,Caribbean Estuary Mangrove,Tree,Riparian,678,Mangrove,SAF 106: Mangrove,Tree-dominated,Open tree canopy,Evergreen open tree canopy,no match,System,Caribbean,one-to-many
14780,Caribbean Swamp Systems,Riparian,Caribbean Swamp Systems,FALSE,System,1478,9216,South Florida Bayhead Swamp,Tree,Riparian,694,Atlantic Swamp Forests,SAF 100: Pond Cypress,Tree-dominated,Open tree canopy,Evergreen open tree canopy,no match,System,Caribbean,one-to-many
14780,Caribbean Swamp Systems,Riparian,Caribbean Swamp Systems,FALSE,System,1478,9218,South Florida Hydric Hammock,Tree,Riparian,694,Atlantic Swamp Forests,SAF 100: Pond Cypress,Tree-dominated,Open tree canopy,Evergreen open tree canopy,no match,System,Caribbean,one-to-many
13380,Central and South Texas Coastal Fringe Forest and Woodland,Hardwood,Central and South Texas Coastal Fringe Forest and Woodland,FALSE,Not System,1338,7338,Central and South Texas Coastal Fringe Forest and Woodland,Tree,Hardwood,656,Texas Live Oak,SAF 89: Live Oak,Tree-dominated,Open tree canopy,Deciduous open tree canopy,match,match,Central,one-to-one
13200,Central and Southern Appalachian Montane Oak Forest,Hardwood,Central and Southern Appalachian Montane Oak Forest,FALSE,Not System,1320,7320,Central and Southern Appalachian Montane Oak Forest,Tree,Hardwood,681,Montane Oak Forest,SAF 52: White Oak-Black Oak-Northern Red Oak,Tree-dominated,Closed tree canopy,Deciduous closed tree canopy,match,match,Central,one-to-one
13500,Central and Southern Appalachian Spruce-Fir Forest,Conifer,Central and Southern Appalachian Spruce-Fir Forest,FALSE,Not System,1350,7350,Central and Southern Appalachian Spruce-Fir Forest,Tree,Conifer,693,Spruce-Fir-Hardwood Forest,SAF 30: Red Spruce-Yellow Birch,Tree-dominated,Closed tree canopy,Evergreen closed tree canopy,match,match,Central,one-to-one
10140,Central and Southern California Mixed Evergreen Woodland,Hardwood,Central and Southern California Mixed Evergreen Woodland,FALSE,Not System,1014,7014,Central and Southern California Mixed Evergreen Woodland,Tree,Conifer,626,California Mixed Evergreen Forest and Woodland,SAF 249: Canyon Live Oak,Tree-dominated,Open tree canopy,Evergreen open tree canopy,match,match,Central,one-to-one
14370,Central and Upper Texas Coast Dune and Coastal Grassland,Grassland,Central and Upper Texas Coast Dune and Coastal Grassland,FALSE,Not System,1437,7437,Texas Coast Dune and Coastal Grassland,Herb,Grassland,654,Atlantic Dunes and Grasslands,SRM 723: Sea Oats,Herbaceous / Nonvascular-dominated,Herbaceous - grassland,Perennial graminoid grassland,no match,match,Central,one-to-one
14000,Central Appalachian Alkaline Glade and Woodland,Savanna,Central Appalachian Alkaline Glade and Woodland,FALSE,Not System,1400,7400,Central Appalachian Alkaline Glade and Woodland,Tree,Conifer-Hardwood,670,Glades and Barrens,LF 55: Appalachian Grass and Shrub Balds,Tree-dominated,Sparse tree canopy,Mixed evergreen-deciduous sparse tree canopy,match,match,Central,one-to-one
13690,Central Appalachian Dry Oak-Pine Forest,Hardwood-Conifer,Central Appalachian Dry Oak-Pine Forest,FALSE,Not System,1369,7369,Central Appalachian Dry Pine Forest,Tree,Conifer,664,Chestnut Oak-Virginia Pine Forest and Woodland,SAF 44: Chestnut Oak,Tree-dominated,Closed tree canopy,Evergreen closed tree canopy,no match,match,Central,one-to-one
13770,Central Appalachian Pine-Oak Rocky Woodland,Hardwood-Conifer,Central Appalachian Pine-Oak Rocky Woodland,FALSE,Not System,1377,7377,Central Appalachian Pine Rocky Woodland,Tree,Conifer,664,Chestnut Oak-Virginia Pine Forest and Woodland,SAF 44: Chestnut Oak,Tree-dominated,Open tree canopy,Evergreen open tree canopy,no match,match,Central,one-to-one
13610,Central Atlantic Coastal Plain Maritime Forest,Hardwood,Central Atlantic Coastal Plain Maritime Forest,FALSE,Not System,1361,7361,Central Atlantic Coastal Plain Maritime Forest,Tree,Hardwood,679,Maritime Forest,SAF 74: Cabbage Palmetto,Tree-dominated,Closed tree canopy,Evergreen closed tree canopy,match,match,Central,one-to-one
15010,Central Atlantic Coastal Plain Nonriverine Swamp and Wet Hardwood Forest,Riparian,Central Atlantic Coastal Plain Nonriverine Swamp and Wet Hardwood Forest,FALSE,Not System,1501,7501,Southern Atlantic Coastal Plain Nonriverine Swamp and Wet Hardwood Forest,Tree,Riparian,694,Atlantic Swamp Forests,SAF 97: Atlantic White Cedar,Tree-dominated,Closed tree canopy,Mixed evergreen-deciduous closed tree canopy,no match,match,Central,one-to-one
14490,Central Atlantic Coastal Plain Wet Longleaf Pine Savanna and Flatwoods,Riparian,Central Atlantic Coastal Plain Wet Longleaf Pine Savanna and Flatwoods,FALSE,Not System,1449,7449,Central Atlantic Coastal Plain Wet Longleaf Pine Savanna and Flatwoods,Tree,Riparian,684,Pine Flatwoods,SAF 98 : Pond Pine,Tree-dominated,Open tree canopy,Evergreen open tree canopy,match,match,Central,one-to-one
14530,Central Florida Pine Flatwoods,Riparian,Central Florida Pine Flatwoods,FALSE,Not System,1453,7453,Central Florida Pine Flatwoods,Tree,Conifer,684,Pine Flatwoods,SAF 83: Longleaf Pine-Slash Pine,Tree-dominated,Open tree canopy,Evergreen open tree canopy,match,match,Central,one-to-one
14710,Central Interior and Appalachian Floodplain Systems,Riparian,Central Interior and Appalachian Floodplain Systems,FALSE,System,1471,9059,Central Appalachian River Floodplain Forest,Tree,Riparian,666,Eastern Floodplain Forests,SAF 61: River Birch-Sycamore,Tree-dominated,Open tree canopy,Mixed evergreen-deciduous open tree canopy,no match,System,Central,one-to-many
14712,Central Interior and Appalachian Floodplain Systems-Large Floodplains,Riparian,Central Interior and Appalachian Floodplain Systems,TRUE,System,1471,9059,Central Appalachian River Floodplain Forest,Tree,Riparian,666,Eastern Floodplain Forests,SAF 61: River Birch-Sycamore,Tree-dominated,Open tree canopy,Mixed evergreen-deciduous open tree canopy,no match,System,Central,one-to-many
14710,Central Interior and Appalachian Floodplain Systems,Riparian,Central Interior and Appalachian Floodplain Systems,FALSE,System,1471,9179,North-Central Interior Floodplain Forest,Tree,Riparian,666,Eastern Floodplain Forests,SAF 61: River Birch-Sycamore,Tree-dominated,Open tree canopy,Mixed evergreen-deciduous open tree canopy,no match,System,Central,one-to-many
14712,Central Interior and Appalachian Floodplain Systems-Large Floodplains,Riparian,Central Interior and Appalachian Floodplain Systems,TRUE,System,1471,9179,North-Central Interior Floodplain Forest,Tree,Riparian,666,Eastern Floodplain Forests,SAF 61: River Birch-Sycamore,Tree-dominated,Open tree canopy,Mixed evergreen-deciduous open tree canopy,no match,System,Central,one-to-many
14710,Central Interior and Appalachian Floodplain Systems,Riparian,Central Interior and Appalachian Floodplain Systems,FALSE,System,1471,9223,South-Central Interior Large Floodplain Forest,Tree,Riparian,666,Eastern Floodplain Forests,SAF 61: River Birch-Sycamore,Tree-dominated,Open tree canopy,Mixed evergreen-deciduous open tree canopy,no match,System,Central,one-to-many
14712,Central Interior and Appalachian Floodplain Systems-Large Floodplains,Riparian,Central Interior and Appalachian Floodplain Systems,TRUE,System,1471,9223,South-Central Interior Large Floodplain Forest,Tree,Riparian,666,Eastern Floodplain Forests,SAF 61: River Birch-Sycamore,Tree-dominated,Open tree canopy,Mixed evergreen-deciduous open tree canopy,no match,System,Central,one-to-many
14710,Central Interior and Appalachian Floodplain Systems,Riparian,Central Interior and Appalachian Floodplain Systems,FALSE,System,1471,9230,Southeastern Great Plains Floodplain Forest and Woodland,Tree,Riparian,666,Eastern Floodplain Forests,SAF 61: River Birch-Sycamore,Tree-dominated,Open tree canopy,Deciduous open tree canopy,no match,System,Central,one-to-many
14712,Central Interior and Appalachian Floodplain Systems-Large Floodplains,Riparian,Central Interior and Appalachian Floodplain Systems,TRUE,System,1471,9230,Southeastern Great Plains Floodplain Forest and Woodland,Tree,Riparian,666,Eastern Floodplain Forests,SAF 61: River Birch-Sycamore,Tree-dominated,Open tree canopy,Deciduous open tree canopy,no match,System,Central,one-to-many
14710,Central Interior and Appalachian Floodplain Systems,Riparian,Central Interior and Appalachian Floodplain Systems,FALSE,System,1471,9231,Southeastern Great Plains Riparian Forest and Woodland,Tree,Riparian,666,Eastern Floodplain Forests,SAF 61: River Birch-Sycamore,Tree-dominated,Open tree canopy,Deciduous open tree canopy,no match,System,Central,one-to-many
14712,Central Interior and Appalachian Floodplain Systems-Large Floodplains,Riparian,Central Interior and Appalachian Floodplain Systems,TRUE,System,1471,9231,Southeastern Great Plains Riparian Forest and Woodland,Tree,Riparian,666,Eastern Floodplain Forests,SAF 61: River Birch-Sycamore,Tree-dominated,Open tree canopy,Deciduous open tree canopy,no match,System,Central,one-to-many
14710,Central Interior and Appalachian Floodplain Systems,Riparian,Central Interior and Appalachian Floodplain Systems,FALSE,System,1471,9258,Southern Piedmont Large Floodplain Forest,Tree,Riparian,666,Eastern Floodplain Forests,SAF 61: River Birch-Sycamore,Tree-dominated,Open tree canopy,Mixed evergreen-deciduous open tree canopy,no match,System,Central,one-to-many
14712,Central Interior and Appalachian Floodplain Systems-Large Floodplains,Riparian,Central Interior and Appalachian Floodplain Systems,TRUE,System,1471,9258,Southern Piedmont Large Floodplain Forest,Tree,Riparian,666,Eastern Floodplain Forests,SAF 61: River Birch-Sycamore,Tree-dominated,Open tree canopy,Mixed evergreen-deciduous open tree canopy,no match,System,Central,one-to-many
14720,Central Interior and Appalachian Riparian Systems,Riparian,Central Interior and Appalachian Riparian Systems,FALSE,System,1472,9060,Central Appalachian Stream and Riparian Woodland,Tree,Riparian,668,Eastern Small Stream Riparian Forests,SAF 61: River Birch-Sycamore,Tree-dominated,Open tree canopy,Mixed evergreen-deciduous open tree canopy,no match,System,Central,one-to-many
14720,Central Interior and Appalachian Riparian Systems,Riparian,Central Interior and Appalachian Riparian Systems,FALSE,System,1472,9207,Ozark-Ouachita Riparian Forest,Tree,Riparian,668,Eastern Small Stream Riparian Forests,SAF 61: River Birch-Sycamore,Tree-dominated,Open tree canopy,Mixed evergreen-deciduous open tree canopy,no match,System,Central,one-to-many
14720,Central Interior and Appalachian Riparian Systems,Riparian,Central Interior and Appalachian Riparian Systems,FALSE,System,1472,9224,South-Central Interior Small Stream and Riparian Forest,Tree,Riparian,668,Eastern Small Stream Riparian Forests,SAF 61: River Birch-Sycamore,Tree-dominated,Open tree canopy,Mixed evergreen-deciduous open tree canopy,no match,System,Central,one-to-many
14720,Central Interior and Appalachian Riparian Systems,Riparian,Central Interior and Appalachian Riparian Systems,FALSE,System,1472,9259,Southern Piedmont Small Floodplain and Riparian Forest,Tree,Riparian,668,Eastern Small Stream Riparian Forests,SAF 61: River Birch-Sycamore,Tree-dominated,Open tree canopy,Mixed evergreen-deciduous open tree canopy,no match,System,Central,one-to-many
14930,Central Interior and Appalachian Shrub-Herbaceous Wetland Systems,Riparian,Central Interior and Appalachian Shrub-Herbaceous Wetland Systems,FALSE,System,1493,9182,North-Central Interior Shrub Alkaline Fen,Shrub,Riparian,675,Inland Marshes and Prairies,LF 45: Central Interior and Appalachian Herbaceous Wetland,Shrub-dominated,Shrubland,Mixed evergreen-deciduous shrubland,no match,System,Central,one-to-many
14930,Central Interior and Appalachian Shrub-Herbaceous Wetland Systems,Riparian,Central Interior and Appalachian Shrub-Herbaceous Wetland Systems,FALSE,System,1493,9183,North-Central Interior Shrub Swamp,Shrub,Riparian,675,Inland Marshes and Prairies,LF 45: Central Interior and Appalachian Herbaceous Wetland,Shrub-dominated,Shrubland,Mixed evergreen-deciduous shrubland,no match,System,Central,one-to-many
14790,Central Interior and Appalachian Swamp Systems,Riparian,Central Interior and Appalachian Swamp Systems,FALSE,System,1479,9066,Central Interior Highlands and Appalachian Sinkhole and Depression Pond,Tree,Riparian,694,Atlantic Swamp Forests,SAF 61: River Birch-Sycamore,Tree-dominated,Open tree canopy,Mixed evergreen-deciduous open tree canopy,no match,System,Central,one-to-many
14790,Central Interior and Appalachian Swamp Systems,Riparian,Central Interior and Appalachian Swamp Systems,FALSE,System,1479,9075,Cumberland Seepage Forest,Tree,Riparian,694,Atlantic Swamp Forests,SAF 61: River Birch-Sycamore,Tree-dominated,Open tree canopy,Deciduous open tree canopy,no match,System,Central,one-to-many
14790,Central Interior and Appalachian Swamp Systems,Riparian,Central Interior and Appalachian Swamp Systems,FALSE,System,1479,9106,High Allegheny Wetland,Tree,Riparian,694,Atlantic Swamp Forests,SAF 61: River Birch-Sycamore,Tree-dominated,Open tree canopy,Mixed evergreen-deciduous open tree canopy,no match,System,Central,one-to-many
14790,Central Interior and Appalachian Swamp Systems,Riparian,Central Interior and Appalachian Swamp Systems,FALSE,System,1479,9174,North-Central Appalachian Acidic Swamp,Tree,Riparian,694,Atlantic Swamp Forests,LF 72: Peatland Forests,Tree-dominated,Open tree canopy,Mixed evergreen-deciduous open tree canopy,no match,System,Central,one-to-many
14790,Central Interior and Appalachian Swamp Systems,Riparian,Central Interior and Appalachian Swamp Systems,FALSE,System,1479,9177,North-Central Interior and Appalachian Acidic Peatland Woodland,Tree,Riparian,694,Atlantic Swamp Forests,LF 72: Peatland Forests,Tree-dominated,Open tree canopy,Mixed evergreen-deciduous open tree canopy,no match,System,Central,one-to-many
14790,Central Interior and Appalachian Swamp Systems,Riparian,Central Interior and Appalachian Swamp Systems,FALSE,System,1479,9178,North-Central Interior and Appalachian Rich Swamp,Tree,Riparian,694,Atlantic Swamp Forests,SAF 39: Black Ash-American Elm-Red Maple,Tree-dominated,Open tree canopy,Mixed evergreen-deciduous open tree canopy,no match,System,Central,one-to-many
14790,Central Interior and Appalachian Swamp Systems,Riparian,Central Interior and Appalachian Swamp Systems,FALSE,System,1479,9209,Piedmont Seepage Wetland,Tree,Riparian,694,Atlantic Swamp Forests,SAF 61: River Birch-Sycamore,Tree-dominated,Open tree canopy,Deciduous open tree canopy,no match,System,Central,one-to-many
14790,Central Interior and Appalachian Swamp Systems,Riparian,Central Interior and Appalachian Swamp Systems,FALSE,System,1479,9210,Piedmont Upland Depression Swamp,Tree,Riparian,694,Atlantic Swamp Forests,SAF 88: Willow Oak-Water Oak-Diamondleaf Oak,Tree-dominated,Open tree canopy,Deciduous open tree canopy,no match,System,Central,one-to-many
14790,Central Interior and Appalachian Swamp Systems,Riparian,Central Interior and Appalachian Swamp Systems,FALSE,System,1479,9232,Southern and Central Appalachian Bog and Fen,Tree,Riparian,694,Atlantic Swamp Forests,SAF 61: River Birch-Sycamore,Tree-dominated,Open tree canopy,Mixed evergreen-deciduous open tree canopy,no match,System,Central,one-to-many
14010,Central Interior Highlands Calcareous Glade and Barrens,Grassland,Central Interior Highlands Calcareous Glade and Barrens,FALSE,Not System,1401,7401,Central Interior Highlands Calcareous Glade and Barrens Woodland,Tree,Conifer-Hardwood,670,Glades and Barrens,SRM 803: Missouri Glades,Tree-dominated,Sparse tree canopy,Mixed evergreen-deciduous sparse tree canopy,no match,match,Central,one-to-one
13630,Central Interior Highlands Dry Acidic Glade and Barrens,Hardwood,Central Interior Highlands Dry Acidic Glade and Barrens,FALSE,Not System,1363,7363,Central Interior Highlands Dry Acidic Glade and Barrens,Tree,Conifer-Hardwood,670,Glades and Barrens,SRM 803: Missouri Glades,Tree-dominated,Open tree canopy,Mixed evergreen-deciduous open tree canopy,match,match,Central,one-to-one
11320,Central Mixedgrass Prairie,Grassland,Central Mixedgrass Prairie,FALSE,Not System,1132,7207,Central Mixedgrass Prairie Shrubland,Shrub,Shrubland,646,Mixedgrass Prairie,SRM 704: Blue Grama-Western Wheatgrass,Shrub-dominated,Shrubland,Mixed evergreen-deciduous shrubland,no match,match,Central,one-to-one
14210,Central Tallgrass Prairie,Grassland,Central Tallgrass Prairie,FALSE,Not System,1421,7421,Central Tallgrass Prairie,Herb,Grassland,649,Tallgrass Prairie,SRM 601: Bluestem Prairie,Herbaceous / Nonvascular-dominated,Herbaceous - grassland,Perennial graminoid grassland,match,match,Central,one-to-one
10740,Chihuahuan Creosotebush Desert Scrub,Shrubland,Chihuahuan Creosotebush Desert Scrub,FALSE,Not System,1074,7074,Chihuahuan Creosotebush Desert Scrub,Shrub,Shrubland,611,Creosotebush Desert Scrub,SRM 506: Creosotebush-Bursage,Shrub-dominated,Shrubland,Mixed evergreen-deciduous shrubland,match,match,Chihuahuan,one-to-one
11220,Chihuahuan Gypsophilous Grassland and Steppe,Grassland,Chihuahuan Gypsophilous Grassland and Steppe,FALSE,Not System,1122,7122,Chihuahuan Gypsophilous Grassland and Steppe,Herb,Grassland,618,Grassland and Steppe,SRM 505: Grama-Tobosa Shrub,Herbaceous / Nonvascular-dominated,Herbaceous - shrub-steppe,Perennial graminoid steppe,match,match,Chihuahuan,one-to-one
15030,Chihuahuan Loamy Plains Desert Grassland,Grassland,Chihuahuan Loamy Plains Desert Grassland,FALSE,Not System,1503,7503,Chihuahuan Loamy Plains Desert Grassland,Herb,Grassland,617,Grassland,SRM 701: Alkali Sacaton-Tobosa Grass,Herbaceous / Nonvascular-dominated,Herbaceous - grassland,Perennial graminoid grassland,match,match,Chihuahuan,one-to-one
11000,Chihuahuan Mixed Desert and Thorn Scrub,Shrubland,Chihuahuan Mixed Desert and Thorn Scrub,FALSE,Not System,1100,7100,Chihuahuan Mixed Desert and Thornscrub,Shrub,Shrubland,613,Desert Scrub,SRM 508: Creosotebush-Tarbush,Shrub-dominated,Shrubland,Mixed evergreen-deciduous shrubland,no match,match,Chihuahuan,one-to-one
11002,Chihuahuan Mixed Desert and Thorn Scrub-Shrubland,Shrubland,Chihuahuan Mixed Desert and Thorn Scrub,TRUE,Not System,1100,7100,Chihuahuan Mixed Desert and Thornscrub,Shrub,Shrubland,613,Desert Scrub,SRM 508: Creosotebush-Tarbush,Shrub-dominated,Shrubland,Mixed evergreen-deciduous shrubland,no match,match,Chihuahuan,one-to-one
11003,Chihuahuan Mixed Desert and Thorn Scrub-Steppe,Shrubland,Chihuahuan Mixed Desert and Thorn Scrub,TRUE,Not System,1100,7100,Chihuahuan Mixed Desert and Thornscrub,Shrub,Shrubland,613,Desert Scrub,SRM 508: Creosotebush-Tarbush,Shrub-dominated,Shrubland,Mixed evergreen-deciduous shrubland,no match,match,Chihuahuan,one-to-one
10750,Chihuahuan Mixed Salt Desert Scrub,Shrubland,Chihuahuan Mixed Salt Desert Scrub,FALSE,Not System,1075,7075,Chihuahuan Mixed Salt Desert Scrub,Shrub,Shrubland,636,Salt Desert Scrub,SRM 414: Salt Desert Shrub,Shrub-dominated,Shrubland,Evergreen shrubland,match,match,Chihuahuan,one-to-one
11330,Chihuahuan Sandy Plains Semi-Desert Grassland,Grassland,Chihuahuan Sandy Plains Semi-Desert Grassland,FALSE,Not System,1133,7133,Chihuahuan Sandy Plains Semi-Desert Grassland,Herb,Grassland,617,Grassland,SRM 713: Grama-Muhly-Threeawn,Herbaceous / Nonvascular-dominated,Herbaceous - grassland,Perennial graminoid grassland,match,match,Chihuahuan,one-to-one
10760,Chihuahuan Stabilized Coppice Dune and Sand Flat Scrub,Shrubland,Chihuahuan Stabilized Coppice Dune and Sand Flat Scrub,FALSE,Not System,1076,7076,Chihuahuan Stabilized Coppice Dune and Sand Flat Scrub,Shrub,Shrubland,613,Desert Scrub,SRM 729: Mesquite,Shrub-dominated,Shrubland,Mixed evergreen-deciduous shrubland,match,match,Chihuahuan,one-to-one
10770,Chihuahuan Succulent Desert Scrub,Shrubland,Chihuahuan Succulent Desert Scrub,FALSE,Not System,1077,7077,Chihuahuan Succulent Desert Scrub,Shrub,Shrubland,641,Succulent Desert Scrub,SRM 735: Sideoats Grama-Sumac-Juniper,Shrub-dominated,Shrubland,Evergreen shrubland,match,match,Chihuahuan,one-to-one
15040,Chihuahuan-Sonoran Desert Bottomland and Swale Grassland,Grassland,Chihuahuan-Sonoran Desert Bottomland and Swale Grassland,FALSE,Not System,1504,7504,Chihuahuan-Sonoran Desert Bottomland and Swale Grassland,Herb,Riparian,650,Depressional Wetland,SRM 701: Alkali Sacaton-Tobosa Grass,Herbaceous / Nonvascular-dominated,Herbaceous - grassland,Perennial graminoid grassland,match,match,Chihuahuan-Sonoran,one-to-one
15041,Chihuahuan-Sonoran Desert Bottomland and Swale Grassland-Tobosa Grassland,Grassland,Chihuahuan-Sonoran Desert Bottomland and Swale Grassland,TRUE,Not System,1504,7504,Chihuahuan-Sonoran Desert Bottomland and Swale Grassland,Herb,Riparian,650,Depressional Wetland,SRM 701: Alkali Sacaton-Tobosa Grass,Herbaceous / Nonvascular-dominated,Herbaceous - grassland,Perennial graminoid grassland,match,match,Chihuahuan-Sonoran,one-to-one
15042,Chihuahuan-Sonoran Desert Bottomland and Swale Grassland-Alkali Sacaton,Grassland,Chihuahuan-Sonoran Desert Bottomland and Swale Grassland,TRUE,Not System,1504,7504,Chihuahuan-Sonoran Desert Bottomland and Swale Grassland,Herb,Riparian,650,Depressional Wetland,SRM 701: Alkali Sacaton-Tobosa Grass,Herbaceous / Nonvascular-dominated,Herbaceous - grassland,Perennial graminoid grassland,match,match,Chihuahuan-Sonoran,one-to-one
10780,Colorado Plateau Blackbrush-Mormon-tea Shrubland,Shrubland,Colorado Plateau Blackbrush-Mormon-tea Shrubland,FALSE,Not System,1078,7078,Colorado Plateau Blackbrush-Mormon-tea Shrubland,Shrub,Shrubland,606,Blackbrush Shrubland,SRM 212: Blackbush,Shrub-dominated,Shrubland,Mixed evergreen-deciduous shrubland,match,match,Colorado,one-to-one
10640,Colorado Plateau Mixed Low Sagebrush Shrubland,Shrubland,Colorado Plateau Mixed Low Sagebrush Shrubland,FALSE,Not System,1064,7064,Colorado Plateau Mixed Low Sagebrush Shrubland,Shrub,Shrubland,623,Low Sagebrush Shrubland and Steppe,SRM 405: Black Sagebrush,Shrub-dominated,Dwarf-shrubland,Evergreen dwarf-shrubland,match,match,Colorado,one-to-one
11020,Colorado Plateau Pinyon-Juniper Shrubland,Conifer,Colorado Plateau Pinyon-Juniper Shrubland,FALSE,Not System,1102,7102,Colorado Plateau Pinyon-Juniper Shrubland,Shrub,Shrubland,699,Pinyon-Juniper Shrubland,SRM 504: Juniper-Pinyon Pine Woodland,Shrub-dominated,Shrubland,Evergreen shrubland,match,match,Colorado,one-to-one
10160,Colorado Plateau Pinyon-Juniper Woodland,Conifer,Colorado Plateau Pinyon-Juniper Woodland,FALSE,Not System,1016,7016,Colorado Plateau Pinyon-Juniper Woodland,Tree,Conifer,630,Pinyon-Juniper Woodland,SRM 504: Juniper-Pinyon Pine Woodland,Tree-dominated,Open tree canopy,Evergreen open tree canopy,match,match,Colorado,one-to-one
11340,Columbia Basin Foothill and Canyon Dry Grassland,Grassland,Columbia Basin Foothill and Canyon Dry Grassland,FALSE,Not System,1134,7134,Columbia Basin Foothill and Canyon Dry Grassland,Herb,Grassland,617,Grassland,SRM 101: Bluebunch Wheatgrass,Herbaceous / Nonvascular-dominated,Herbaceous - grassland,Perennial graminoid grassland,match,match,Columbia,one-to-one
11420,Columbia Basin Palouse Prairie,Grassland,Columbia Basin Palouse Prairie,FALSE,Not System,1142,7142,Columbia Basin Palouse Prairie,Herb,Grassland,617,Grassland,SRM 102: Idaho Fescue,Herbaceous / Nonvascular-dominated,Herbaceous - grassland,Perennial graminoid grassland,match,match,Columbia,one-to-one
11240,Columbia Plateau Low Sagebrush Steppe,Shrubland,Columbia Plateau Low Sagebrush Steppe,FALSE,Not System,1124,7124,Columbia Plateau Low Sagebrush Steppe,Shrub,Shrubland,623,Low Sagebrush Shrubland and Steppe,SRM 406: Low Sagebrush,Shrub-dominated,Shrubland,Mixed evergreen-deciduous shrubland,match,match,Columbia,one-to-one
10650,Columbia Plateau Scabland Shrubland,Shrubland,Columbia Plateau Scabland Shrubland,FALSE,Not System,1065,7065,Columbia Plateau Scabland Shrubland,Shrub,Shrubland,613,Desert Scrub,SRM 106: Bluegrass Scabland,Shrub-dominated,Dwarf-shrubland,Evergreen dwarf-shrubland,match,match,Columbia,one-to-one
11230,Columbia Plateau Steppe and Grassland,Grassland,Columbia Plateau Steppe and Grassland,FALSE,Not System,1123,7123,Columbia Plateau Steppe and Grassland,Herb,Grassland,618,Grassland and Steppe,SRM 106: Bluegrass Scabland,Herbaceous / Nonvascular-dominated,Herbaceous - shrub-steppe,Perennial graminoid steppe,match,match,Columbia,one-to-one
10170,Columbia Plateau Western Juniper Woodland and Savanna,Conifer,Columbia Plateau Western Juniper Woodland and Savanna,FALSE,Not System,1017,7017,Columbia Plateau Western Juniper Woodland and Savanna,Tree,Conifer,620,Juniper Woodland and Savanna,SRM 107: Western Juniper-Big Sagebrush-Bluebunch Wheatgrass,Tree-dominated,Open tree canopy,Evergreen open tree canopy,match,match,Columbia,one-to-one
13080,Crosstimbers Oak Forest and Woodland,Hardwood,Crosstimbers Oak Forest and Woodland,FALSE,Not System,1308,7308,Crosstimbers Oak Forest and Woodland,Tree,Hardwood,662,Post Oak Woodland and Savanna,SAF 40: Post Oak-Blackjack Oak,Tree-dominated,Open tree canopy,Deciduous open tree canopy,match,match,Crosstimbers,one-to-one
10180,East Cascades Mesic Montane Mixed-Conifer Forest and Woodland,Conifer,East Cascades Mesic Montane Mixed-Conifer Forest and Woodland,FALSE,Not System,1018,7018,East Cascades Mesic Montane Mixed-Conifer Forest and Woodland,Tree,Conifer,643,Douglas-fir-Grand Fir-White Fir Forest and Woodland,SAF 213: Grand Fir,Tree-dominated,Closed tree canopy,Evergreen closed tree canopy,match,match,East,one-to-one
10600,East Cascades Oak-Ponderosa Pine Forest and Woodland,Conifer,East Cascades Oak-Ponderosa Pine Forest and Woodland,FALSE,Not System,1060,7060,East Cascades Ponderosa Pine Forest and Woodland,Tree,Conifer,610,Conifer-Oak Forest and Woodland,SAF 237: Interior Ponderosa Pine,Tree-dominated,Open tree canopy,Evergreen open tree canopy,no match,match,East,one-to-one
14350,East Gulf Coastal Plain Dune and Coastal Grassland,Grassland,East Gulf Coastal Plain Dune and Coastal Grassland,FALSE,Not System,1435,7435,East Gulf Coastal Plain Dune and Coastal Grassland,Herb,Grassland,654,Atlantic Dunes and Grasslands,SRM 723: Sea Oats,Herbaceous / Nonvascular-dominated,Herbaceous - grassland,Perennial graminoid grassland,match,match,East,one-to-one
13720,East Gulf Coastal Plain Interior Shortleaf Pine-Oak Forest,Hardwood-Conifer,East Gulf Coastal Plain Interior Shortleaf Pine-Oak Forest,FALSE,Not System,1372,7372,East Gulf Coastal Plain Interior Shortleaf Pine Forest,Tree,Conifer,690,Shortleaf Pine-Oak Forest and Woodland,SAF 76: Shortleaf Pine-Oak,Tree-dominated,Closed tree canopy,Evergreen closed tree canopy,no match,match,East,one-to-one
13490,East Gulf Coastal Plain Interior Upland Longleaf Pine Woodland,Conifer,East Gulf Coastal Plain Interior Upland Longleaf Pine Woodland,FALSE,Not System,1349,7349,East Gulf Coastal Plain Interior Upland Longleaf Pine Woodland,Tree,Conifer,677,Longleaf Pine Woodland,SAF 70: Longleaf Pine,Tree-dominated,Open tree canopy,Evergreen open tree canopy,match,match,East,one-to-one
14270,East Gulf Coastal Plain Jackson Plain Prairie and Barrens,Grassland,East Gulf Coastal Plain Jackson Plain Prairie and Barrens,FALSE,Not System,1427,NA,NA,NA,NA,NA,NA,NA,NA,NA,NA,NA,no match,East,one-to-one
13280,East Gulf Coastal Plain Limestone Forest,Hardwood,East Gulf Coastal Plain Limestone Forest,FALSE,Not System,1328,7328,Southern Coastal Plain Limestone Forest,Tree,Hardwood,680,Sweetgum-Water Oak Forest,SAF 91: Swamp Chestnut Oak-Cherrybark Oak,Tree-dominated,Closed tree canopy,Deciduous closed tree canopy,no match,match,East,one-to-one
13800,East Gulf Coastal Plain Maritime Forest,Hardwood-Conifer,East Gulf Coastal Plain Maritime Forest,FALSE,Not System,1380,7380,East Gulf Coastal Plain Maritime Forest,Tree,Hardwood,679,Maritime Forest,SAF 74: Cabbage Palmetto,Tree-dominated,Closed tree canopy,Mixed evergreen-deciduous closed tree canopy,match,match,East,one-to-one
14540,East Gulf Coastal Plain Near-Coast Pine Flatwoods,Riparian,East Gulf Coastal Plain Near-Coast Pine Flatwoods,FALSE,Not System,1454,7454,East Gulf Coastal Plain Near-Coast Pine Flatwoods,Tree,Conifer,684,Pine Flatwoods,SAF 83: Longleaf Pine-Slash Pine,Tree-dominated,Open tree canopy,Evergreen open tree canopy,match,match,East,one-to-one
13070,East Gulf Coastal Plain Northern Dry Upland Hardwood Forest,Hardwood,East Gulf Coastal Plain Northern Dry Upland Hardwood Forest,FALSE,Not System,1307,7307,East Gulf Coastal Plain Northern Dry Upland Hardwood Forest,Tree,Hardwood,658,Coastal Plain Oak Forest,SAF 52: White Oak-Black Oak-Northern Red Oak,Tree-dominated,Closed tree canopy,Deciduous closed tree canopy,match,match,East,one-to-one
13270,East Gulf Coastal Plain Northern Loess Bluff Forest,Hardwood,East Gulf Coastal Plain Northern Loess Bluff Forest,FALSE,Not System,1327,7327,East Gulf Coastal Plain Northern Loess Bluff Forest,Tree,Hardwood,667,White Oak-Beech Forest and Woodland,SAF 53: White Oak,Tree-dominated,Closed tree canopy,Deciduous closed tree canopy,match,match,East,one-to-one
13060,East Gulf Coastal Plain Northern Loess Plain Oak-Hickory Upland,Hardwood,East Gulf Coastal Plain Northern Loess Plain Oak-Hickory Upland,FALSE,Not System,1306,7306,East Gulf Coastal Plain Northern Loess Plain Oak-Hickory Upland,Tree,Hardwood,667,White Oak-Beech Forest and Woodland,SAF 52: White Oak-Black Oak-Northern Red Oak,Tree-dominated,Closed tree canopy,Deciduous closed tree canopy,match,match,East,one-to-one
13250,East Gulf Coastal Plain Northern Mesic Hardwood Slope Forest,Hardwood,East Gulf Coastal Plain Northern Mesic Hardwood Slope Forest,FALSE,Not System,1325,7325,East Gulf Coastal Plain Northern Mesic Hardwood Slope Forest,Tree,Hardwood,680,Sweetgum-Water Oak Forest,SAF 59: Yellow Poplar-White Oak-Northern Red Oak,Tree-dominated,Closed tree canopy,Deciduous closed tree canopy,match,match,East,one-to-one
14850,East Gulf Coastal Plain Savanna and Wet Prairie,Savanna,East Gulf Coastal Plain Savanna and Wet Prairie,FALSE,Not System,1485,7578,East Gulf Coastal Plain Wet Savanna,Tree,Riparian,675,Inland Marshes and Prairies,SRM 819: Freshwater Marsh and Ponds,Tree-dominated,Sparse tree canopy,Evergreen sparse tree canopy,no match,match,East,one-to-one
14550,East Gulf Coastal Plain Southern Loblolly-Hardwood Flatwoods,Riparian,East Gulf Coastal Plain Southern Loblolly-Hardwood Flatwoods,FALSE,Not System,1455,7455,East Gulf Coastal Plain Southern Loblolly Flatwoods,Tree,Conifer,684,Pine Flatwoods,SAF 91: Swamp Chestnut Oak-Cherrybark Oak,Tree-dominated,Open tree canopy,Evergreen open tree canopy,no match,match,East,one-to-one
13290,East Gulf Coastal Plain Southern Loess Bluff Forest,Hardwood,East Gulf Coastal Plain Southern Loess Bluff Forest,FALSE,Not System,1329,7329,East Gulf Coastal Plain Southern Loess Bluff Forest,Tree,Hardwood,667,White Oak-Beech Forest and Woodland,SAF 91: Swamp Chestnut Oak-Cherrybark Oak,Tree-dominated,Closed tree canopy,Deciduous closed tree canopy,match,match,East,one-to-one
15190,East-Central Texas Plains Post Oak Savanna and Woodland,Hardwood,East-Central Texas Plains Post Oak Savanna and Woodland,FALSE,Not System,1519,7519,East-Central Texas Plains Post Oak Savanna and Woodland,Tree,Hardwood,662,Post Oak Woodland and Savanna,SAF 40: Post Oak-Blackjack Oak,Tree-dominated,Open tree canopy,Deciduous open tree canopy,match,match,East-Central,one-to-one
13580,East-Central Texas Plains Southern Pine Forest and Woodland,Conifer,East-Central Texas Plains Southern Pine Forest and Woodland,FALSE,Not System,1358,7358,Bastrop Lost Pines Forest and Woodland,Tree,Conifer,689,Shortleaf Pine Woodland,SAF 40: Post Oak-Blackjack Oak,Tree-dominated,Open tree canopy,Evergreen open tree canopy,no match,match,East-Central,one-to-one
14440,Eastern Boreal Floodplain,Hardwood,Eastern Boreal Floodplain,FALSE,Not System,1444,7444,Eastern Boreal Floodplain Woodland,Tree,Riparian,666,Eastern Floodplain Forests,SAF 39: Black Ash-American Elm-Red Maple,Tree-dominated,Open tree canopy,Deciduous open tree canopy,no match,match,Eastern,one-to-one
14690,Eastern Great Plains Floodplain Systems,Riparian,Eastern Great Plains Floodplain Systems,FALSE,System,1469,NA,NA,NA,NA,NA,NA,NA,NA,NA,NA,NA,System,Eastern,one-to-one
13310,Eastern Great Plains Tallgrass Aspen Parkland,Hardwood,Eastern Great Plains Tallgrass Aspen Parkland,FALSE,Not System,1331,7331,Eastern Great Plains Tallgrass Aspen Forest and Woodland,Tree,Hardwood,602,"Aspen Forest, Woodland, and Parkland",SAF 16: Aspen,Tree-dominated,Open tree canopy,Deciduous open tree canopy,no match,match,Eastern,one-to-one
14880,Eastern Great Plains Wet Meadow-Prairie-Marsh,Grassland,Eastern Great Plains Wet Meadow-Prairie-Marsh,FALSE,Not System,1488,7488,Eastern Great Plains Wet Meadow-Prairie-Marsh,Herb,Riparian,650,Depressional Wetland,LF 43: Great Plains Herbaceous Wetland,Herbaceous / Nonvascular-dominated,Herbaceous - grassland,Perennial graminoid grassland,match,match,Eastern,one-to-one
14170,Eastern Highland Rim Prairie and Barrens,Grassland,Eastern Highland Rim Prairie and Barrens,FALSE,Not System,1417,7417,Eastern Highland Rim Prairie and Barrens,Herb,Grassland,688,Prairies and Barrens,LF 55: Appalachian Grass and Shrub Balds,Herbaceous / Nonvascular-dominated,Herbaceous - grassland,Perennial graminoid grassland,match,match,Eastern,one-to-one
13750,Eastern Serpentine Woodland,Hardwood-Conifer,Eastern Serpentine Woodland,FALSE,Not System,1375,7375,Eastern Serpentine Woodland,Tree,Conifer-Hardwood,670,Glades and Barrens,SAF 46: Eastern Redcedar,Tree-dominated,Open tree canopy,Mixed evergreen-deciduous open tree canopy,match,match,Eastern,one-to-one
15230,Edwards Plateau Dry-Mesic Slope Forest and Woodland,Hardwood,Edwards Plateau Dry-Mesic Slope Forest and Woodland,FALSE,Not System,1523,7523,Edwards Plateau Dry-Mesic Slope Forest and Woodland,Tree,Conifer-Hardwood,696,Juniper-Oak,SRM 733: Juniper-Oak,Tree-dominated,Open tree canopy,Mixed evergreen-deciduous open tree canopy,match,match,Edwards,one-to-one
13830,Edwards Plateau Limestone Savanna and Woodland,Hardwood,Edwards Plateau Limestone Savanna and Woodland,FALSE,Not System,1383,7383,Edwards Plateau Limestone Savanna and Woodland,Tree,Hardwood,662,Post Oak Woodland and Savanna,SRM 733: Juniper-Oak,Tree-dominated,Open tree canopy,Mixed evergreen-deciduous open tree canopy,match,match,Edwards,one-to-one
13930,Edwards Plateau Limestone Shrubland,Conifer,Edwards Plateau Limestone Shrubland,FALSE,Not System,1393,7393,Edwards Plateau Limestone Shrubland,Shrub,Shrubland,696,Juniper-Oak,SRM 733: Juniper-Oak,Shrub-dominated,Shrubland,Mixed evergreen-deciduous shrubland,match,match,Edwards,one-to-one
15240,Edwards Plateau Mesic Canyon,Hardwood,Edwards Plateau Mesic Canyon,FALSE,Not System,1524,7524,Edwards Plateau Mesic Canyon,Tree,Hardwood,605,Bigtooth Maple Woodland,SRM 733: Juniper-Oak,Tree-dominated,Closed tree canopy,Deciduous closed tree canopy,match,match,Edwards,one-to-one
15250,Edwards Plateau Riparian,Riparian,Edwards Plateau Riparian,FALSE,Not System,1525,7525,Edwards Plateau Riparian Forest and Woodland,Tree,Riparian,668,Eastern Small Stream Riparian Forests,LF 42: Great Plains Riparian,Tree-dominated,Closed tree canopy,Deciduous closed tree canopy,no match,match,Edwards,one-to-one
-9999,Fill-NoData,Fill-NoData,Fill-NoData,FALSE,Not System,-9999,NA,NA,NA,NA,NA,NA,NA,NA,NA,NA,NA,Fill-NoData,Fill-NoData,one-to-one
-1111,Fill-Not Mapped,Fill-Not Mapped,Fill-Not Mapped,FALSE,Not System,-1111,NA,NA,NA,NA,NA,NA,NA,NA,NA,NA,NA,Fill-Not Mapped,Fill-Not,one-to-one
14250,Florida Dry Prairie,Grassland,Florida Dry Prairie,FALSE,Not System,1425,7566,Florida Dry Prairie Shruband,Shrub,Shrubland,688,Prairies and Barrens,SRM 814: Cabbage Palms Flatwoods,Shrub-dominated,Shrubland,Mixed evergreen-deciduous shrubland,no match,match,Florida,one-to-one
13560,Florida Longleaf Pine Sandhill,Conifer,Florida Longleaf Pine Sandhill,FALSE,Not System,1356,7356,Florida Longleaf Pine Sandhill,Tree,Conifer,677,Longleaf Pine Woodland,SAF 71: Longleaf Pine-Scrub Oak,Tree-dominated,Open tree canopy,Evergreen open tree canopy,match,match,Florida,one-to-one
13870,Florida Peninsula Inland Scrub,Shrubland,Florida Peninsula Inland Scrub,FALSE,Not System,1387,7565,Florida Peninsula Inland Scrub Woodland,Tree,Conifer,691,Southern Scrub Oak,SAF 72: Southern Scrub Oak,Tree-dominated,Open tree canopy,Evergreen open tree canopy,no match,match,Florida,one-to-one
14890,Floridian Highlands Freshwater Marsh,Riparian,Floridian Highlands Freshwater Marsh,FALSE,Not System,1489,7489,Floridian Highlands Freshwater Marsh,Herb,Riparian,675,Inland Marshes and Prairies,SRM 819: Freshwater Marsh and Ponds,Herbaceous / Nonvascular-dominated,Herbaceous - grassland,Perennial graminoid grassland,match,match,Floridian,one-to-one
10190,Great Basin Pinyon-Juniper Woodland,Conifer,Great Basin Pinyon-Juniper Woodland,FALSE,Not System,1019,7019,Great Basin Pinyon-Juniper Woodland,Tree,Conifer,630,Pinyon-Juniper Woodland,SRM 412: Juniper-Pinyon Woodland,Tree-dominated,Open tree canopy,Evergreen open tree canopy,match,match,Great,one-to-one
11030,Great Basin Semi-Desert Chaparral,Shrubland,Great Basin Semi-Desert Chaparral,FALSE,Not System,1103,7103,Great Basin Semi-Desert Chaparral,Shrub,Shrubland,607,Chaparral,SRM 503: Arizona Chaparral,Shrub-dominated,Shrubland,Evergreen shrubland,match,match,Great,one-to-one
10790,Great Basin Xeric Mixed Sagebrush Shrubland,Shrubland,Great Basin Xeric Mixed Sagebrush Shrubland,FALSE,Not System,1079,7079,Great Basin Xeric Mixed Sagebrush Shrubland,Shrub,Shrubland,623,Low Sagebrush Shrubland and Steppe,SRM 406: Low Sagebrush,Shrub-dominated,Shrubland,Mixed evergreen-deciduous shrubland,match,match,Great,one-to-one
14090,Great Lakes Alvar,Conifer,Great Lakes Alvar,FALSE,Not System,1409,7409,Great Lakes Alvar,Herb,Grassland,671,Great Lakes Alvar,SAF 37: Northern White-Cedar,Herbaceous / Nonvascular-dominated,Herbaceous - shrub-steppe,Perennial graminoid steppe,match,match,Great,one-to-one
14920,Great Lakes Coastal Marsh Systems,Riparian,Great Lakes Coastal Marsh Systems,FALSE,System,1492,9102,Great Lakes Freshwater Estuary and Delta,Herb,Riparian,675,Inland Marshes and Prairies,LF 44: Laurentian-Acadian Herbaceous Wetland,Herbaceous / Nonvascular-dominated,Herbaceous - grassland,Perennial graminoid grassland,no match,System,Great,one-to-many
14920,Great Lakes Coastal Marsh Systems,Riparian,Great Lakes Coastal Marsh Systems,FALSE,System,1492,9202,Northern Great Lakes Coastal Marsh,Herb,Riparian,675,Inland Marshes and Prairies,LF 44: Laurentian-Acadian Herbaceous Wetland,Herbaceous / Nonvascular-dominated,Herbaceous - grassland,Perennial graminoid grassland,no match,System,Great,one-to-many
14920,Great Lakes Coastal Marsh Systems,Riparian,Great Lakes Coastal Marsh Systems,FALSE,System,1492,9203,Northern Great Lakes Interdunal Wetland,Herb,Riparian,675,Inland Marshes and Prairies,LF 44: Laurentian-Acadian Herbaceous Wetland,Herbaceous / Nonvascular-dominated,Herbaceous - grassland,Perennial graminoid grassland,no match,System,Great,one-to-many
14110,Great Lakes Wet-Mesic Lakeplain Prairie,Riparian,Great Lakes Wet-Mesic Lakeplain Prairie,FALSE,Not System,1411,7411,Great Lakes Wet-Mesic Lakeplain Prairie,Herb,Riparian,675,Inland Marshes and Prairies,LF 44: Laurentian-Acadian Herbaceous Wetland,Herbaceous / Nonvascular-dominated,Herbaceous - grassland,Perennial graminoid grassland,match,match,Great,one-to-one
14660,Great Lakes Wooded Dune and Swale,Riparian,Great Lakes Wooded Dune and Swale,FALSE,Not System,1466,7466,Great Lakes Wooded Dune and Swale,Tree,Riparian,675,Inland Marshes and Prairies,SAF 1: Jack Pine,Tree-dominated,Open tree canopy,Mixed evergreen-deciduous open tree canopy,match,match,Great,one-to-one
14820,Great Plains Prairie Pothole,Grassland,Great Plains Prairie Pothole,FALSE,Not System,1482,7482,Great Plains Prairie Pothole,Herb,Riparian,650,Depressional Wetland,LF 43: Great Plains Herbaceous Wetland,Herbaceous / Nonvascular-dominated,Herbaceous - grassland,Perennial graminoid grassland,match,match,Great,one-to-one
14730,Gulf and Atlantic Coastal Plain Floodplain Systems,Riparian,Gulf and Atlantic Coastal Plain Floodplain Systems,FALSE,System,1473,9050,Atlantic Coastal Plain Small Blackwater River Floodplain Forest,Tree,Riparian,666,Eastern Floodplain Forests,SAF 92: Sweetgum-Willow Oak,Tree-dominated,Open tree canopy,Mixed evergreen-deciduous open tree canopy,no match,System,Gulf,one-to-many
14730,Gulf and Atlantic Coastal Plain Floodplain Systems,Riparian,Gulf and Atlantic Coastal Plain Floodplain Systems,FALSE,System,1473,9051,Atlantic Coastal Plain Small Brownwater River Floodplain Forest,Tree,Riparian,666,Eastern Floodplain Forests,SAF 92: Sweetgum-Willow Oak,Tree-dominated,Open tree canopy,Mixed evergreen-deciduous open tree canopy,no match,System,Gulf,one-to-many
14730,Gulf and Atlantic Coastal Plain Floodplain Systems,Riparian,Gulf and Atlantic Coastal Plain Floodplain Systems,FALSE,System,1473,9069,Central Texas Coastal Prairie River Floodplain Forest,Tree,Riparian,666,Eastern Floodplain Forests,SAF 92: Sweetgum-Willow Oak,Tree-dominated,Open tree canopy,Mixed evergreen-deciduous open tree canopy,no match,System,Gulf,one-to-many
14730,Gulf and Atlantic Coastal Plain Floodplain Systems,Riparian,Gulf and Atlantic Coastal Plain Floodplain Systems,FALSE,System,1473,9071,Columbia Bottomlands Forest and Woodland,Tree,Riparian,666,Eastern Floodplain Forests,SAF 92: Sweetgum-Willow Oak,Tree-dominated,Open tree canopy,Deciduous open tree canopy,no match,System,Gulf,one-to-many
14730,Gulf and Atlantic Coastal Plain Floodplain Systems,Riparian,Gulf and Atlantic Coastal Plain Floodplain Systems,FALSE,System,1473,9082,East Gulf Coastal Plain Large River Floodplain Forest,Tree,Riparian,666,Eastern Floodplain Forests,SAF 92: Sweetgum-Willow Oak,Tree-dominated,Open tree canopy,Mixed evergreen-deciduous open tree canopy,no match,System,Gulf,one-to-many
14730,Gulf and Atlantic Coastal Plain Floodplain Systems,Riparian,Gulf and Atlantic Coastal Plain Floodplain Systems,FALSE,System,1473,9139,Mississippi River High Floodplain (Bottomland) Forest,Tree,Riparian,666,Eastern Floodplain Forests,SAF 91: Swamp Chestnut Oak-Cherrybark Oak,Tree-dominated,Open tree canopy,Mixed evergreen-deciduous open tree canopy,no match,System,Gulf,one-to-many
14730,Gulf and Atlantic Coastal Plain Floodplain Systems,Riparian,Gulf and Atlantic Coastal Plain Floodplain Systems,FALSE,System,1473,9140,Mississippi River Low Floodplain (Bottomland) Forest,Tree,Riparian,666,Eastern Floodplain Forests,SAF 96: Overcup Oak-Water Hickory,Tree-dominated,Open tree canopy,Mixed evergreen-deciduous open tree canopy,no match,System,Gulf,one-to-many
14730,Gulf and Atlantic Coastal Plain Floodplain Systems,Riparian,Gulf and Atlantic Coastal Plain Floodplain Systems,FALSE,System,1473,9141,Mississippi River Riparian Forest,Tree,Riparian,666,Eastern Floodplain Forests,SAF 94: Sycamore-Sweet Gum-American Elm,Tree-dominated,Open tree canopy,Mixed evergreen-deciduous open tree canopy,no match,System,Gulf,one-to-many
14730,Gulf and Atlantic Coastal Plain Floodplain Systems,Riparian,Gulf and Atlantic Coastal Plain Floodplain Systems,FALSE,System,1473,9211,Red River Large Floodplain Forest,Tree,Riparian,666,Eastern Floodplain Forests,SAF 92: Sweetgum-Willow Oak,Tree-dominated,Open tree canopy,Mixed evergreen-deciduous open tree canopy,no match,System,Gulf,one-to-many
14730,Gulf and Atlantic Coastal Plain Floodplain Systems,Riparian,Gulf and Atlantic Coastal Plain Floodplain Systems,FALSE,System,1473,9242,Southern Atlantic Coastal Plain Large River Floodplain Forest,Tree,Riparian,666,Eastern Floodplain Forests,SAF 92: Sweetgum-Willow Oak,Tree-dominated,Open tree canopy,Mixed evergreen-deciduous open tree canopy,no match,System,Gulf,one-to-many
14730,Gulf and Atlantic Coastal Plain Floodplain Systems,Riparian,Gulf and Atlantic Coastal Plain Floodplain Systems,FALSE,System,1473,9247,Southern Coastal Plain Blackwater River Floodplain Forest,Tree,Riparian,666,Eastern Floodplain Forests,SAF 92: Sweetgum-Willow Oak,Tree-dominated,Open tree canopy,Mixed evergreen-deciduous open tree canopy,no match,System,Gulf,one-to-many
14730,Gulf and Atlantic Coastal Plain Floodplain Systems,Riparian,Gulf and Atlantic Coastal Plain Floodplain Systems,FALSE,System,1473,9282,West Gulf Coastal Plain Large River Floodplain Forest,Tree,Riparian,666,Eastern Floodplain Forests,SAF 92: Sweetgum-Willow Oak,Tree-dominated,Open tree canopy,Mixed evergreen-deciduous open tree canopy,no match,System,Gulf,one-to-many
14740,Gulf and Atlantic Coastal Plain Small Stream Riparian Systems,Riparian,Gulf and Atlantic Coastal Plain Small Stream Riparian Systems,FALSE,System,1474,9041,Atlantic Coastal Plain Blackwater Stream Floodplain Forest,Tree,Riparian,668,Eastern Small Stream Riparian Forests,SAF 92: Sweetgum-Willow Oak,Tree-dominated,Open tree canopy,Mixed evergreen-deciduous open tree canopy,no match,System,Gulf,one-to-many
14740,Gulf and Atlantic Coastal Plain Small Stream Riparian Systems,Riparian,Gulf and Atlantic Coastal Plain Small Stream Riparian Systems,FALSE,System,1474,9042,Atlantic Coastal Plain Brownwater Stream Floodplain Forest,Tree,Riparian,668,Eastern Small Stream Riparian Forests,SAF 92: Sweetgum-Willow Oak,Tree-dominated,Open tree canopy,Mixed evergreen-deciduous open tree canopy,no match,System,Gulf,one-to-many
14740,Gulf and Atlantic Coastal Plain Small Stream Riparian Systems,Riparian,Gulf and Atlantic Coastal Plain Small Stream Riparian Systems,FALSE,System,1474,9068,Central Texas Coastal Prairie Riparian Forest,Tree,Riparian,668,Eastern Small Stream Riparian Forests,SAF 92: Sweetgum-Willow Oak,Tree-dominated,Open tree canopy,Mixed evergreen-deciduous open tree canopy,no match,System,Gulf,one-to-many
14740,Gulf and Atlantic Coastal Plain Small Stream Riparian Systems,Riparian,Gulf and Atlantic Coastal Plain Small Stream Riparian Systems,FALSE,System,1474,9085,East Gulf Coastal Plain Small Stream and River Floodplain Forest,Tree,Riparian,668,Eastern Small Stream Riparian Forests,SAF 92: Sweetgum-Willow Oak,Tree-dominated,Open tree canopy,Mixed evergreen-deciduous open tree canopy,no match,System,Gulf,one-to-many
14740,Gulf and Atlantic Coastal Plain Small Stream Riparian Systems,Riparian,Gulf and Atlantic Coastal Plain Small Stream Riparian Systems,FALSE,System,1474,9195,Northern Atlantic Coastal Plain Riparian and Floodplain Forest,Tree,Riparian,668,Eastern Small Stream Riparian Forests,SAF 61: River Birch-Sycamore,Tree-dominated,Open tree canopy,Mixed evergreen-deciduous open tree canopy,no match,System,Gulf,one-to-many
14740,Gulf and Atlantic Coastal Plain Small Stream Riparian Systems,Riparian,Gulf and Atlantic Coastal Plain Small Stream Riparian Systems,FALSE,System,1474,9220,South Florida Pond-apple/Popash Slough,Tree,Riparian,668,Eastern Small Stream Riparian Forests,SAF 92: Sweetgum-Willow Oak,Tree-dominated,Open tree canopy,Mixed evergreen-deciduous open tree canopy,no match,System,Gulf,one-to-many
14740,Gulf and Atlantic Coastal Plain Small Stream Riparian Systems,Riparian,Gulf and Atlantic Coastal Plain Small Stream Riparian Systems,FALSE,System,1474,9722,South Florida Slough Gator Hole and Willow Head Woodland,Tree,Riparian,668,Eastern Small Stream Riparian Forests,SAF 92: Sweetgum-Willow Oak,Tree-dominated,Open tree canopy,Mixed evergreen-deciduous open tree canopy,no match,System,Gulf,one-to-many
14740,Gulf and Atlantic Coastal Plain Small Stream Riparian Systems,Riparian,Gulf and Atlantic Coastal Plain Small Stream Riparian Systems,FALSE,System,1474,9284,West Gulf Coastal Plain Small Stream and River Forest,Tree,Riparian,668,Eastern Small Stream Riparian Forests,SAF 92: Sweetgum-Willow Oak,Tree-dominated,Open tree canopy,Mixed evergreen-deciduous open tree canopy,no match,System,Gulf,one-to-many
14980,Gulf and Atlantic Coastal Plain Sparsely Vegetated Systems,Sparse,Gulf and Atlantic Coastal Plain Sparsely Vegetated Systems,FALSE,System,1498,NA,NA,NA,NA,NA,NA,NA,NA,NA,NA,NA,Sparse,Gulf,one-to-one
14800,Gulf and Atlantic Coastal Plain Swamp Systems,Riparian,Gulf and Atlantic Coastal Plain Swamp Systems,FALSE,System,1480,9080,East Gulf Coastal Plain Freshwater Tidal Wooded Swamp,Tree,Riparian,694,Atlantic Swamp Forests,LF 46: Atlantic Coastal Plain Swamp,Tree-dominated,Open tree canopy,Mixed evergreen-deciduous open tree canopy,no match,System,Gulf,one-to-many
14800,Gulf and Atlantic Coastal Plain Swamp Systems,Riparian,Gulf and Atlantic Coastal Plain Swamp Systems,FALSE,System,1480,9083,East Gulf Coastal Plain Northern Seepage Swamp,Tree,Riparian,694,Atlantic Swamp Forests,LF 46: Atlantic Coastal Plain Swamp,Tree-dominated,Open tree canopy,Mixed evergreen-deciduous open tree canopy,no match,System,Gulf,one-to-many
14800,Gulf and Atlantic Coastal Plain Swamp Systems,Riparian,Gulf and Atlantic Coastal Plain Swamp Systems,FALSE,System,1480,9138,Mississippi River Bottomland Depression,Tree,Riparian,694,Atlantic Swamp Forests,LF 46: Atlantic Coastal Plain Swamp,Tree-dominated,Open tree canopy,Mixed evergreen-deciduous open tree canopy,no match,System,Gulf,one-to-many
14800,Gulf and Atlantic Coastal Plain Swamp Systems,Riparian,Gulf and Atlantic Coastal Plain Swamp Systems,FALSE,System,1480,9187,Northern Atlantic Coastal Plain Basin Peat Swamp,Tree,Riparian,694,Atlantic Swamp Forests,SAF 97: Atlantic White Cedar,Tree-dominated,Open tree canopy,Mixed evergreen-deciduous open tree canopy,no match,System,Gulf,one-to-many
14800,Gulf and Atlantic Coastal Plain Swamp Systems,Riparian,Gulf and Atlantic Coastal Plain Swamp Systems,FALSE,System,1480,9188,Northern Atlantic Coastal Plain Basin Swamp and Wet Hardwood Forest,Tree,Riparian,694,Atlantic Swamp Forests,LF 46: Atlantic Coastal Plain Swamp,Tree-dominated,Open tree canopy,Mixed evergreen-deciduous open tree canopy,no match,System,Gulf,one-to-many
14800,Gulf and Atlantic Coastal Plain Swamp Systems,Riparian,Gulf and Atlantic Coastal Plain Swamp Systems,FALSE,System,1480,9198,Northern Atlantic Coastal Plain Tidal Swamp,Tree,Riparian,694,Atlantic Swamp Forests,LF 46: Atlantic Coastal Plain Swamp,Tree-dominated,Open tree canopy,Mixed evergreen-deciduous open tree canopy,no match,System,Gulf,one-to-many
14800,Gulf and Atlantic Coastal Plain Swamp Systems,Riparian,Gulf and Atlantic Coastal Plain Swamp Systems,FALSE,System,1480,9245,Southern Atlantic Coastal Plain Tidal Wooded Swamp,Tree,Riparian,694,Atlantic Swamp Forests,LF 46: Atlantic Coastal Plain Swamp,Tree-dominated,Open tree canopy,Mixed evergreen-deciduous open tree canopy,no match,System,Gulf,one-to-many
14800,Gulf and Atlantic Coastal Plain Swamp Systems,Riparian,Gulf and Atlantic Coastal Plain Swamp Systems,FALSE,System,1480,9248,Southern Coastal Plain Hydric Hammock,Tree,Riparian,694,Atlantic Swamp Forests,LF 46: Atlantic Coastal Plain Swamp,Tree-dominated,Open tree canopy,Mixed evergreen-deciduous open tree canopy,no match,System,Gulf,one-to-many
14800,Gulf and Atlantic Coastal Plain Swamp Systems,Riparian,Gulf and Atlantic Coastal Plain Swamp Systems,FALSE,System,1480,9249,Southern Coastal Plain Nonriverine Basin Swamp,Tree,Riparian,694,Atlantic Swamp Forests,LF 46: Atlantic Coastal Plain Swamp,Tree-dominated,Open tree canopy,Mixed evergreen-deciduous open tree canopy,no match,System,Gulf,one-to-many
14800,Gulf and Atlantic Coastal Plain Swamp Systems,Riparian,Gulf and Atlantic Coastal Plain Swamp Systems,FALSE,System,1480,9283,West Gulf Coastal Plain Near-Coast Large River Swamp,Tree,Riparian,694,Atlantic Swamp Forests,LF 47: Gulf Coastal Plain Swamp,Tree-dominated,Open tree canopy,Deciduous open tree canopy,no match,System,Gulf,one-to-many
14900,Gulf and Atlantic Coastal Plain Tidal Marsh Systems,Riparian,Gulf and Atlantic Coastal Plain Tidal Marsh Systems,FALSE,System,1490,9604,Gulf Coast Chenier Plain Fresh and Oligohaline Tidal Marsh Shrubland,Shrub,Riparian,653,Atlantic Coastal Marsh,SRM 807: Gulf Coast Fresh Marsh,Shrub-dominated,Shrubland,Mixed evergreen-deciduous shrubland,no match,System,Gulf,one-to-many
14900,Gulf and Atlantic Coastal Plain Tidal Marsh Systems,Riparian,Gulf and Atlantic Coastal Plain Tidal Marsh Systems,FALSE,System,1490,9605,Gulf Coast Chenier Plain Salt and Brackish Tidal Marsh Shrubland,Shrub,Riparian,653,Atlantic Coastal Marsh,SRM 806: Gulf Coast Salt Marsh,Shrub-dominated,Shrubland,Mixed evergreen-deciduous shrubland,no match,System,Gulf,one-to-many
14900,Gulf and Atlantic Coastal Plain Tidal Marsh Systems,Riparian,Gulf and Atlantic Coastal Plain Tidal Marsh Systems,FALSE,System,1490,9774,Texas Coast Fresh and Oligohaline Tidal Marsh Shrubland,Shrub,Riparian,653,Atlantic Coastal Marsh,SRM 807: Gulf Coast Fresh Marsh,Shrub-dominated,Shrubland,Mixed evergreen-deciduous shrubland,no match,System,Gulf,one-to-many
14900,Gulf and Atlantic Coastal Plain Tidal Marsh Systems,Riparian,Gulf and Atlantic Coastal Plain Tidal Marsh Systems,FALSE,System,1490,9775,Texas Coast Salt and Brackish Tidal Marsh Shrubland,Shrub,Riparian,653,Atlantic Coastal Marsh,SRM 806: Gulf Coast Salt Marsh,Shrub-dominated,Shrubland,Mixed evergreen-deciduous shrubland,no match,System,Gulf,one-to-many
18240,Hawai'i Alpine Dwarf-Shrubland,Shrubland,Hawai'i Alpine Dwarf-Shrubland,FALSE,Not System,1824,7824,Hawai'i Alpine Dwarf-Shrubland,Shrub,Shrubland,794,Hawai'i Mesic Shrubland,LF 76: Hawai'i Mesic Shrubland,Shrub-dominated,Dwarf Shrubland,Evergreen dwarf-shrubland,match,match,Hawai'i,one-to-one
18060,Hawai'i Bog,Grassland,Hawai'i Bog,FALSE,Not System,1806,7806,Hawai'i Bog,Herb,Grassland,675,Inland Marshes and Prairies,LF 78: Hawai'i Mesic Grassland,Herbaceous / Nonvascular-dominated,Herbaceous - grassland,Perennial graminoid,match,match,Hawai'i,one-to-one
18250,Hawai'i Dry Cliff,Shrubland,Hawai'i Dry Cliff,FALSE,Not System,1825,NA,NA,NA,NA,NA,NA,NA,NA,NA,NA,NA,no match,Hawai'i,one-to-one
18260,Hawai'i Dry Coastal Strand,Shrubland,Hawai'i Dry Coastal Strand,FALSE,Not System,1826,7826,Hawai'i Dry Coastal Strand Shrubland,Shrub,Shrubland,794,Hawai'i Mesic Shrubland,LF 76: Hawai'i Mesic Shrubland,Shrub-dominated,Dwarf Shrubland,Evergreen dwarf-shrubland,no match,match,Hawai'i,one-to-one
18040,Hawai'i Freshwater Marsh,Riparian,Hawai'i Freshwater Marsh,FALSE,Not System,1804,7804,Hawai'i Freshwater Marsh,Herb,Riparian,765,Freshwater Marsh,SRM 909: Freshwater Marsh,Herbaceous / Nonvascular-dominated,Herbaceous - grassland,Perennial graminoid,match,match,Hawai'i,one-to-one
18130,Hawai'i Lowland Dry Forest,Hardwood,Hawai'i Lowland Dry Forest,FALSE,Not System,1813,7813,Hawai'i Lowland Dry Forest,Tree,Hardwood,791,Hawai'i Dry Forest,LF 74: Hawai'i Dry Forest,Tree-dominated,Closed tree canopy,Evergreen closed tree canopy,match,match,Hawai'i,one-to-one
18190,Hawai'i Lowland Dry Grassland,Grassland,Hawai'i Lowland Dry Grassland,FALSE,Not System,1819,7819,Hawai'i Lowland Dry Grassland,Herb,Grassland,795,Hawai'i Dry Grassland,LF 79: Hawai'i Dry Grassland,Herbaceous / Nonvascular-dominated,Herbaceous - grassland,Perennial graminoid,match,match,Hawai'i,one-to-one
18170,Hawai'i Lowland Dry Shrubland,Shrubland,Hawai'i Lowland Dry Shrubland,FALSE,Not System,1817,7817,Hawai'i Lowland Dry Shrubland,Shrub,Shrubland,793,Hawai'i Dry Shrubland,LF 77: Hawai'i Dry Shrubland,Shrub-dominated,Shrubland,Evergreen shrubland,match,match,Hawai'i,one-to-one
18140,Hawai'i Lowland Mesic Forest,Hardwood,Hawai'i Lowland Mesic Forest,FALSE,Not System,1814,7814,Hawai'i Lowland Mesic Forest,Tree,Hardwood,792,Hawai'i Mesic Forest,LF 75: Hawai'i Mesic Forest,Tree-dominated,Closed tree canopy,Evergreen closed tree canopy,match,match,Hawai'i,one-to-one
18200,Hawai'i Lowland Mesic Grassland,Grassland,Hawai'i Lowland Mesic Grassland,FALSE,Not System,1820,7820,Hawai'i Lowland Mesic Grassland,Herb,Grassland,796,Hawai'i Mesic Grassland,LF 78: Hawai'i Mesic Grassland,Herbaceous / Nonvascular-dominated,Herbaceous - grassland,Perennial graminoid,match,match,Hawai'i,one-to-one
18180,Hawai'i Lowland Mesic Shrubland,Shrubland,Hawai'i Lowland Mesic Shrubland,FALSE,Not System,1818,7818,Hawai'i Lowland Mesic Shrubland,Shrub,Shrubland,794,Hawai'i Mesic Shrubland,LF 76: Hawai'i Mesic Shrubland,Shrub-dominated,Shrubland,Evergreen shrubland,match,match,Hawai'i,one-to-one
18080,Hawai'i Lowland Rainforest,Hardwood,Hawai'i Lowland Rainforest,FALSE,Not System,1808,7808,Hawai'i Lowland Rainforest,Tree,Hardwood,790,Hawai'i Rainforest,LF 73: Hawai'i Rainforest,Tree-dominated,Closed tree canopy,Evergreen closed tree canopy,match,match,Hawai'i,one-to-one
18090,Hawai'i Montane Cloud Forest,Hardwood,Hawai'i Montane Cloud Forest,FALSE,Not System,1809,7809,Hawai'i Montane Cloud Forest,Tree,Hardwood,790,Hawai'i Rainforest,LF 73: Hawai'i Rainforest,Tree-dominated,Closed tree canopy,Evergreen closed tree canopy,match,match,Hawai'i,one-to-one
18100,Hawai'i Montane Rainforest,Hardwood,Hawai'i Montane Rainforest,FALSE,Not System,1810,7810,Hawai'i Montane Rainforest,Tree,Hardwood,790,Hawai'i Rainforest,LF 73: Hawai'i Rainforest,Tree-dominated,Closed tree canopy,Evergreen closed tree canopy,match,match,Hawai'i,one-to-one
18151,Hawai'i Montane-Subalpine Dry Forest and Woodland-Lava,Hardwood,Hawai'i Montane-Subalpine Dry Forest and Woodland,TRUE,Not System,1815,7815,Hawai'i Montane-Subalpine Dry Forest and Woodland,Tree,Hardwood,791,Hawai'i Dry Forest,LF 74: Hawai'i Dry Forest,Tree-dominated,Open tree canopy,Evergreen open tree canopy,match,match,Hawai'i,one-to-one
18220,Hawai'i Montane-Subalpine Dry Grassland,Grassland,Hawai'i Montane-Subalpine Dry Grassland,FALSE,Not System,1822,7822,Hawai'i Montane-Subalpine Dry Grassland,Herb,Grassland,795,Hawai'i Dry Grassland,LF 79: Hawai'i Dry Grassland,Herbaceous / Nonvascular-dominated,Herbaceous - grassland,Perennial graminoid,match,match,Hawai'i,one-to-one
18210,Hawai'i Montane-Subalpine Dry Shrubland,Shrubland,Hawai'i Montane-Subalpine Dry Shrubland,FALSE,Not System,1821,7821,Hawai'i Montane-Subalpine Dry Shrubland,Shrub,Shrubland,793,Hawai'i Dry Shrubland,LF 77: Hawai'i Dry Shrubland,Shrub-dominated,Shrubland,Evergreen shrubland,match,match,Hawai'i,one-to-one
18160,Hawai'i Montane-Subalpine Mesic Forest,Hardwood,Hawai'i Montane-Subalpine Mesic Forest,FALSE,Not System,1816,7816,Hawai'i Montane-Subalpine Mesic Forest,Tree,Hardwood,792,Hawai'i Mesic Forest,LF 75: Hawai'i Mesic Forest,Tree-dominated,Closed tree canopy,Evergreen closed tree canopy,match,match,Hawai'i,one-to-one
18230,Hawai'i Montane-Subalpine Mesic Grassland,Grassland,Hawai'i Montane-Subalpine Mesic Grassland,FALSE,Not System,1823,7823,Hawai'i Montane-Subalpine Mesic Grassland,Herb,Grassland,796,Hawai'i Mesic Grassland,LF 78: Hawai'i Mesic Grassland,Herbaceous / Nonvascular-dominated,Herbaceous - grassland,Perennial graminoid,match,match,Hawai'i,one-to-one
18280,Hawai'i Subalpine Mesic Shrubland,Shrubland,Hawai'i Subalpine Mesic Shrubland,FALSE,Not System,1828,7828,Hawai'i Subalpine Mesic Shrubland,Shrub,Shrubland,794,Hawai'i Mesic Shrubland,LF 76: Hawai'i Mesic Shrubland,Shrub-dominated,Shrubland,Evergreen shrubland,match,match,Hawai'i,one-to-one
18110,Hawai'i Wet Cliff and Ridge Crest Shrubland,Shrubland,Hawai'i Wet Cliff and Ridge Crest Shrubland,FALSE,Not System,1811,7811,Hawai'i Wet Cliff and Ridge Crest Shrubland,Shrub,Shrubland,794,Hawai'i Mesic Shrubland,LF 76: Hawai'i Mesic Shrubland,Shrub-dominated,Shrubland,Evergreen shrubland,match,match,Hawai'i,one-to-one
18270,Hawai'i Wet-Mesic Coastal Strand,Shrubland,Hawai'i Wet-Mesic Coastal Strand,FALSE,Not System,1827,7827,Hawai'i Wet-Mesic Coastal Strand,Shrub,Shrubland,794,Hawai'i Mesic Shrubland,LF 76: Hawai'i Mesic Shrubland,Shrub-dominated,Shrubland,Evergreen shrubland,match,match,Hawai'i,one-to-one
10610,Inter-Mountain Basins Aspen-Mixed Conifer Forest and Woodland,Hardwood-Conifer,Inter-Mountain Basins Aspen-Mixed Conifer Forest and Woodland,FALSE,Not System,1061,7061,Inter-Mountain Basins Aspen-Mixed Conifer Forest and Woodland,Tree,Conifer-Hardwood,603,Aspen-Mixed Conifer Forest and Woodland,SAF 217: Aspen,Tree-dominated,Open tree canopy,Mixed evergreen-deciduous open tree canopy,match,match,Inter-Mountain,one-to-one
10611,Inter-Mountain Basins Aspen-Mixed Conifer Forest and Woodland-Low Elevation,Hardwood-Conifer,Inter-Mountain Basins Aspen-Mixed Conifer Forest and Woodland,TRUE,Not System,1061,7061,Inter-Mountain Basins Aspen-Mixed Conifer Forest and Woodland,Tree,Conifer-Hardwood,603,Aspen-Mixed Conifer Forest and Woodland,SAF 217: Aspen,Tree-dominated,Open tree canopy,Mixed evergreen-deciduous open tree canopy,match,match,Inter-Mountain,one-to-one
10612,Inter-Mountain Basins Aspen-Mixed Conifer Forest and Woodland-High Elevation,Hardwood-Conifer,Inter-Mountain Basins Aspen-Mixed Conifer Forest and Woodland,TRUE,Not System,1061,7061,Inter-Mountain Basins Aspen-Mixed Conifer Forest and Woodland,Tree,Conifer-Hardwood,603,Aspen-Mixed Conifer Forest and Woodland,SAF 217: Aspen,Tree-dominated,Open tree canopy,Mixed evergreen-deciduous open tree canopy,match,match,Inter-Mountain,one-to-one
10800,Inter-Mountain Basins Big Sagebrush Shrubland,Shrubland,Inter-Mountain Basins Big Sagebrush Shrubland,FALSE,Not System,1080,7080,Inter-Mountain Basins Big Sagebrush Shrubland,Shrub,Shrubland,604,Big Sagebrush Shrubland and Steppe,SRM 403: Wyoming Big Sagebrush,Shrub-dominated,Shrubland,Evergreen shrubland,match,match,Inter-Mountain,one-to-one
10801,Inter-Mountain Basins Big Sagebrush Shrubland-Basin Big Sagebrush,Shrubland,Inter-Mountain Basins Big Sagebrush Shrubland,TRUE,Not System,1080,7080,Inter-Mountain Basins Big Sagebrush Shrubland,Shrub,Shrubland,604,Big Sagebrush Shrubland and Steppe,SRM 403: Wyoming Big Sagebrush,Shrub-dominated,Shrubland,Evergreen shrubland,match,match,Inter-Mountain,one-to-one
10802,Inter-Mountain Basins Big Sagebrush Shrubland-Wyoming Big Sagebrush,Shrubland,Inter-Mountain Basins Big Sagebrush Shrubland,TRUE,Not System,1080,7080,Inter-Mountain Basins Big Sagebrush Shrubland,Shrub,Shrubland,604,Big Sagebrush Shrubland and Steppe,SRM 403: Wyoming Big Sagebrush,Shrub-dominated,Shrubland,Evergreen shrubland,match,match,Inter-Mountain,one-to-one
10803,Inter-Mountain Basins Big Sagebrush Shrubland-Semi-Desert,Shrubland,Inter-Mountain Basins Big Sagebrush Shrubland,TRUE,Not System,1080,7080,Inter-Mountain Basins Big Sagebrush Shrubland,Shrub,Shrubland,604,Big Sagebrush Shrubland and Steppe,SRM 403: Wyoming Big Sagebrush,Shrub-dominated,Shrubland,Evergreen shrubland,match,match,Inter-Mountain,one-to-one
10804,Inter-Mountain Basins Big Sagebrush Shrubland-Upland,Shrubland,Inter-Mountain Basins Big Sagebrush Shrubland,TRUE,Not System,1080,7080,Inter-Mountain Basins Big Sagebrush Shrubland,Shrub,Shrubland,604,Big Sagebrush Shrubland and Steppe,SRM 403: Wyoming Big Sagebrush,Shrub-dominated,Shrubland,Evergreen shrubland,match,match,Inter-Mountain,one-to-one
11250,Inter-Mountain Basins Big Sagebrush Steppe,Shrubland,Inter-Mountain Basins Big Sagebrush Steppe,FALSE,Not System,1125,7125,Inter-Mountain Basins Big Sagebrush Steppe,Shrub,Shrubland,604,Big Sagebrush Shrubland and Steppe,SRM 314: Big Sagebrush-Bluebunch Wheatgrass,Shrub-dominated,Shrubland,Mixed evergreen-deciduous shrubland,match,match,Inter-Mountain,one-to-one
10620,Inter-Mountain Basins Curl-leaf Mountain Mahogany Woodland and Shrubland,Shrubland,Inter-Mountain Basins Curl-leaf Mountain Mahogany Woodland and Shrubland,FALSE,Not System,1062,7062,Inter-Mountain Basins Curl-leaf Mountain Mahogany Woodland,Tree,Conifer,628,Mountain Mahogany Woodland and Shrubland,SRM 415: Curlleaf Mountain-Mahogany,Tree-dominated,Open tree canopy,Evergreen open tree canopy,no match,match,Inter-Mountain,one-to-one
11530,Inter-Mountain Basins Greasewood Flat,Shrubland,Inter-Mountain Basins Greasewood Flat,FALSE,Not System,1153,7153,Inter-Mountain Basins Greasewood Flat,Shrub,Shrubland,619,Greasewood Shrubland,SRM 501: Saltbush-Greasewood,Shrub-dominated,Shrubland,Evergreen shrubland,match,match,Inter-Mountain,one-to-one
11150,Inter-Mountain Basins Juniper Savanna,Conifer,Inter-Mountain Basins Juniper Savanna,FALSE,Not System,1115,7115,Inter-Mountain Basins Juniper Savanna,Tree,Conifer,620,Juniper Woodland and Savanna,SRM 412: Juniper-Pinyon Woodland,Tree-dominated,Sparse tree canopy,Evergreen sparse tree canopy,match,match,Inter-Mountain,one-to-one
10660,Inter-Mountain Basins Mat Saltbush Shrubland,Shrubland,Inter-Mountain Basins Mat Saltbush Shrubland,FALSE,Not System,1066,7066,Inter-Mountain Basins Mat Saltbush Shrubland,Shrub,Shrubland,636,Salt Desert Scrub,SRM 501: Saltbush-Greasewood,Shrub-dominated,Dwarf-shrubland,Evergreen dwarf-shrubland,match,match,Inter-Mountain,one-to-one
10810,Inter-Mountain Basins Mixed Salt Desert Scrub,Shrubland,Inter-Mountain Basins Mixed Salt Desert Scrub,FALSE,Not System,1081,7081,Inter-Mountain Basins Mixed Salt Desert Scrub,Shrub,Shrubland,636,Salt Desert Scrub,SRM 414: Salt Desert Shrub,Shrub-dominated,Shrubland,Evergreen shrubland,match,match,Inter-Mountain,one-to-one
11540,Inter-Mountain Basins Montane Riparian Systems,Riparian,Inter-Mountain Basins Montane Riparian Systems,FALSE,System,1154,9002,Columbia Basin Foothill Riparian Woodland,Tree,Riparian,635,Western Riparian Woodland and Shrubland,SAF 235: Cottonwood-Willow,Tree-dominated,Open tree canopy,Mixed evergreen-deciduous open tree canopy,no match,System,Inter-Mountain,one-to-many
11540,Inter-Mountain Basins Montane Riparian Systems,Riparian,Inter-Mountain Basins Montane Riparian Systems,FALSE,System,1154,9003,Great Basin Foothill and Lower Montane Riparian Woodland,Tree,Riparian,635,Western Riparian Woodland and Shrubland,SAF 235: Cottonwood-Willow,Tree-dominated,Open tree canopy,Mixed evergreen-deciduous open tree canopy,no match,System,Inter-Mountain,one-to-many
11261,Inter-Mountain Basins Montane Sagebrush Steppe-Mountain Big Sagebrush,Shrubland,Inter-Mountain Basins Montane Sagebrush Steppe,TRUE,Not System,1126,7126,Inter-Mountain Basins Montane Sagebrush Steppe,Shrub,Shrubland,604,Big Sagebrush Shrubland and Steppe,SRM 402: Mountain Big Sagebrush,Shrub-dominated,Shrubland,Mixed evergreen-deciduous shrubland,match,match,Inter-Mountain,one-to-one
11260,Inter-Mountain Basins Montane Sagebrush Steppe,Shrubland,Inter-Mountain Basins Montane Sagebrush Steppe,FALSE,Not System,1126,7126,Inter-Mountain Basins Montane Sagebrush Steppe,Shrub,Shrubland,604,Big Sagebrush Shrubland and Steppe,SRM 402: Mountain Big Sagebrush,Shrub-dominated,Shrubland,Mixed evergreen-deciduous shrubland,match,match,Inter-Mountain,one-to-one
11262,Inter-Mountain Basins Montane Sagebrush Steppe-Low Sagebrush,Shrubland,Inter-Mountain Basins Montane Sagebrush Steppe,TRUE,Not System,1126,7126,Inter-Mountain Basins Montane Sagebrush Steppe,Shrub,Shrubland,604,Big Sagebrush Shrubland and Steppe,SRM 402: Mountain Big Sagebrush,Shrub-dominated,Shrubland,Mixed evergreen-deciduous shrubland,match,match,Inter-Mountain,one-to-one
11350,Inter-Mountain Basins Semi-Desert Grassland,Grassland,Inter-Mountain Basins Semi-Desert Grassland,FALSE,Not System,1135,7135,Inter-Mountain Basins Semi-Desert Grassland,Herb,Grassland,617,Grassland,SRM 502: Grama-Galetta,Herbaceous / Nonvascular-dominated,Herbaceous - grassland,Perennial graminoid grassland,match,match,Inter-Mountain,one-to-one
11270,Inter-Mountain Basins Semi-Desert Shrub-Steppe,Shrubland,Inter-Mountain Basins Semi-Desert Shrub-Steppe,FALSE,Not System,1127,7127,Inter-Mountain Basins Semi-Desert Shrub-Steppe,Shrub,Shrubland,613,Desert Scrub,SRM 403: Wyoming Big Sagebrush,Shrub-dominated,Shrubland,Mixed evergreen-deciduous shrubland,match,match,Inter-Mountain,one-to-one
10010,Inter-Mountain Basins Sparsely Vegetated Systems,Sparse,Inter-Mountain Basins Sparsely Vegetated Systems,FALSE,System,1001,NA,NA,NA,NA,NA,NA,NA,NA,NA,NA,NA,Sparse,Inter-Mountain,one-to-one
10200,Inter-Mountain Basins Subalpine Limber-Bristlecone Pine Woodland,Conifer,Inter-Mountain Basins Subalpine Limber-Bristlecone Pine Woodland,FALSE,Not System,1020,7020,Inter-Mountain Basins Subalpine Limber-Bristlecone Pine Woodland,Tree,Conifer,621,Limber Pine Woodland,SAF 209: Bristlecone Pine,Tree-dominated,Open tree canopy,Evergreen open tree canopy,match,match,Inter-Mountain,one-to-one
10210,Klamath-Siskiyou Lower Montane Serpentine Mixed Conifer Woodland,Conifer,Klamath-Siskiyou Lower Montane Serpentine Mixed Conifer Woodland,FALSE,Not System,1021,7021,Klamath-Siskiyou Lower Montane Serpentine Mixed Conifer Woodland,Tree,Conifer,645,Western Red-cedar-Western Hemlock Forest,SAF 231: Port Orford-Cedar,Tree-dominated,Open tree canopy,Evergreen open tree canopy,match,match,Klamath-Siskiyou,one-to-one
10220,Klamath-Siskiyou Upper Montane Serpentine Mixed Conifer Woodland,Conifer,Klamath-Siskiyou Upper Montane Serpentine Mixed Conifer Woodland,FALSE,Not System,1022,7022,Klamath-Siskiyou Upper Montane Serpentine Mixed Conifer Woodland,Tree,Conifer,645,Western Red-cedar-Western Hemlock Forest,SAF 248: Knobcone Pine,Tree-dominated,Open tree canopy,Evergreen open tree canopy,match,match,Klamath-Siskiyou,one-to-one
11700,Klamath-Siskiyou Xeromorphic Serpentine Savanna and Chaparral,Conifer,Klamath-Siskiyou Xeromorphic Serpentine Savanna and Chaparral,FALSE,Not System,1170,7170,Klamath-Siskiyou Xeromorphic Serpentine Savanna,Tree,Conifer,607,Chaparral,SAF 248: Knobcone Pine,Tree-dominated,Sparse tree canopy,Evergreen sparse tree canopy,no match,match,Klamath-Siskiyou,one-to-one
14071,Laurentian Pine-Oak Barrens,Hardwood-Conifer,Laurentian Pine-Oak Barrens,TRUE,Not System,1407,7407,Laurentian Pine Barrens,Tree,Conifer,676,Jack Pine Forest,SAF 15: Red Pine,Tree-dominated,Sparse tree canopy,Evergreen sparse tree canopy,no match,match,Laurentian,one-to-one
14072,Laurentian Pine-Oak Barrens-Jack Pine,Conifer,Laurentian Pine-Oak Barrens,TRUE,Not System,1407,7407,Laurentian Pine Barrens,Tree,Conifer,676,Jack Pine Forest,SAF 15: Red Pine,Tree-dominated,Sparse tree canopy,Evergreen sparse tree canopy,no match,match,Laurentian,one-to-one
14810,Laurentian-Acadian Alkaline Conifer-Hardwood Swamp,Riparian,Laurentian-Acadian Alkaline Conifer-Hardwood Swamp,FALSE,Not System,1481,7481,Laurentian-Acadian Alkaline Conifer-Hardwood Swamp,Tree,Riparian,694,Atlantic Swamp Forests,SAF 39: Black Ash-American Elm-Red Maple,Tree-dominated,Closed tree canopy,Mixed evergreen-deciduous closed tree canopy,match,match,Laurentian-Acadian,one-to-one
14750,Laurentian-Acadian Floodplain Systems,Riparian,Laurentian-Acadian Floodplain Systems,FALSE,System,1475,9117,Laurentian-Acadian Floodplain Forest,Tree,Riparian,666,Eastern Floodplain Forests,SAF 39: Black Ash-American Elm-Red Maple,Tree-dominated,Open tree canopy,Mixed evergreen-deciduous open tree canopy,no match,System,Laurentian-Acadian,one-to-one
13022,Laurentian-Acadian Northern Hardwoods Forest-Hemlock,Hardwood,Laurentian-Acadian Northern Hardwoods Forest,TRUE,Not System,1302,7302,Laurentian-Acadian Northern Hardwoods Forest,Tree,Hardwood,682,Yellow Birch-Sugar Maple Forest,SAF 27: Sugar Maple,Tree-dominated,Closed tree canopy,Deciduous closed tree canopy,match,match,Laurentian-Acadian,one-to-one
13023,Laurentian-Acadian Northern Hardwoods Forest-Northern Sugar Maple-Basswood,Hardwood,Laurentian-Acadian Northern Hardwoods Forest,TRUE,Not System,1302,7302,Laurentian-Acadian Northern Hardwoods Forest,Tree,Hardwood,682,Yellow Birch-Sugar Maple Forest,SAF 27: Sugar Maple,Tree-dominated,Closed tree canopy,Deciduous closed tree canopy,match,match,Laurentian-Acadian,one-to-one
13020,Laurentian-Acadian Northern Hardwoods Forest,Hardwood,Laurentian-Acadian Northern Hardwoods Forest,FALSE,Not System,1302,7302,Laurentian-Acadian Northern Hardwoods Forest,Tree,Hardwood,682,Yellow Birch-Sugar Maple Forest,SAF 27: Sugar Maple,Tree-dominated,Closed tree canopy,Deciduous closed tree canopy,match,match,Laurentian-Acadian,one-to-one
13620,Laurentian-Acadian Northern Pine(-Oak) Forest,Hardwood-Conifer,Laurentian-Acadian Northern Pine(-Oak) Forest,FALSE,Not System,1362,7362,Laurentian-Acadian Northern Pine Forest,Tree,Conifer,665,Red Pine-White Pine Forest and Woodland,SAF 15: Red Pine,Tree-dominated,Closed tree canopy,Evergreen closed tree canopy,no match,match,Laurentian-Acadian,one-to-one
13622,Laurentian-Acadian Northern Pine(-Oak) Forest-Pine Dominated,Hardwood-Conifer,Laurentian-Acadian Northern Pine(-Oak) Forest,TRUE,Not System,1362,7362,Laurentian-Acadian Northern Pine Forest,Tree,Conifer,665,Red Pine-White Pine Forest and Woodland,SAF 15: Red Pine,Tree-dominated,Closed tree canopy,Evergreen closed tree canopy,no match,match,Laurentian-Acadian,one-to-one
13660,Laurentian-Acadian Pine-Hemlock-Hardwood Forest,Hardwood-Conifer,Laurentian-Acadian Pine-Hemlock-Hardwood Forest,FALSE,Not System,1366,7366,Laurentian-Acadian Pine-Hemlock Forest,Tree,Conifer,685,Pine-Hemlock-Hardwood Forest,SAF 24: Hemlock-Yellow Birch,Tree-dominated,Closed tree canopy,Evergreen closed tree canopy,no match,match,Laurentian-Acadian,one-to-one
14940,Laurentian-Acadian Shrub-Herbaceous Wetland Systems,Riparian,Laurentian-Acadian Shrub-Herbaceous Wetland Systems,FALSE,System,1494,9057,Boreal-Laurentian-Acadian Acidic Basin Fen,Shrub,Riparian,675,Inland Marshes and Prairies,LF 44: Laurentian-Acadian Herbaceous Wetland,Shrub-dominated,Shrubland,Mixed evergreen-deciduous shrubland,no match,System,Laurentian-Acadian,one-to-many
14940,Laurentian-Acadian Shrub-Herbaceous Wetland Systems,Riparian,Laurentian-Acadian Shrub-Herbaceous Wetland Systems,FALSE,System,1494,9114,Laurentian-Acadian Alkaline Fen,Shrub,Riparian,675,Inland Marshes and Prairies,LF 44: Laurentian-Acadian Herbaceous Wetland,Shrub-dominated,Shrubland,Mixed evergreen-deciduous shrubland,no match,System,Laurentian-Acadian,one-to-many
14940,Laurentian-Acadian Shrub-Herbaceous Wetland Systems,Riparian,Laurentian-Acadian Shrub-Herbaceous Wetland Systems,FALSE,System,1494,9620,Laurentian-Acadian Shrub Swamp,Shrub,Riparian,675,Inland Marshes and Prairies,LF 44: Laurentian-Acadian Herbaceous Wetland,Shrub-dominated,Shrubland,Mixed evergreen-deciduous shrubland,no match,System,Laurentian-Acadian,one-to-many
15260,Laurentian-Acadian Swamp Systems,Riparian,Laurentian-Acadian Swamp Systems,FALSE,System,1526,9039,Acadian-Appalachian Conifer Seepage Forest,Tree,Riparian,694,Atlantic Swamp Forests,SAF 33: Red Spruce-Balsam Fir,Tree-dominated,Open tree canopy,Evergreen open tree canopy,no match,System,Laurentian-Acadian,one-to-many
15260,Laurentian-Acadian Swamp Systems,Riparian,Laurentian-Acadian Swamp Systems,FALSE,System,1526,9185,Northern Appalachian-Acadian Conifer-Hardwood Acidic Swamp,Tree,Riparian,694,Atlantic Swamp Forests,SAF 33: Red Spruce-Balsam Fir,Tree-dominated,Open tree canopy,Mixed evergreen-deciduous open tree canopy,no match,System,Laurentian-Acadian,one-to-many
14100,Llano Uplift Acidic Forest-Woodland-Glade,Hardwood,Llano Uplift Acidic Forest-Woodland-Glade,FALSE,Not System,1410,7410,Llano Uplift Acidic Forest and Woodland,Tree,Conifer-Hardwood,670,Glades and Barrens,SRM 733: Juniper-Oak,Tree-dominated,Open tree canopy,Mixed evergreen-deciduous open tree canopy,no match,match,Llano,one-to-one
14320,Lower Mississippi Alluvial Plain Grand Prairie,Grassland,Lower Mississippi Alluvial Plain Grand Prairie,FALSE,Not System,1432,NA,NA,NA,NA,NA,NA,NA,NA,NA,NA,NA,no match,Lower,one-to-one
13810,Lower Mississippi River Dune Woodland and Forest,Hardwood,Lower Mississippi River Dune Woodland and Forest,FALSE,Not System,1381,7381,Lower Mississippi River Dune Woodland and Forest,Tree,Hardwood,662,Post Oak Woodland and Savanna,SAF 40: Post Oak-Blackjack Oak,Tree-dominated,Open tree canopy,Deciduous open tree canopy,match,match,Lower,one-to-one
15130,Lower Mississippi River Flatwoods,Hardwood,Lower Mississippi River Flatwoods,FALSE,Not System,1513,7513,Lower Mississippi River Flatwoods,Tree,Riparian,684,Pine Flatwoods,SAF 92: Sweetgum-Willow Oak,Tree-dominated,Open tree canopy,Deciduous open tree canopy,match,match,Lower,one-to-one
10230,Madrean Encinal,Conifer,Madrean Encinal,FALSE,Not System,1023,7023,Madrean Encinal,Tree,Conifer-Hardwood,696,Juniper-Oak,SAF 241: Western Live Oak,Tree-dominated,Open tree canopy,Evergreen open tree canopy,match,match,Madrean,one-to-one
11160,Madrean Juniper Savanna,Conifer,Madrean Juniper Savanna,FALSE,Not System,1116,7116,Madrean Juniper Savanna,Tree,Conifer,620,Juniper Woodland and Savanna,SRM 735: Sideoats Grama-Sumac-Juniper,Tree-dominated,Sparse tree canopy,Evergreen sparse tree canopy,match,match,Madrean,one-to-one
10240,Madrean Lower Montane Pine-Oak Forest and Woodland,Conifer,Madrean Lower Montane Pine-Oak Forest and Woodland,FALSE,Not System,1024,7024,Madrean Lower Montane Pine-Oak Forest and Woodland,Tree,Conifer-Hardwood,610,Conifer-Oak Forest and Woodland,SAF 241: Western Live Oak,Tree-dominated,Open tree canopy,Evergreen open tree canopy,match,match,Madrean,one-to-one
11010,Madrean Oriental Chaparral,Shrubland,Madrean Oriental Chaparral,FALSE,Not System,1101,7101,Madrean Oriental Chaparral,Shrub,Shrubland,607,Chaparral,SRM 735: Sideoats Grama-Sumac-Juniper,Shrub-dominated,Shrubland,Evergreen shrubland,match,match,Madrean,one-to-one
10250,Madrean Pinyon-Juniper Woodland,Conifer,Madrean Pinyon-Juniper Woodland,FALSE,Not System,1025,7025,Madrean Pinyon-Juniper Woodland,Tree,Conifer,630,Pinyon-Juniper Woodland,SRM 504: Juniper-Pinyon Pine Woodland,Tree-dominated,Open tree canopy,Evergreen open tree canopy,match,match,Madrean,one-to-one
10260,Madrean Upper Montane Conifer-Oak Forest and Woodland,Conifer,Madrean Upper Montane Conifer-Oak Forest and Woodland,FALSE,Not System,1026,7026,Madrean Upper Montane Conifer-Oak Forest and Woodland,Tree,Conifer-Hardwood,610,Conifer-Oak Forest and Woodland,SAF 241: Western Live Oak,Tree-dominated,Open tree canopy,Evergreen open tree canopy,match,match,Madrean,one-to-one
11360,Mediterranean California Alpine Dry Tundra,Grassland,Mediterranean California Alpine Dry Tundra,FALSE,Not System,1136,7136,Mediterranean California Alpine Dry Tundra,Herb,Grassland,616,Dry Tundra,SRM 213: Alpine Grassland,Herbaceous / Nonvascular-dominated,Herbaceous - grassland,Perennial graminoid grassland,match,match,Mediterranean,one-to-one
10670,Mediterranean California Alpine Fell-Field,Shrubland,Mediterranean California Alpine Fell-Field,FALSE,Not System,1067,7067,Mediterranean California Alpine Fell-Field,Shrub,Shrubland,601,"Alpine Dwarf-Shrubland, Fell-field and Meadow",SRM 213: Alpine Grassland,Shrub-dominated,Dwarf-shrubland,Mixed evergreen-deciduous dwarf-shrubland,match,match,Mediterranean,one-to-one
10270,Mediterranean California Dry-Mesic Mixed Conifer Forest and Woodland,Conifer,Mediterranean California Dry-Mesic Mixed Conifer Forest and Woodland,FALSE,Not System,1027,7027,Mediterranean California Dry-Mesic Mixed Conifer Forest and Woodland,Tree,Conifer,625,Douglas-fir-Ponderosa Pine-Lodgepole Pine Forest and Woodland,SAF 243: Sierra Nevada Mixed Conifer,Tree-dominated,Open tree canopy,Evergreen open tree canopy,match,match,Mediterranean,one-to-one
10300,Mediterranean California Lower Montane Black Oak-Conifer Forest and Woodland,Conifer,Mediterranean California Lower Montane Black Oak-Conifer Forest and Woodland,FALSE,Not System,1030,7030,Mediterranean California Lower Montane Conifer Forest and Woodland,Tree,Conifer,610,Conifer-Oak Forest and Woodland,SAF 246: California Black Oak,Tree-dominated,Open tree canopy,Evergreen open tree canopy,no match,match,Mediterranean,one-to-one
10280,Mediterranean California Mesic Mixed Conifer Forest and Woodland,Conifer,Mediterranean California Mesic Mixed Conifer Forest and Woodland,FALSE,Not System,1028,7028,Mediterranean California Mesic Mixed Conifer Forest and Woodland,Tree,Conifer,643,Douglas-fir-Grand Fir-White Fir Forest and Woodland,SAF 211: White Fir,Tree-dominated,Closed tree canopy,Evergreen closed tree canopy,match,match,Mediterranean,one-to-one
10340,Mediterranean California Mesic Serpentine Woodland and Chaparral,Shrubland,Mediterranean California Mesic Serpentine Woodland and Chaparral,FALSE,Not System,1034,7034,Mediterranean California Mesic Serpentine Woodland,Tree,Conifer,607,Chaparral,SAF 248: Knobcone Pine,Tree-dominated,Open tree canopy,Evergreen open tree canopy,no match,match,Mediterranean,one-to-one
10431,Mediterranean California Mixed Evergreen Forest-Interior,Conifer,Mediterranean California Mixed Evergreen Forest,TRUE,Not System,1043,7043,Mediterranean California Mixed Evergreen Forest,Tree,Conifer,626,California Mixed Evergreen Forest and Woodland,SAF 234: Douglas-Fir-Tanoak-Pacific Madrone,Tree-dominated,Closed tree canopy,Evergreen closed tree canopy,match,match,Mediterranean,one-to-one
10430,Mediterranean California Mixed Evergreen Forest,Conifer,Mediterranean California Mixed Evergreen Forest,FALSE,Not System,1043,7043,Mediterranean California Mixed Evergreen Forest,Tree,Conifer,626,California Mixed Evergreen Forest and Woodland,SAF 234: Douglas-Fir-Tanoak-Pacific Madrone,Tree-dominated,Closed tree canopy,Evergreen closed tree canopy,match,match,Mediterranean,one-to-one
10432,Mediterranean California Mixed Evergreen Forest-Coastal,Conifer,Mediterranean California Mixed Evergreen Forest,TRUE,Not System,1043,7043,Mediterranean California Mixed Evergreen Forest,Tree,Conifer,626,California Mixed Evergreen Forest and Woodland,SAF 234: Douglas-Fir-Tanoak-Pacific Madrone,Tree-dominated,Closed tree canopy,Evergreen closed tree canopy,match,match,Mediterranean,one-to-one
10290,Mediterranean California Mixed Oak Woodland,Hardwood,Mediterranean California Mixed Oak Woodland,FALSE,Not System,1029,7029,Mediterranean California Mixed Oak Woodland,Tree,Hardwood,629,Western Oak Woodland and Savanna,SAF 246: California Black Oak,Tree-dominated,Open tree canopy,Mixed evergreen-deciduous open tree canopy,match,match,Mediterranean,one-to-one
10320,Mediterranean California Red Fir Forest,Conifer,Mediterranean California Red Fir Forest,FALSE,Not System,1032,7032,Mediterranean California Red Fir Forest,Tree,Conifer,633,Red Fir Forest and Woodland,SAF 207: Red Fir,Tree-dominated,Open tree canopy,Evergreen open tree canopy,match,match,Mediterranean,one-to-one
10321,Mediterranean California Red Fir Forest-Cascades,Conifer,Mediterranean California Red Fir Forest,TRUE,Not System,1032,7032,Mediterranean California Red Fir Forest,Tree,Conifer,633,Red Fir Forest and Woodland,SAF 207: Red Fir,Tree-dominated,Open tree canopy,Evergreen open tree canopy,match,match,Mediterranean,one-to-one
10322,Mediterranean California Red Fir Forest-Southern Sierra,Conifer,Mediterranean California Red Fir Forest,TRUE,Not System,1032,7032,Mediterranean California Red Fir Forest,Tree,Conifer,633,Red Fir Forest and Woodland,SAF 207: Red Fir,Tree-dominated,Open tree canopy,Evergreen open tree canopy,match,match,Mediterranean,one-to-one
10020,Mediterranean California Sparsely Vegetated Systems,Sparse,Mediterranean California Sparsely Vegetated Systems,FALSE,System,1002,NA,NA,NA,NA,NA,NA,NA,NA,NA,NA,NA,Sparse,Mediterranean,one-to-one
11370,Mediterranean California Subalpine Meadow,Grassland,Mediterranean California Subalpine Meadow,FALSE,Not System,1137,7137,Mediterranean California Subalpine Meadow,Herb,Grassland,601,"Alpine Dwarf-Shrubland, Fell-field and Meadow",SRM 216: Montane Meadows,Herbaceous / Nonvascular-dominated,Herbaceous - grassland,Perennial graminoid grassland,match,match,Mediterranean,one-to-one
10330,Mediterranean California Subalpine Woodland,Conifer,Mediterranean California Subalpine Woodland,FALSE,Not System,1033,7033,Mediterranean California Subalpine Woodland,Tree,Conifer,640,Subalpine Woodland and Parkland,SAF 256: California Mixed Subalpine,Tree-dominated,Open tree canopy,Evergreen open tree canopy,match,match,Mediterranean,one-to-one
11660,Middle Rocky Mountain Montane Douglas-fir Forest and Woodland,Conifer,Middle Rocky Mountain Montane Douglas-fir Forest and Woodland,FALSE,Not System,1166,7166,Middle Rocky Mountain Montane Douglas-fir Forest and Woodland,Tree,Conifer,614,Douglas-fir Forest and Woodland,SAF 210: Interior Douglas-Fir,Tree-dominated,Closed tree canopy,Evergreen closed tree canopy,match,match,Middle,one-to-one
11662,Middle Rocky Mountain Montane Douglas-fir Forest and Woodland-Fire-maintained Savanna,Conifer,Middle Rocky Mountain Montane Douglas-fir Forest and Woodland,TRUE,Not System,1166,7166,Middle Rocky Mountain Montane Douglas-fir Forest and Woodland,Tree,Conifer,614,Douglas-fir Forest and Woodland,SAF 210: Interior Douglas-Fir,Tree-dominated,Closed tree canopy,Evergreen closed tree canopy,match,match,Middle,one-to-one
1,Missing,Missing,Missing,FALSE,Not System,1,NA,NA,NA,NA,NA,NA,NA,NA,NA,NA,NA,Missing,Missing,one-to-one
13840,Mississippi Delta Maritime Forest,Hardwood-Conifer,Mississippi Delta Maritime Forest,FALSE,Not System,1384,7384,Mississippi Delta Maritime Forest,Tree,Hardwood,679,Maritime Forest,SAF 89: Live Oak,Tree-dominated,Closed tree canopy,Mixed evergreen-deciduous closed tree canopy,match,match,Mississippi,one-to-one
15090,Mississippi River Alluvial Plain Dry-Mesic Loess Slope Forest,Hardwood,Mississippi River Alluvial Plain Dry-Mesic Loess Slope Forest,FALSE,Not System,1509,7509,Mississippi River Alluvial Plain Dry-Mesic Loess Slope Forest,Tree,Hardwood,667,White Oak-Beech Forest and Woodland,SAF 53: White Oak,Tree-dominated,Closed tree canopy,Deciduous closed tree canopy,match,match,Mississippi,one-to-one
11040,Mogollon Chaparral,Shrubland,Mogollon Chaparral,FALSE,Not System,1104,7104,Mogollon Chaparral,Shrub,Shrubland,607,Chaparral,SRM 503: Arizona Chaparral,Shrub-dominated,Shrubland,Evergreen shrubland,match,match,Mogollon,one-to-one
10820,Mojave Mid-Elevation Mixed Desert Scrub,Shrubland,Mojave Mid-Elevation Mixed Desert Scrub,FALSE,Not System,1082,7082,Mojave Mid-Elevation Mixed Desert Scrub,Shrub,Shrubland,613,Desert Scrub,SRM 212: Blackbush,Shrub-dominated,Shrubland,Mixed evergreen-deciduous shrubland,match,match,Mojave,one-to-one
13970,Nashville Basin Limestone Glade and Woodland,Savanna,Nashville Basin Limestone Glade and Woodland,FALSE,Not System,1397,7397,Nashville Basin Limestone Glade and Woodland,Tree,Conifer-Hardwood,670,Glades and Barrens,LF 55: Appalachian Grass and Shrub Balds,Tree-dominated,Sparse tree canopy,Mixed evergreen-deciduous sparse tree canopy,match,match,Nashville,one-to-one
11550,North American Warm Desert Riparian Systems,Riparian,North American Warm Desert Riparian Systems,FALSE,System,1155,9035,North American Warm Desert Lower Montane Riparian Woodland,Tree,Riparian,635,Western Riparian Woodland and Shrubland,SRM 203: Riparian Woodland,Tree-dominated,Open tree canopy,Deciduous open tree canopy,no match,System,North,one-to-many
11552,North American Warm Desert Riparian Systems-Stringers,Riparian,North American Warm Desert Riparian Systems,TRUE,System,1155,9035,North American Warm Desert Lower Montane Riparian Woodland,Tree,Riparian,635,Western Riparian Woodland and Shrubland,SRM 203: Riparian Woodland,Tree-dominated,Open tree canopy,Deciduous open tree canopy,no match,System,North,one-to-many
11550,North American Warm Desert Riparian Systems,Riparian,North American Warm Desert Riparian Systems,FALSE,System,1155,9152,North American Warm Desert Riparian Mesquite Bosque Woodland,Tree,Riparian,635,Western Riparian Woodland and Shrubland,SRM 203: Riparian Woodland,Tree-dominated,Open tree canopy,Deciduous open tree canopy,no match,System,North,one-to-many
11552,North American Warm Desert Riparian Systems-Stringers,Riparian,North American Warm Desert Riparian Systems,TRUE,System,1155,9152,North American Warm Desert Riparian Mesquite Bosque Woodland,Tree,Riparian,635,Western Riparian Woodland and Shrubland,SRM 203: Riparian Woodland,Tree-dominated,Open tree canopy,Deciduous open tree canopy,no match,System,North,one-to-many
11550,North American Warm Desert Riparian Systems,Riparian,North American Warm Desert Riparian Systems,FALSE,System,1155,9034,North American Warm Desert Riparian Woodland,Tree,Riparian,635,Western Riparian Woodland and Shrubland,SRM 203: Riparian Woodland,Tree-dominated,Open tree canopy,Deciduous open tree canopy,no match,System,North,one-to-many
11552,North American Warm Desert Riparian Systems-Stringers,Riparian,North American Warm Desert Riparian Systems,TRUE,System,1155,9034,North American Warm Desert Riparian Woodland,Tree,Riparian,635,Western Riparian Woodland and Shrubland,SRM 203: Riparian Woodland,Tree-dominated,Open tree canopy,Deciduous open tree canopy,no match,System,North,one-to-many
11550,North American Warm Desert Riparian Systems,Riparian,North American Warm Desert Riparian Systems,FALSE,System,1155,9154,North American Warm Desert Wash Woodland,Tree,Riparian,635,Western Riparian Woodland and Shrubland,SRM 203: Riparian Woodland,Tree-dominated,Open tree canopy,Deciduous open tree canopy,no match,System,North,one-to-many
11552,North American Warm Desert Riparian Systems-Stringers,Riparian,North American Warm Desert Riparian Systems,TRUE,System,1155,9154,North American Warm Desert Wash Woodland,Tree,Riparian,635,Western Riparian Woodland and Shrubland,SRM 203: Riparian Woodland,Tree-dominated,Open tree canopy,Deciduous open tree canopy,no match,System,North,one-to-many
10040,North American Warm Desert Sparsely Vegetated Systems,Sparse,North American Warm Desert Sparsely Vegetated Systems,FALSE,System,1004,NA,NA,NA,NA,NA,NA,NA,NA,NA,NA,NA,Sparse,North,one-to-one
11710,North Pacific Alpine and Subalpine Dry Grassland,Grassland,North Pacific Alpine and Subalpine Dry Grassland,FALSE,Not System,1171,7171,North Pacific Alpine and Subalpine Dry Grassland,Herb,Grassland,617,Grassland,SRM 103: Green Fescue,Herbaceous / Nonvascular-dominated,Herbaceous - grassland,Perennial graminoid grassland,match,match,North,one-to-one
10830,North Pacific Avalanche Chute Shrubland,Shrubland,North Pacific Avalanche Chute Shrubland,FALSE,Not System,1083,7083,North Pacific Avalanche Chute Shrubland,Shrub,Shrubland,612,Deciduous Shrubland,LF 41: Deciduous Shrubland,Shrub-dominated,Shrubland,Mixed evergreen-deciduous shrubland,match,match,North,one-to-one
10630,North Pacific Broadleaf Landslide Forest and Shrubland,Hardwood,North Pacific Broadleaf Landslide Forest and Shrubland,FALSE,Not System,1063,7063,North Pacific Broadleaf Landslide Forest,Tree,Hardwood,632,Red Alder Forest and Woodland,SAF 221: Red Alder,Tree-dominated,Closed tree canopy,Deciduous closed tree canopy,no match,match,North,one-to-one
10680,North Pacific Dry and Mesic Alpine Dwarf-Shrubland or Fell-field or Meadow,Shrubland,North Pacific Dry and Mesic Alpine Dwarf-Shrubland or Fell-field or Meadow,FALSE,Not System,1068,7068,North Pacific Dry and Mesic Alpine Dwarf-Shrubland,Shrub,Shrubland,601,"Alpine Dwarf-Shrubland, Fell-field and Meadow",SRM 108: Alpine Idaho Fescue,Shrub-dominated,Dwarf-shrubland,Mixed evergreen-deciduous dwarf-shrubland,no match,match,North,one-to-one
10350,North Pacific Dry Douglas-fir(-Madrone) Forest and Woodland,Conifer,North Pacific Dry Douglas-fir(-Madrone) Forest and Woodland,FALSE,Not System,1035,7035,North Pacific Dry Douglas-fir-(Madrone) Forest and Woodland,Tree,Conifer,614,Douglas-fir Forest and Woodland,SAF 229: Pacific Douglas-Fir,Tree-dominated,Closed tree canopy,Evergreen closed tree canopy,no match,match,North,one-to-one
11740,North Pacific Dry-Mesic Silver Fir-Western Hemlock-Douglas-fir Forest,Conifer,North Pacific Dry-Mesic Silver Fir-Western Hemlock-Douglas-fir Forest,FALSE,Not System,1174,7174,North Pacific Dry-Mesic Silver Fir-Western Hemlock-Douglas-fir Forest,Tree,Conifer,642,Western Hemlock-Silver Fir Forest,SAF 226: Coastal True Fir-Hemlock,Tree-dominated,Closed tree canopy,Evergreen closed tree canopy,match,match,North,one-to-one
10360,North Pacific Hypermaritime Sitka Spruce Forest,Conifer,North Pacific Hypermaritime Sitka Spruce Forest,FALSE,Not System,1036,7036,North Pacific Seasonal Sitka Spruce Forest,Tree,Conifer,638,Sitka Spruce Forest,SAF 223: Sitka Spruce,Tree-dominated,Closed tree canopy,Evergreen closed tree canopy,no match,match,North,one-to-one
11780,North Pacific Hypermaritime Western Red-cedar-Western Hemlock Forest,Conifer,North Pacific Hypermaritime Western Red-cedar-Western Hemlock Forest,FALSE,Not System,1178,7178,North Pacific Hypermaritime Western Red-cedar-Western Hemlock Forest,Tree,Conifer,645,Western Red-cedar-Western Hemlock Forest,SAF 227: Western Redcedar-Western Hemlock,Tree-dominated,Closed tree canopy,Evergreen closed tree canopy,match,match,North,one-to-one
11560,North Pacific Lowland Riparian Forest and Shrubland,Riparian,North Pacific Lowland Riparian Forest and Shrubland,FALSE,Not System,1156,7156,North Pacific Lowland Riparian Forest,Tree,Riparian,632,Red Alder Forest and Woodland,SAF 222: Black Cottonwood-Willow,Tree-dominated,Open tree canopy,Mixed evergreen-deciduous open tree canopy,no match,match,North,one-to-one
10370,North Pacific Maritime Dry-Mesic Douglas-fir-Western Hemlock Forest,Conifer,North Pacific Maritime Dry-Mesic Douglas-fir-Western Hemlock Forest,FALSE,Not System,1037,7037,North Pacific Maritime Dry-Mesic Douglas-fir-Western Hemlock Forest,Tree,Conifer,615,Douglas-fir-Western Hemlock Forest and Woodland,SAF 230: Douglas-Fir-Western Hemlock,Tree-dominated,Closed tree canopy,Evergreen closed tree canopy,match,match,North,one-to-one
10380,North Pacific Maritime Mesic Subalpine Parkland,Conifer,North Pacific Maritime Mesic Subalpine Parkland,FALSE,Not System,1038,7038,North Pacific Maritime Mesic Subalpine Parkland,Tree,Conifer,627,Mountain Hemlock Forest and Woodland,SAF 205: Mountain Hemlock,Tree-dominated,Open tree canopy,Evergreen open tree canopy,match,match,North,one-to-one
10390,North Pacific Maritime Mesic-Wet Douglas-fir-Western Hemlock Forest,Conifer,North Pacific Maritime Mesic-Wet Douglas-fir-Western Hemlock Forest,FALSE,Not System,1039,7039,North Pacific Maritime Mesic-Wet Douglas-fir-Western Hemlock Forest,Tree,Conifer,615,Douglas-fir-Western Hemlock Forest and Woodland,SAF 230: Douglas-Fir-Western Hemlock,Tree-dominated,Closed tree canopy,Evergreen closed tree canopy,match,match,North,one-to-one
10420,North Pacific Mesic Western Hemlock-Silver Fir Forest,Conifer,North Pacific Mesic Western Hemlock-Silver Fir Forest,FALSE,Not System,1042,7042,North Pacific Mesic Western Hemlock-Silver Fir Forest,Tree,Conifer,642,Western Hemlock-Silver Fir Forest,SAF 226: Coastal True Fir-Hemlock,Tree-dominated,Closed tree canopy,Evergreen closed tree canopy,match,match,North,one-to-one
11380,North Pacific Montane Grassland,Grassland,North Pacific Montane Grassland,FALSE,Not System,1138,7138,North Pacific Montane Grassland,Herb,Grassland,617,Grassland,SRM 102: Idaho Fescue,Herbaceous / Nonvascular-dominated,Herbaceous - grassland,Perennial graminoid grassland,match,match,North,one-to-one
11581,North Pacific Montane Riparian Woodland and Shrubland-Wet,Riparian,North Pacific Montane Riparian Woodland and Shrubland,TRUE,Not System,1158,7158,North Pacific Montane Riparian Woodland,Tree,Riparian,635,Western Riparian Woodland and Shrubland,SAF 222: Black Cottonwood-Willow,Tree-dominated,Open tree canopy,Mixed evergreen-deciduous open tree canopy,no match,match,North,one-to-one
11582,North Pacific Montane Riparian Woodland and Shrubland-Dry,Riparian,North Pacific Montane Riparian Woodland and Shrubland,TRUE,Not System,1158,7158,North Pacific Montane Riparian Woodland,Tree,Riparian,635,Western Riparian Woodland and Shrubland,SAF 222: Black Cottonwood-Willow,Tree-dominated,Open tree canopy,Mixed evergreen-deciduous open tree canopy,no match,match,North,one-to-one
10840,North Pacific Montane Shrubland,Shrubland,North Pacific Montane Shrubland,FALSE,Not System,1084,7084,North Pacific Montane Shrubland,Shrub,Shrubland,612,Deciduous Shrubland,LF 41: Deciduous Shrubland,Shrub-dominated,Shrubland,Mixed evergreen-deciduous shrubland,match,match,North,one-to-one
10411,North Pacific Mountain Hemlock Forest-Wet,Conifer,North Pacific Mountain Hemlock Forest,TRUE,Not System,1041,7041,North Pacific Mountain Hemlock Forest,Tree,Conifer,627,Mountain Hemlock Forest and Woodland,SAF 205: Mountain Hemlock,Tree-dominated,Closed tree canopy,Evergreen closed tree canopy,match,match,North,one-to-one
10412,North Pacific Mountain Hemlock Forest-Xeric,Conifer,North Pacific Mountain Hemlock Forest,TRUE,Not System,1041,7041,North Pacific Mountain Hemlock Forest,Tree,Conifer,627,Mountain Hemlock Forest and Woodland,SAF 205: Mountain Hemlock,Tree-dominated,Closed tree canopy,Evergreen closed tree canopy,match,match,North,one-to-one
10080,North Pacific Oak Woodland,Hardwood,North Pacific Oak Woodland,FALSE,Not System,1008,7008,North Pacific Oak Woodland,Tree,Hardwood,629,Western Oak Woodland and Savanna,SAF 233: Oregon White Oak,Tree-dominated,Open tree canopy,Deciduous open tree canopy,match,match,North,one-to-one
10030,North Pacific Sparsely Vegetated Systems,Sparse,North Pacific Sparsely Vegetated Systems,FALSE,System,1003,NA,NA,NA,NA,NA,NA,NA,NA,NA,NA,NA,Sparse,North,one-to-one
11570,North Pacific Swamp Systems,Riparian,North Pacific Swamp Systems,FALSE,System,1157,9165,North Pacific Hardwood-Conifer Swamp,Tree,Riparian,645,Western Red-cedar-Western Hemlock Forest,SAF 222: Black Cottonwood-Willow,Tree-dominated,Open tree canopy,Mixed evergreen-deciduous open tree canopy,no match,System,North,one-to-one
11730,North Pacific Wooded Volcanic Flowage,Conifer,North Pacific Wooded Volcanic Flowage,FALSE,Not System,1173,7173,North Pacific Wooded Volcanic Flowage,Tree,Conifer,625,Douglas-fir-Ponderosa Pine-Lodgepole Pine Forest and Woodland,SAF 218: Lodgepole Pine,Tree-dominated,Open tree canopy,Evergreen open tree canopy,match,match,North,one-to-one
13130,North-Central Interior Beech-Maple Forest,Hardwood,North-Central Interior Beech-Maple Forest,FALSE,Not System,1313,7313,North-Central Interior Beech-Maple Forest,Tree,Hardwood,655,Beech-Maple-Basswood Forest,SAF 25: Sugar Maple-Beech-Yellow Birch,Tree-dominated,Closed tree canopy,Deciduous closed tree canopy,match,match,North-Central,one-to-one
13110,North-Central Interior Dry Oak Forest and Woodland,Hardwood,North-Central Interior Dry Oak Forest and Woodland,FALSE,Not System,1311,7311,North-Central Interior Dry Oak Forest and Woodland,Tree,Hardwood,663,Black Oak Woodland and Savanna,SAF 110: Black Oak,Tree-dominated,Open tree canopy,Deciduous open tree canopy,match,match,North-Central,one-to-one
13100,North-Central Interior Dry-Mesic Oak Forest and Woodland,Hardwood,North-Central Interior Dry-Mesic Oak Forest and Woodland,FALSE,Not System,1310,7310,North-Central Interior Dry-Mesic Oak Forest and Woodland,Tree,Hardwood,660,White Oak-Red Oak-Hickory Forest and Woodland,SAF 52: White Oak-Black Oak-Northern Red Oak,Tree-dominated,Closed tree canopy,Deciduous closed tree canopy,match,match,North-Central,one-to-one
13140,North-Central Interior Maple-Basswood Forest,Hardwood,North-Central Interior Maple-Basswood Forest,FALSE,Not System,1314,7314,North-Central Interior Maple-Basswood Forest,Tree,Hardwood,655,Beech-Maple-Basswood Forest,SAF 26: Sugar Maple-Basswood,Tree-dominated,Closed tree canopy,Deciduous closed tree canopy,match,match,North-Central,one-to-one
13940,North-Central Interior Oak Savanna,Hardwood,North-Central Interior Oak Savanna,FALSE,Not System,1394,7394,North-Central Interior Oak Savanna,Tree,Hardwood,659,Bur Oak Woodland and Savanna,SAF 42: Bur Oak,Tree-dominated,Sparse tree canopy,Deciduous sparse tree canopy,match,match,North-Central,one-to-one
14120,North-Central Interior Sand and Gravel Tallgrass Prairie,Grassland,North-Central Interior Sand and Gravel Tallgrass Prairie,FALSE,Not System,1412,7412,North-Central Interior Sand and Gravel Tallgrass Prairie,Herb,Grassland,649,Tallgrass Prairie,SRM 601: Bluestem Prairie,Herbaceous / Nonvascular-dominated,Herbaceous - grassland,Perennial graminoid grassland,match,match,North-Central,one-to-one
15180,North-Central Interior Wet Flatwoods,Hardwood,North-Central Interior Wet Flatwoods,FALSE,Not System,1518,7518,North-Central Interior Wet Flatwoods,Tree,Riparian,673,Hardwood Flatwoods,SAF 65: Pin Oak-Sweetgum,Tree-dominated,Open tree canopy,Deciduous open tree canopy,match,match,North-Central,one-to-one
13950,North-Central Oak Barrens,Hardwood,North-Central Oak Barrens,FALSE,Not System,1395,7395,North-Central Oak Barrens Woodland,Tree,Hardwood,663,Black Oak Woodland and Savanna,SAF 14: Northern Pin Oak,Tree-dominated,Sparse tree canopy,Deciduous sparse tree canopy,no match,match,North-Central,one-to-one
13030,Northeastern Interior Dry-Mesic Oak Forest,Hardwood,Northeastern Interior Dry-Mesic Oak Forest,FALSE,Not System,1303,7303,Northeastern Interior Dry-Mesic Oak Forest,Tree,Hardwood,660,White Oak-Red Oak-Hickory Forest and Woodland,SAF 52: White Oak-Black Oak-Northern Red Oak,Tree-dominated,Closed tree canopy,Deciduous closed tree canopy,match,match,Northeastern,one-to-one
13540,Northeastern Interior Pine Barrens,Conifer,Northeastern Interior Pine Barrens,FALSE,Not System,1354,7354,Northeastern Interior Pine Barrens,Tree,Conifer,686,Pitch Pine Woodlands,SAF 45: Pitch Pine,Tree-dominated,Open tree canopy,Evergreen open tree canopy,match,match,Northeastern,one-to-one
11050,Northern and Central California Dry-Mesic Chaparral,Shrubland,Northern and Central California Dry-Mesic Chaparral,FALSE,Not System,1105,7105,Northern and Central California Dry-Mesic Chaparral,Shrub,Shrubland,607,Chaparral,SRM 206: Chamise Chaparral,Shrub-dominated,Shrubland,Evergreen shrubland,match,match,Northern,one-to-one
14360,Northern Atlantic Coastal Plain Dune and Swale,Grassland,Northern Atlantic Coastal Plain Dune and Swale,FALSE,Not System,1436,7436,Northern Atlantic Coastal Plain Dune and Swale Shrubland,Shrub,Shrubland,654,Atlantic Dunes and Grasslands,LF 57: Dunes and Maritime Grasslands,Shrub-dominated,Shrubland,Mixed evergreen-deciduous shrubland,no match,match,Northern,one-to-one
13240,Northern Atlantic Coastal Plain Hardwood Forest,Hardwood,Northern Atlantic Coastal Plain Hardwood Forest,FALSE,Not System,1324,7324,Northern Atlantic Coastal Plain Hardwood Forest,Tree,Hardwood,658,Coastal Plain Oak Forest,SAF 52: White Oak-Black Oak-Northern Red Oak,Tree-dominated,Closed tree canopy,Deciduous closed tree canopy,match,match,Northern,one-to-one
13790,Northern Atlantic Coastal Plain Maritime Forest,Hardwood-Conifer,Northern Atlantic Coastal Plain Maritime Forest,FALSE,Not System,1379,7379,Northern Atlantic Coastal Plain Maritime Forest,Tree,Hardwood,679,Maritime Forest,SAF 81: Loblolly Pine,Tree-dominated,Closed tree canopy,Evergreen closed tree canopy,match,match,Northern,one-to-one
13550,Northern Atlantic Coastal Plain Pitch Pine Barrens,Conifer,Northern Atlantic Coastal Plain Pitch Pine Barrens,FALSE,Not System,1355,7355,Northern Atlantic Coastal Plain Pitch Pine Barrens,Tree,Conifer,686,Pitch Pine Woodlands,SAF 45: Pitch Pine,Tree-dominated,Open tree canopy,Evergreen open tree canopy,match,match,Northern,one-to-one
11280,Northern California Coastal Scrub,Shrubland,Northern California Coastal Scrub,FALSE,Not System,1128,7128,Northern California Coastal Scrub,Shrub,Shrubland,609,Pacific Coastal Scrub,SRM 204: Northern Coastal Shrub,Shrub-dominated,Shrubland,Mixed evergreen-deciduous shrubland,match,match,Northern,one-to-one
10440,Northern California Mesic Subalpine Woodland,Conifer,Northern California Mesic Subalpine Woodland,FALSE,Not System,1044,7044,Northern California Mesic Subalpine Woodland,Tree,Conifer,627,Mountain Hemlock Forest and Woodland,SAF 205: Mountain Hemlock,Tree-dominated,Open tree canopy,Evergreen open tree canopy,match,match,Northern,one-to-one
15100,Northern Crowley`s Ridge Sand Forest,Hardwood-Conifer,Northern Crowley`s Ridge Sand Forest,FALSE,Not System,1510,7510,Crowley's Ridge Sand Forest,Tree,Conifer-Hardwood,690,Shortleaf Pine-Oak Forest and Woodland,SAF 76: Shortleaf Pine-Oak,Tree-dominated,Open tree canopy,Mixed evergreen-deciduous open tree canopy,no match,match,Northern,one-to-one
11610,Northern Rocky Mountain Conifer Swamp,Conifer,Northern Rocky Mountain Conifer Swamp,FALSE,Not System,1161,7161,Northern Rocky Mountain Conifer Swamp,Tree,Riparian,639,Spruce-Fir Forest and Woodland,SAF 227: Western Redcedar-Western Hemlock,Tree-dominated,Open tree canopy,Evergreen open tree canopy,match,match,Northern,one-to-one
10451,Northern Rocky Mountain Dry-Mesic Montane Mixed Conifer Forest-Ponderosa Pine-Douglas-fir,Conifer,Northern Rocky Mountain Dry-Mesic Montane Mixed Conifer Forest,TRUE,Not System,1045,7045,Northern Rocky Mountain Dry-Mesic Montane Mixed Conifer Forest,Tree,Conifer,625,Douglas-fir-Ponderosa Pine-Lodgepole Pine Forest and Woodland,SAF 210: Interior Douglas-Fir,Tree-dominated,Closed tree canopy,Evergreen closed tree canopy,match,match,Northern,one-to-one
10452,Northern Rocky Mountain Dry-Mesic Montane Mixed Conifer Forest-Larch,Conifer,Northern Rocky Mountain Dry-Mesic Montane Mixed Conifer Forest,TRUE,Not System,1045,7045,Northern Rocky Mountain Dry-Mesic Montane Mixed Conifer Forest,Tree,Conifer,625,Douglas-fir-Ponderosa Pine-Lodgepole Pine Forest and Woodland,SAF 210: Interior Douglas-Fir,Tree-dominated,Closed tree canopy,Evergreen closed tree canopy,match,match,Northern,one-to-one
10453,Northern Rocky Mountain Dry-Mesic Montane Mixed Conifer Forest-Grand Fir,Conifer,Northern Rocky Mountain Dry-Mesic Montane Mixed Conifer Forest,TRUE,Not System,1045,7045,Northern Rocky Mountain Dry-Mesic Montane Mixed Conifer Forest,Tree,Conifer,625,Douglas-fir-Ponderosa Pine-Lodgepole Pine Forest and Woodland,SAF 210: Interior Douglas-Fir,Tree-dominated,Closed tree canopy,Evergreen closed tree canopy,match,match,Northern,one-to-one
10450,Northern Rocky Mountain Dry-Mesic Montane Mixed Conifer Forest,Conifer,Northern Rocky Mountain Dry-Mesic Montane Mixed Conifer Forest,FALSE,Not System,1045,7045,Northern Rocky Mountain Dry-Mesic Montane Mixed Conifer Forest,Tree,Conifer,625,Douglas-fir-Ponderosa Pine-Lodgepole Pine Forest and Woodland,SAF 210: Interior Douglas-Fir,Tree-dominated,Closed tree canopy,Evergreen closed tree canopy,match,match,Northern,one-to-one
10454,Northern Rocky Mountain Dry-Mesic Montane Mixed Conifer Forest-Lodgepole Pine,Conifer,Northern Rocky Mountain Dry-Mesic Montane Mixed Conifer Forest,TRUE,Not System,1045,7045,Northern Rocky Mountain Dry-Mesic Montane Mixed Conifer Forest,Tree,Conifer,625,Douglas-fir-Ponderosa Pine-Lodgepole Pine Forest and Woodland,SAF 210: Interior Douglas-Fir,Tree-dominated,Closed tree canopy,Evergreen closed tree canopy,match,match,Northern,one-to-one
11650,Northern Rocky Mountain Foothill Conifer Wooded Steppe,Conifer,Northern Rocky Mountain Foothill Conifer Wooded Steppe,FALSE,Not System,1165,7165,Northern Rocky Mountain Foothill Conifer Wooded Steppe,Tree,Conifer,614,Douglas-fir Forest and Woodland,SRM 109: Ponderosa Pine-Shrubland,Tree-dominated,Sparse tree canopy,Evergreen sparse tree canopy,match,match,Northern,one-to-one
11390,Northern Rocky Mountain Lower Montane-Foothill-Valley Grassland,Grassland,Northern Rocky Mountain Lower Montane-Foothill-Valley Grassland,FALSE,Not System,1139,7139,Northern Rocky Mountain Lower Montane-Foothill-Valley Grassland,Herb,Grassland,617,Grassland,SRM 311: Rough Fescue-Bluebunch Wheatgrass,Herbaceous / Nonvascular-dominated,Herbaceous - grassland,Perennial graminoid grassland,match,match,Northern,one-to-one
10470,Northern Rocky Mountain Mesic Montane Mixed Conifer Forest,Conifer,Northern Rocky Mountain Mesic Montane Mixed Conifer Forest,FALSE,Not System,1047,7047,Northern Rocky Mountain Mesic Montane Mixed Conifer Forest,Tree,Conifer,643,Douglas-fir-Grand Fir-White Fir Forest and Woodland,SAF 213: Grand Fir,Tree-dominated,Closed tree canopy,Evergreen closed tree canopy,match,match,Northern,one-to-one
10472,Northern Rocky Mountain Mesic Montane Mixed Conifer Forest-Cedar Groves,Conifer,Northern Rocky Mountain Mesic Montane Mixed Conifer Forest,TRUE,Not System,1047,7047,Northern Rocky Mountain Mesic Montane Mixed Conifer Forest,Tree,Conifer,643,Douglas-fir-Grand Fir-White Fir Forest and Woodland,SAF 213: Grand Fir,Tree-dominated,Closed tree canopy,Evergreen closed tree canopy,match,match,Northern,one-to-one
11060,Northern Rocky Mountain Montane-Foothill Deciduous Shrubland,Shrubland,Northern Rocky Mountain Montane-Foothill Deciduous Shrubland,FALSE,Not System,1106,7106,Northern Rocky Mountain Montane-Foothill Deciduous Shrubland,Shrub,Shrubland,612,Deciduous Shrubland,SRM 421: Chokecherry-Serviceberry-Rose,Shrub-dominated,Shrubland,Mixed evergreen-deciduous shrubland,match,match,Northern,one-to-one
10530,Northern Rocky Mountain Ponderosa Pine Woodland and Savanna,Conifer,Northern Rocky Mountain Ponderosa Pine Woodland and Savanna,FALSE,Not System,1053,7053,Northern Rocky Mountain Ponderosa Pine Woodland and Savanna,Tree,Conifer,631,"Ponderosa Pine Forest, Woodland and Savanna",SAF 237: Interior Ponderosa Pine,Tree-dominated,Open tree canopy,Evergreen open tree canopy,match,match,Northern,one-to-one
10531,Northern Rocky Mountain Ponderosa Pine Woodland and Savanna-Mesic,Conifer,Northern Rocky Mountain Ponderosa Pine Woodland and Savanna,TRUE,Not System,1053,7053,Northern Rocky Mountain Ponderosa Pine Woodland and Savanna,Tree,Conifer,631,"Ponderosa Pine Forest, Woodland and Savanna",SAF 237: Interior Ponderosa Pine,Tree-dominated,Open tree canopy,Evergreen open tree canopy,match,match,Northern,one-to-one
10532,Northern Rocky Mountain Ponderosa Pine Woodland and Savanna-Xeric,Conifer,Northern Rocky Mountain Ponderosa Pine Woodland and Savanna,TRUE,Not System,1053,7053,Northern Rocky Mountain Ponderosa Pine Woodland and Savanna,Tree,Conifer,631,"Ponderosa Pine Forest, Woodland and Savanna",SAF 237: Interior Ponderosa Pine,Tree-dominated,Open tree canopy,Evergreen open tree canopy,match,match,Northern,one-to-one
10460,Northern Rocky Mountain Subalpine Woodland and Parkland,Conifer,Northern Rocky Mountain Subalpine Woodland and Parkland,FALSE,Not System,1046,7046,Northern Rocky Mountain Subalpine Woodland and Parkland,Tree,Conifer,640,Subalpine Woodland and Parkland,SAF 208: Whitebark Pine,Tree-dominated,Open tree canopy,Evergreen open tree canopy,match,match,Northern,one-to-one
11400,Northern Rocky Mountain Subalpine-Upper Montane Grassland,Grassland,Northern Rocky Mountain Subalpine-Upper Montane Grassland,FALSE,Not System,1140,7140,Northern Rocky Mountain Subalpine-Upper Montane Grassland,Herb,Grassland,617,Grassland,SRM 312: Rough Fescue-Idaho Fescue,Herbaceous / Nonvascular-dominated,Herbaceous - grassland,Perennial graminoid grassland,match,match,Northern,one-to-one
14200,Northern Tallgrass Prairie,Grassland,Northern Tallgrass Prairie,FALSE,Not System,1420,7420,Northern Tallgrass Prairie,Herb,Grassland,649,Tallgrass Prairie,SRM 601: Bluestem Prairie,Herbaceous / Nonvascular-dominated,Herbaceous - grassland,Perennial graminoid grassland,match,match,Northern,one-to-one
10090,Northwestern Great Plains Aspen Forest and Parkland,Hardwood,Northwestern Great Plains Aspen Forest and Parkland,FALSE,Not System,1009,7009,Northwestern Great Plains Aspen Forest and Parkland,Tree,Hardwood,602,"Aspen Forest, Woodland, and Parkland",SAF 217: Aspen,Tree-dominated,Open tree canopy,Deciduous open tree canopy,match,match,Northwestern,one-to-one
13410,Northwestern Great Plains Canyon,Sparse,Northwestern Great Plains Canyon,FALSE,Not System,1341,NA,NA,NA,NA,NA,NA,NA,NA,NA,NA,NA,Sparse,Northwestern,one-to-one
10480,Northwestern Great Plains Highland White Spruce Woodland,Conifer,Northwestern Great Plains Highland White Spruce Woodland,FALSE,Not System,1048,7048,Northwestern Great Plains Highland White Spruce Woodland,Tree,Conifer,639,Spruce-Fir Forest and Woodland,SAF 201: White Spruce,Tree-dominated,Open tree canopy,Evergreen open tree canopy,match,match,Northwestern,one-to-one
11410,Northwestern Great Plains Mixedgrass Prairie,Grassland,Northwestern Great Plains Mixedgrass Prairie,FALSE,Not System,1141,7141,Northwestern Great Plains Mixedgrass Prairie,Herb,Grassland,646,Mixedgrass Prairie,SRM 606: Wheatgrass-Bluestem-Needlegrass,Herbaceous / Nonvascular-dominated,Herbaceous - grassland,Perennial graminoid grassland,match,match,Northwestern,one-to-one
10850,Northwestern Great Plains Shrubland,Shrubland,Northwestern Great Plains Shrubland,FALSE,Not System,1085,7085,Northwestern Great Plains Shrubland,Shrub,Shrubland,604,Big Sagebrush Shrubland and Steppe,SRM 612: Sagebrush-Grass,Shrub-dominated,Shrubland,Mixed evergreen-deciduous shrubland,match,match,Northwestern,one-to-one
11791,Northwestern Great Plains-Black Hills Ponderosa Pine Woodland and Savanna-Low Elevation Woodland,Conifer,Northwestern Great Plains-Black Hills Ponderosa Pine Woodland and Savanna,TRUE,Not System,1179,7179,Northwestern Great Plains-Black Hills Ponderosa Pine Woodland and Savanna,Tree,Conifer,631,"Ponderosa Pine Forest, Woodland and Savanna",SAF 237: Interior Ponderosa Pine,Tree-dominated,Open tree canopy,Evergreen open tree canopy,match,match,Northwestern,one-to-one
11792,Northwestern Great Plains-Black Hills Ponderosa Pine Woodland and Savanna-Savanna,Conifer,Northwestern Great Plains-Black Hills Ponderosa Pine Woodland and Savanna,TRUE,Not System,1179,7179,Northwestern Great Plains-Black Hills Ponderosa Pine Woodland and Savanna,Tree,Conifer,631,"Ponderosa Pine Forest, Woodland and Savanna",SAF 237: Interior Ponderosa Pine,Tree-dominated,Open tree canopy,Evergreen open tree canopy,match,match,Northwestern,one-to-one
11790,Northwestern Great Plains-Black Hills Ponderosa Pine Woodland and Savanna,Conifer,Northwestern Great Plains-Black Hills Ponderosa Pine Woodland and Savanna,FALSE,Not System,1179,7179,Northwestern Great Plains-Black Hills Ponderosa Pine Woodland and Savanna,Tree,Conifer,631,"Ponderosa Pine Forest, Woodland and Savanna",SAF 237: Interior Ponderosa Pine,Tree-dominated,Open tree canopy,Evergreen open tree canopy,match,match,Northwestern,one-to-one
13120,Ouachita Montane Oak Forest,Hardwood,Ouachita Montane Oak Forest,FALSE,Not System,1312,7312,Ouachita Montane Oak Forest,Tree,Hardwood,681,Montane Oak Forest,SAF 40: Post Oak-Blackjack Oak,Tree-dominated,Closed tree canopy,Deciduous closed tree canopy,match,match,Ouachita,one-to-one
13640,Ozark-Ouachita Dry Oak Woodland,Hardwood,Ozark-Ouachita Dry Oak Woodland,FALSE,Not System,1364,7364,Ozark-Ouachita Dry Oak Woodland,Tree,Hardwood,662,Post Oak Woodland and Savanna,SAF 40: Post Oak-Blackjack Oak,Tree-dominated,Open tree canopy,Deciduous open tree canopy,match,match,Ozark-Ouachita,one-to-one
13040,Ozark-Ouachita Dry-Mesic Oak Forest,Hardwood,Ozark-Ouachita Dry-Mesic Oak Forest,FALSE,Not System,1304,7304,Ozark-Ouachita Dry-Mesic Oak Forest,Tree,Hardwood,660,White Oak-Red Oak-Hickory Forest and Woodland,SAF 53: White Oak,Tree-dominated,Closed tree canopy,Deciduous closed tree canopy,match,match,Ozark-Ouachita,one-to-one
13340,Ozark-Ouachita Mesic Hardwood Forest,Hardwood,Ozark-Ouachita Mesic Hardwood Forest,FALSE,Not System,1334,7334,Ozark-Ouachita Mesic Hardwood Forest,Tree,Hardwood,655,Beech-Maple-Basswood Forest,SAF 52: White Oak-Black Oak-Northern Red Oak,Tree-dominated,Closed tree canopy,Deciduous closed tree canopy,match,match,Ozark-Ouachita,one-to-one
15070,Ozark-Ouachita Shortleaf Pine-Bluestem Woodland,Hardwood-Conifer,Ozark-Ouachita Shortleaf Pine-Bluestem Woodland,FALSE,Not System,1507,7507,Ozark-Ouachita Shortleaf Pine-Bluestem Woodland,Tree,Conifer,689,Shortleaf Pine Woodland,SAF 75: Shortleaf Pine,Tree-dominated,Open tree canopy,Evergreen open tree canopy,match,match,Ozark-Ouachita,one-to-one
13670,Ozark-Ouachita Shortleaf Pine-Oak Forest and Woodland,Conifer,Ozark-Ouachita Shortleaf Pine-Oak Forest and Woodland,FALSE,Not System,1367,7367,Ozark-Ouachita Shortleaf Pine Forest and Woodland,Tree,Conifer,690,Shortleaf Pine-Oak Forest and Woodland,SAF 76: Shortleaf Pine-Oak,Tree-dominated,Closed tree canopy,Evergreen closed tree canopy,no match,match,Ozark-Ouachita,one-to-one
11630,Pacific Coastal Marsh Systems,Riparian,Pacific Coastal Marsh Systems,FALSE,System,1163,NA,NA,NA,NA,NA,NA,NA,NA,NA,NA,NA,System,Pacific,one-to-one
15170,Paleozoic Plateau Bluff and Talus,Hardwood-Conifer,Paleozoic Plateau Bluff and Talus,FALSE,Not System,1517,7517,Paleozoic Plateau Bluff and Talus Woodland,Tree,Hardwood,663,Black Oak Woodland and Savanna,SAF 110: Black Oak,Tree-dominated,Open tree canopy,Deciduous open tree canopy,no match,match,Paleozoic,one-to-one
14180,Pennyroyal Karst Plain Prairie and Barrens,Grassland,Pennyroyal Karst Plain Prairie and Barrens,FALSE,Not System,1418,7418,Pennyroyal Karst Plain Prairie and Barrens,Herb,Grassland,688,Prairies and Barrens,LF 55: Appalachian Grass and Shrub Balds,Herbaceous / Nonvascular-dominated,Herbaceous - grassland,Perennial graminoid grassland,match,match,Pennyroyal,one-to-one
13420,Piedmont Hardpan Woodland and Forest,Hardwood,Piedmont Hardpan Woodland and Forest,FALSE,Not System,1342,7342,Piedmont Hardpan Woodland and Forest,Tree,Hardwood,662,Post Oak Woodland and Savanna,SAF 40: Post Oak-Blackjack Oak,Tree-dominated,Open tree canopy,Deciduous open tree canopy,match,match,Piedmont,one-to-one
10700,Rocky Mountain Alpine Dwarf-Shrubland,Shrubland,Rocky Mountain Alpine Dwarf-Shrubland,FALSE,Not System,1070,7070,Rocky Mountain Alpine Dwarf-Shrubland,Shrub,Shrubland,601,"Alpine Dwarf-Shrubland, Fell-field and Meadow",SRM 410: Alpine Rangeland,Shrub-dominated,Dwarf-shrubland,Evergreen dwarf-shrubland,match,match,Rocky,one-to-one
11430,Rocky Mountain Alpine Fell-Field,Grassland,Rocky Mountain Alpine Fell-Field,FALSE,Not System,1143,7143,Rocky Mountain Alpine Fell-Field,Herb,Grassland,601,"Alpine Dwarf-Shrubland, Fell-field and Meadow",SRM 410: Alpine Rangeland,Herbaceous / Nonvascular-dominated,Herbaceous - grassland,Perennial graminoid grassland,match,match,Rocky,one-to-one
11440,Rocky Mountain Alpine Turf,Grassland,Rocky Mountain Alpine Turf,FALSE,Not System,1144,7144,Rocky Mountain Alpine Turf,Herb,Grassland,616,Dry Tundra,SRM 410: Alpine Rangeland,Herbaceous / Nonvascular-dominated,Herbaceous - grassland,Perennial graminoid grassland,match,match,Rocky,one-to-one
10060,Rocky Mountain Alpine/Montane Sparsely Vegetated Systems,Sparse,Rocky Mountain Alpine/Montane Sparsely Vegetated Systems,FALSE,System,1006,NA,NA,NA,NA,NA,NA,NA,NA,NA,NA,NA,Sparse,Rocky,one-to-one
10110,Rocky Mountain Aspen Forest and Woodland,Hardwood,Rocky Mountain Aspen Forest and Woodland,FALSE,Not System,1011,7011,Rocky Mountain Aspen Forest and Woodland,Tree,Hardwood,602,"Aspen Forest, Woodland, and Parkland",SAF 217: Aspen,Tree-dominated,Open tree canopy,Deciduous open tree canopy,match,match,Rocky,one-to-one
10120,Rocky Mountain Bigtooth Maple Ravine Woodland,Hardwood,Rocky Mountain Bigtooth Maple Ravine Woodland,FALSE,Not System,1012,7012,Rocky Mountain Bigtooth Maple Ravine Woodland,Tree,Hardwood,605,Bigtooth Maple Woodland,SRM 418: Bigtooth Maple,Tree-dominated,Open tree canopy,Deciduous open tree canopy,match,match,Rocky,one-to-one
10490,Rocky Mountain Foothill Limber Pine-Juniper Woodland,Conifer,Rocky Mountain Foothill Limber Pine-Juniper Woodland,FALSE,Not System,1049,7049,Rocky Mountain Foothill Limber Pine-Juniper Woodland,Tree,Conifer,621,Limber Pine Woodland,SAF 219: Limber Pine,Tree-dominated,Open tree canopy,Evergreen open tree canopy,match,match,Rocky,one-to-one
11070,Rocky Mountain Gambel Oak-Mixed Montane Shrubland,Shrubland,Rocky Mountain Gambel Oak-Mixed Montane Shrubland,FALSE,Not System,1107,7107,Rocky Mountain Gambel Oak-Mixed Montane Shrubland,Shrub,Shrubland,612,Deciduous Shrubland,SRM 413: Gambel oak,Shrub-dominated,Shrubland,Mixed evergreen-deciduous shrubland,match,match,Rocky,one-to-one
11071,Rocky Mountain Gambel Oak-Mixed Montane Shrubland -Continuous,Shrubland,Rocky Mountain Gambel Oak-Mixed Montane Shrubland,TRUE,Not System,1107,7107,Rocky Mountain Gambel Oak-Mixed Montane Shrubland,Shrub,Shrubland,612,Deciduous Shrubland,SRM 413: Gambel oak,Shrub-dominated,Shrubland,Mixed evergreen-deciduous shrubland,match,match,Rocky,one-to-one
11072,Rocky Mountain Gambel Oak-Mixed Montane Shrubland-Patchy,Shrubland,Rocky Mountain Gambel Oak-Mixed Montane Shrubland,TRUE,Not System,1107,7107,Rocky Mountain Gambel Oak-Mixed Montane Shrubland,Shrub,Shrubland,612,Deciduous Shrubland,SRM 413: Gambel oak,Shrub-dominated,Shrubland,Mixed evergreen-deciduous shrubland,match,match,Rocky,one-to-one
10500,Rocky Mountain Lodgepole Pine Forest,Conifer,Rocky Mountain Lodgepole Pine Forest,FALSE,Not System,1050,7050,Rocky Mountain Lodgepole Pine Forest,Tree,Conifer,622,Lodgepole Pine Forest and Woodland,SAF 218: Lodgepole Pine,Tree-dominated,Closed tree canopy,Evergreen closed tree canopy,match,match,Rocky,one-to-one
10860,Rocky Mountain Lower Montane-Foothill Shrubland,Shrubland,Rocky Mountain Lower Montane-Foothill Shrubland,FALSE,Not System,1086,7086,Rocky Mountain Lower Montane-Foothill Shrubland,Shrub,Shrubland,612,Deciduous Shrubland,SRM 421: Chokecherry-Serviceberry-Rose,Shrub-dominated,Shrubland,Mixed evergreen-deciduous shrubland,match,match,Rocky,one-to-one
10861,Rocky Mountain Lower Montane-Foothill Shrubland-No True Mountain Mahogany,Shrubland,Rocky Mountain Lower Montane-Foothill Shrubland,TRUE,Not System,1086,7086,Rocky Mountain Lower Montane-Foothill Shrubland,Shrub,Shrubland,612,Deciduous Shrubland,SRM 421: Chokecherry-Serviceberry-Rose,Shrub-dominated,Shrubland,Mixed evergreen-deciduous shrubland,match,match,Rocky,one-to-one
10862,Rocky Mountain Lower Montane-Foothill Shrubland-True Mountain Mahogany,Shrubland,Rocky Mountain Lower Montane-Foothill Shrubland,TRUE,Not System,1086,7086,Rocky Mountain Lower Montane-Foothill Shrubland,Shrub,Shrubland,612,Deciduous Shrubland,SRM 421: Chokecherry-Serviceberry-Rose,Shrub-dominated,Shrubland,Mixed evergreen-deciduous shrubland,match,match,Rocky,one-to-one
11590,Rocky Mountain Montane Riparian Systems,Riparian,Rocky Mountain Montane Riparian Systems,FALSE,System,1159,9012,Northern Rocky Mountain Lower Montane Riparian Woodland,Tree,Riparian,635,Western Riparian Woodland and Shrubland,SAF 235: Cottonwood-Willow,Tree-dominated,Open tree canopy,Mixed evergreen-deciduous open tree canopy,no match,System,Rocky,one-to-many
11590,Rocky Mountain Montane Riparian Systems,Riparian,Rocky Mountain Montane Riparian Systems,FALSE,System,1159,9019,Rocky Mountain Lower Montane-Foothill Riparian Woodland,Tree,Riparian,635,Western Riparian Woodland and Shrubland,SAF 235: Cottonwood-Willow,Tree-dominated,Open tree canopy,Mixed evergreen-deciduous open tree canopy,no match,System,Rocky,one-to-many
11670,Rocky Mountain Poor-Site Lodgepole Pine Forest,Conifer,Rocky Mountain Poor-Site Lodgepole Pine Forest,FALSE,Not System,1167,7167,Rocky Mountain Poor-Site Lodgepole Pine Forest,Tree,Conifer,622,Lodgepole Pine Forest and Woodland,SAF 218: Lodgepole Pine,Tree-dominated,Closed tree canopy,Evergreen closed tree canopy,match,match,Rocky,one-to-one
10550,Rocky Mountain Subalpine Dry-Mesic Spruce-Fir Forest and Woodland,Conifer,Rocky Mountain Subalpine Dry-Mesic Spruce-Fir Forest and Woodland,FALSE,Not System,1055,7055,Rocky Mountain Subalpine Dry-Mesic Spruce-Fir Forest and Woodland,Tree,Conifer,639,Spruce-Fir Forest and Woodland,SAF 206: Engelmann Spruce-Subalpine Fir,Tree-dominated,Closed tree canopy,Evergreen closed tree canopy,match,match,Rocky,one-to-one
10560,Rocky Mountain Subalpine Mesic-Wet Spruce-Fir Forest and Woodland,Conifer,Rocky Mountain Subalpine Mesic-Wet Spruce-Fir Forest and Woodland,FALSE,Not System,1056,7056,Rocky Mountain Subalpine Mesic-Wet Spruce-Fir Forest and Woodland,Tree,Conifer,639,Spruce-Fir Forest and Woodland,SAF 206: Engelmann Spruce-Subalpine Fir,Tree-dominated,Closed tree canopy,Evergreen closed tree canopy,match,match,Rocky,one-to-one
11600,Rocky Mountain Subalpine/Upper Montane Riparian Systems,Riparian,Rocky Mountain Subalpine/Upper Montane Riparian Systems,FALSE,System,1160,9022,Rocky Mountain Subalpine-Montane Riparian Woodland,Tree,Riparian,635,Western Riparian Woodland and Shrubland,SRM 422: Riparian,Tree-dominated,Open tree canopy,Mixed evergreen-deciduous open tree canopy,no match,System,Rocky,one-to-one
10570,Rocky Mountain Subalpine-Montane Limber-Bristlecone Pine Woodland,Conifer,Rocky Mountain Subalpine-Montane Limber-Bristlecone Pine Woodland,FALSE,Not System,1057,7057,Rocky Mountain Subalpine-Montane Limber-Bristlecone Pine Woodland,Tree,Conifer,621,Limber Pine Woodland,SAF 209: Bristlecone Pine,Tree-dominated,Open tree canopy,Evergreen open tree canopy,match,match,Rocky,one-to-one
11450,Rocky Mountain Subalpine-Montane Mesic Meadow,Grassland,Rocky Mountain Subalpine-Montane Mesic Meadow,FALSE,Not System,1145,7145,Rocky Mountain Subalpine-Montane Mesic Meadow,Herb,Grassland,601,"Alpine Dwarf-Shrubland, Fell-field and Meadow",SRM 409: Tall Forb,Herbaceous / Nonvascular-dominated,Herbaceous - grassland,Perennial graminoid grassland,match,match,Rocky,one-to-one
10710,Sierra Nevada Alpine Dwarf-Shrubland,Shrubland,Sierra Nevada Alpine Dwarf-Shrubland,FALSE,Not System,1071,7071,Sierra Nevada Alpine Dwarf-Shrubland,Shrub,Shrubland,601,"Alpine Dwarf-Shrubland, Fell-field and Meadow",SRM 213: Alpine Grassland,Shrub-dominated,Dwarf-shrubland,Evergreen dwarf-shrubland,match,match,Sierra,one-to-one
10581,Sierra Nevada Subalpine Lodgepole Pine Forest and Woodland-Wet,Conifer,Sierra Nevada Subalpine Lodgepole Pine Forest and Woodland,TRUE,Not System,1058,7058,Sierra Nevada Subalpine Lodgepole Pine Forest and Woodland,Tree,Conifer,622,Lodgepole Pine Forest and Woodland,SAF 218: Lodgepole Pine,Tree-dominated,Closed tree canopy,Evergreen closed tree canopy,match,match,Sierra,one-to-one
10582,Sierra Nevada Subalpine Lodgepole Pine Forest and Woodland-Dry,Conifer,Sierra Nevada Subalpine Lodgepole Pine Forest and Woodland,TRUE,Not System,1058,7058,Sierra Nevada Subalpine Lodgepole Pine Forest and Woodland,Tree,Conifer,622,Lodgepole Pine Forest and Woodland,SAF 218: Lodgepole Pine,Tree-dominated,Closed tree canopy,Evergreen closed tree canopy,match,match,Sierra,one-to-one
10580,Sierra Nevada Subalpine Lodgepole Pine Forest and Woodland,Conifer,Sierra Nevada Subalpine Lodgepole Pine Forest and Woodland,FALSE,Not System,1058,7058,Sierra Nevada Subalpine Lodgepole Pine Forest and Woodland,Tree,Conifer,622,Lodgepole Pine Forest and Woodland,SAF 218: Lodgepole Pine,Tree-dominated,Closed tree canopy,Evergreen closed tree canopy,match,match,Sierra,one-to-one
11720,Sierran-Intermontane Desert Western White Pine-White Fir Woodland,Conifer,Sierran-Intermontane Desert Western White Pine-White Fir Woodland,FALSE,Not System,1172,7172,Sierran-Intermontane Desert Western White Pine-White Fir Woodland,Tree,Conifer,643,Douglas-fir-Grand Fir-White Fir Forest and Woodland,SAF 211: White Fir,Tree-dominated,Open tree canopy,Evergreen open tree canopy,match,match,Sierran-Intermontane,one-to-one
10870,Sonora-Mojave Creosotebush-White Bursage Desert Scrub,Shrubland,Sonora-Mojave Creosotebush-White Bursage Desert Scrub,FALSE,Not System,1087,7087,Sonora-Mojave Creosotebush-White Bursage Desert Scrub,Shrub,Shrubland,611,Creosotebush Desert Scrub,SRM 506: Creosotebush-Bursage,Shrub-dominated,Shrubland,Mixed evergreen-deciduous shrubland,match,match,Sonora-Mojave,one-to-one
10880,Sonora-Mojave Mixed Salt Desert Scrub,Shrubland,Sonora-Mojave Mixed Salt Desert Scrub,FALSE,Not System,1088,7088,Sonora-Mojave Mixed Salt Desert Scrub,Shrub,Shrubland,636,Salt Desert Scrub,SRM 414: Salt Desert Shrub,Shrub-dominated,Shrubland,Evergreen shrubland,match,match,Sonora-Mojave,one-to-one
11080,Sonora-Mojave Semi-Desert Chaparral,Shrubland,Sonora-Mojave Semi-Desert Chaparral,FALSE,Not System,1108,7108,Sonora-Mojave Semi-Desert Chaparral,Shrub,Shrubland,607,Chaparral,SRM 503: Arizona Chaparral,Shrub-dominated,Shrubland,Evergreen shrubland,match,match,Sonora-Mojave,one-to-one
10900,Sonoran Granite Outcrop Desert Scrub,Shrubland,Sonoran Granite Outcrop Desert Scrub,FALSE,Not System,1090,7090,Sonoran Granite Outcrop Desert Scrub,Shrub,Shrubland,613,Desert Scrub,SRM 506: Creosotebush-Bursage,Shrub-dominated,Shrubland,Mixed evergreen-deciduous shrubland,match,match,Sonoran,one-to-one
10910,Sonoran Mid-Elevation Desert Scrub,Shrubland,Sonoran Mid-Elevation Desert Scrub,FALSE,Not System,1091,7091,Sonoran Mid-Elevation Desert Scrub,Shrub,Shrubland,613,Desert Scrub,SRM 506: Creosotebush-Bursage,Shrub-dominated,Shrubland,Mixed evergreen-deciduous shrubland,match,match,Sonoran,one-to-one
11090,Sonoran Paloverde-Mixed Cacti Desert Scrub,Shrubland,Sonoran Paloverde-Mixed Cacti Desert Scrub,FALSE,Not System,1109,7109,Sonoran Paloverde-Mixed Cacti Desert Scrub,Shrub,Shrubland,613,Desert Scrub,SRM 507: Palo Verde-Cactus,Shrub-dominated,Shrubland,Mixed evergreen-deciduous shrubland,match,match,Sonoran,one-to-one
14470,South Florida Cypress Dome,Riparian,South Florida Cypress Dome,FALSE,Not System,1447,7447,South Florida Cypress Dome,Tree,Riparian,657,Cypress,SAF 100: Pond Cypress,Tree-dominated,Open tree canopy,Deciduous open tree canopy,match,match,South,one-to-one
14450,South Florida Dwarf Cypress Savanna,Savanna,South Florida Dwarf Cypress Savanna,FALSE,Not System,1445,7445,South Florida Dwarf Cypress Savanna,Tree,Riparian,657,Cypress,SAF 100: Pond Cypress,Tree-dominated,Sparse tree canopy,Deciduous sparse tree canopy,match,match,South,one-to-one
14830,South Florida Everglades Sawgrass Marsh,Riparian,South Florida Everglades Sawgrass Marsh,FALSE,Not System,1483,7483,South Florida Everglades Sawgrass Marsh,Herb,Riparian,653,Atlantic Coastal Marsh,SRM 818: Florida Salt Marsh,Herbaceous / Nonvascular-dominated,Herbaceous - grassland,Perennial graminoid grassland,match,match,South,one-to-one
13330,South Florida Hardwood Hammock,Hardwood,South Florida Hardwood Hammock,FALSE,Not System,1333,7333,South Florida Hardwood Hammock,Tree,Hardwood,672,Hammocks,SAF 105: Tropical Hardwoods,Tree-dominated,Closed tree canopy,Deciduous closed tree canopy,match,match,South,one-to-one
14460,South Florida Pine Flatwoods,Conifer,South Florida Pine Flatwoods,FALSE,Not System,1446,7446,South Florida Pine Flatwoods,Tree,Conifer,684,Pine Flatwoods,SRM 811: South Florida Flatwoods,Tree-dominated,Open tree canopy,Evergreen open tree canopy,match,match,South,one-to-one
13600,South Florida Pine Rockland,Conifer,South Florida Pine Rockland,FALSE,Not System,1360,7360,South Florida Pine Rockland,Tree,Conifer,684,Pine Flatwoods,SAF 84: Slash Pine,Tree-dominated,Open tree canopy,Evergreen open tree canopy,match,match,South,one-to-one
14390,South Texas Lomas,Shrubland,South Texas Lomas,FALSE,Not System,1439,7439,Tamaulipan Lomas,Shrub,Shrubland,617,Grassland,SRM 726: Cordgrass,Shrub-dominated,Shrubland,Mixed evergreen-deciduous shrubland,no match,match,South,one-to-one
14420,South Texas Sand Sheet Grassland,Grassland,South Texas Sand Sheet Grassland,FALSE,Not System,1442,NA,NA,NA,NA,NA,NA,NA,NA,NA,NA,NA,no match,South,one-to-one
13210,South-Central Interior Mesophytic Forest,Hardwood,South-Central Interior Mesophytic Forest,FALSE,Not System,1321,7321,South-Central Interior Mesophytic Forest,Tree,Hardwood,655,Beech-Maple-Basswood Forest,SAF 60: Sugar Maple-Beech,Tree-dominated,Closed tree canopy,Deciduous closed tree canopy,match,match,South-Central,one-to-one
13260,South-Central Interior/Upper Coastal Plain Flatwoods,Hardwood,South-Central Interior/Upper Coastal Plain Flatwoods,FALSE,Not System,1326,7326,South-Central Interior / Upper Coastal Plain Flatwoods,Tree,Hardwood,673,Hardwood Flatwoods,SAF 40: Post Oak-Blackjack Oak,Tree-dominated,Closed tree canopy,Deciduous closed tree canopy,no match,match,South-Central,one-to-one
14570,South-Central Interior/Upper Coastal Plain Wet Flatwoods,Hardwood,South-Central Interior/Upper Coastal Plain Wet Flatwoods,FALSE,Not System,1457,7457,South-Central Interior / Upper Coastal Plain Wet Flatwoods,Tree,Riparian,673,Hardwood Flatwoods,SAF 88: Willow Oak-Water Oak-Diamondleaf Oak,Tree-dominated,Open tree canopy,Deciduous open tree canopy,no match,match,South-Central,one-to-one
13370,Southeast Florida Coastal Strand and Maritime Hammock,Hardwood,Southeast Florida Coastal Strand and Maritime Hammock,FALSE,Not System,1337,7337,Southeast Florida Maritime Hammock,Tree,Hardwood,672,Hammocks,SAF 105: Tropical Hardwoods,Tree-dominated,Closed tree canopy,Deciduous closed tree canopy,no match,match,Southeast,one-to-one
14230,Southeastern Great Plains Tallgrass Prairie,Grassland,Southeastern Great Plains Tallgrass Prairie,FALSE,Not System,1423,7423,Southeastern Great Plains Tallgrass Prairie,Herb,Grassland,649,Tallgrass Prairie,SRM 710: Bluestem Prairie,Herbaceous / Nonvascular-dominated,Herbaceous - grassland,Perennial graminoid grassland,match,match,Southeastern,one-to-one
13510,Southeastern Interior Longleaf Pine Woodland,Conifer,Southeastern Interior Longleaf Pine Woodland,FALSE,Not System,1351,7351,Southeastern Interior Longleaf Pine Woodland,Tree,Conifer,677,Longleaf Pine Woodland,SAF 70: Longleaf Pine,Tree-dominated,Open tree canopy,Evergreen open tree canopy,match,match,Southeastern,one-to-one
13180,Southern and Central Appalachian Cove Forest,Hardwood,Southern and Central Appalachian Cove Forest,FALSE,Not System,1318,7318,Southern and Central Appalachian Cove Forest,Tree,Hardwood,655,Beech-Maple-Basswood Forest,SAF 58: Yellow Poplar-Eastern Hemlock,Tree-dominated,Closed tree canopy,Deciduous closed tree canopy,match,match,Southern,one-to-one
14140,Southern Appalachian Grass and Shrub Bald,Grassland,Southern Appalachian Grass and Shrub Bald,FALSE,Not System,1414,7414,Southern Appalachian Shrub Bald,Shrub,Shrubland,670,Glades and Barrens,LF 55: Appalachian Grass and Shrub Balds,Shrub-dominated,Shrubland,Mixed evergreen-deciduous shrubland,no match,match,Southern,one-to-one
13530,Southern Appalachian Low-Elevation Pine Forest,Conifer,Southern Appalachian Low-Elevation Pine Forest,FALSE,Not System,1353,7353,Southern Appalachian Low-Elevation Pine Forest,Tree,Conifer,695,Virginia Pine Forest,SAF 79: Virginia Pine,Tree-dominated,Closed tree canopy,Evergreen closed tree canopy,match,match,Southern,one-to-one
13520,Southern Appalachian Montane Pine Forest and Woodland,Conifer,Southern Appalachian Montane Pine Forest and Woodland,FALSE,Not System,1352,7352,Southern Appalachian Montane Pine Forest and Woodland,Tree,Conifer,686,Pitch Pine Woodlands,SAF 51: White Pine-Chestnut Oak,Tree-dominated,Open tree canopy,Evergreen open tree canopy,match,match,Southern,one-to-one
13090,Southern Appalachian Northern Hardwood Forest,Hardwood,Southern Appalachian Northern Hardwood Forest,FALSE,Not System,1309,7309,Southern Appalachian Northern Hardwood Forest,Tree,Hardwood,682,Yellow Birch-Sugar Maple Forest,SAF 55: Northern Red Oak,Tree-dominated,Closed tree canopy,Deciduous closed tree canopy,match,match,Southern,one-to-one
13150,Southern Appalachian Oak Forest,Hardwood,Southern Appalachian Oak Forest,FALSE,Not System,1315,7315,Southern Appalachian Oak Forest,Tree,Hardwood,661,Chestnut Oak Forest and Woodland,SAF 44: Chestnut Oak,Tree-dominated,Closed tree canopy,Deciduous closed tree canopy,match,match,Southern,one-to-one
14260,Southern Atlantic Coastal Plain Dune and Maritime Grassland,Grassland,Southern Atlantic Coastal Plain Dune and Maritime Grassland,FALSE,Not System,1426,7426,Southern Atlantic Coastal Plain Dune and Maritime Grassland,Herb,Grassland,654,Atlantic Dunes and Grasslands,SRM 723: Sea Oats,Herbaceous / Nonvascular-dominated,Herbaceous - grassland,Perennial graminoid grassland,match,match,Southern,one-to-one
13820,Southern Atlantic Coastal Plain Maritime Forest,Hardwood-Conifer,Southern Atlantic Coastal Plain Maritime Forest,FALSE,Not System,1382,7382,Southern Atlantic Coastal Plain Maritime Forest,Tree,Hardwood,679,Maritime Forest,SAF 74: Cabbage Palmetto,Tree-dominated,Closed tree canopy,Evergreen closed tree canopy,match,match,Southern,one-to-one
14500,Southern Atlantic Coastal Plain Wet Pine Savanna and Flatwoods,Riparian,Southern Atlantic Coastal Plain Wet Pine Savanna and Flatwoods,FALSE,Not System,1450,7450,Southern Atlantic Coastal Plain Wet Pine Savanna and Flatwoods,Tree,Riparian,684,Pine Flatwoods,SAF 83: Longleaf Pine-Slash Pine,Tree-dominated,Open tree canopy,Evergreen open tree canopy,match,match,Southern,one-to-one
14220,Southern Blackland Tallgrass Prairie,Grassland,Southern Blackland Tallgrass Prairie,FALSE,Not System,1422,7422,Texas Blackland Tallgrass Prairie,Herb,Grassland,649,Tallgrass Prairie,SRM 717: Little Bluestem-Indiangrass-Texas Wintergrass,Herbaceous / Nonvascular-dominated,Herbaceous - grassland,Perennial graminoid grassland,no match,match,Southern,one-to-one
10920,Southern California Coastal Scrub,Shrubland,Southern California Coastal Scrub,FALSE,Not System,1092,7092,Southern California Coastal Scrub,Shrub,Shrubland,609,Pacific Coastal Scrub,SRM 205: Coastal Sage Shrub,Shrub-dominated,Shrubland,Evergreen shrubland,match,match,Southern,one-to-one
11100,Southern California Dry-Mesic Chaparral,Shrubland,Southern California Dry-Mesic Chaparral,FALSE,Not System,1110,7110,Southern California Dry-Mesic Chaparral,Shrub,Shrubland,607,Chaparral,SRM 206: Chamise Chaparral,Shrub-dominated,Shrubland,Evergreen shrubland,match,match,Southern,one-to-one
11180,Southern California Oak Woodland and Savanna,Hardwood,Southern California Oak Woodland and Savanna,FALSE,Not System,1118,7118,Southern California Oak Woodland and Savanna,Tree,Hardwood,629,Western Oak Woodland and Savanna,SAF 255: California Coast Live Oak,Tree-dominated,Sparse tree canopy,Mixed evergreen-deciduous sparse tree canopy,match,match,Southern,one-to-one
14300,Southern Coastal Plain Blackland Prairie and Woodland,Grassland,Southern Coastal Plain Blackland Prairie and Woodland,FALSE,Not System,1430,7567,Southern Coastal Plain Blackland Prairie Woodland,Tree,Conifer-Hardwood,688,Prairies and Barrens,SAF 46: Eastern Redcedar,Tree-dominated,Open tree canopy,Mixed evergreen-deciduous open tree canopy,no match,match,Southern,one-to-one
13300,Southern Coastal Plain Dry Upland Hardwood Forest,Hardwood,Southern Coastal Plain Dry Upland Hardwood Forest,FALSE,Not System,1330,7330,Southern Coastal Plain Dry Upland Hardwood Forest,Tree,Hardwood,658,Coastal Plain Oak Forest,SAF 89: Live Oak,Tree-dominated,Closed tree canopy,Deciduous closed tree canopy,match,match,Southern,one-to-one
13570,Southern Coastal Plain Mesic Slope Forest,Hardwood,Southern Coastal Plain Mesic Slope Forest,FALSE,Not System,1357,7357,Southern Coastal Plain Mesic Slope Forest,Tree,Hardwood,680,Sweetgum-Water Oak Forest,SAF 88: Willow Oak-Water Oak-Diamondleaf Oak,Tree-dominated,Closed tree canopy,Mixed evergreen-deciduous closed tree canopy,match,match,Southern,one-to-one
14600,Southern Coastal Plain Nonriverine Cypress Dome,Riparian,Southern Coastal Plain Nonriverine Cypress Dome,FALSE,Not System,1460,7460,Southern Coastal Plain Nonriverine Cypress Dome,Tree,Riparian,657,Cypress,SAF 100: Pond Cypress,Tree-dominated,Open tree canopy,Deciduous open tree canopy,match,match,Southern,one-to-one
14610,Southern Coastal Plain Seepage Swamp and Baygall,Riparian,Southern Coastal Plain Seepage Swamp and Baygall,FALSE,Not System,1461,7461,Southern Coastal Plain Seepage Swamp and Baygall Woodland,Tree,Riparian,694,Atlantic Swamp Forests,LF 47: Gulf Coastal Plain Swamp,Tree-dominated,Open tree canopy,Mixed evergreen-deciduous open tree canopy,no match,match,Southern,one-to-one
10930,Southern Colorado Plateau Sand Shrubland,Shrubland,Southern Colorado Plateau Sand Shrubland,FALSE,Not System,1093,7093,Southern Colorado Plateau Sand Shrubland,Shrub,Shrubland,637,Sand Shrubland,SRM 605: Sandsage Prairie,Shrub-dominated,Shrubland,Mixed evergreen-deciduous shrubland,match,match,Southern,one-to-one
13220,Southern Crowley`s Ridge Mesic Loess Slope Forest,Hardwood,Southern Crowley`s Ridge Mesic Loess Slope Forest,FALSE,Not System,1322,7322,Crowley's Ridge Mesic Loess Slope Forest,Tree,Hardwood,667,White Oak-Beech Forest and Woodland,SAF 53: White Oak,Tree-dominated,Closed tree canopy,Deciduous closed tree canopy,no match,match,Southern,one-to-one
13050,Southern Interior Low Plateau Dry-Mesic Oak Forest,Hardwood,Southern Interior Low Plateau Dry-Mesic Oak Forest,FALSE,Not System,1305,7305,Southern Interior Low Plateau Dry-Mesic Oak Forest,Tree,Hardwood,661,Chestnut Oak Forest and Woodland,SAF 44: Chestnut Oak,Tree-dominated,Closed tree canopy,Deciduous closed tree canopy,match,match,Southern,one-to-one
13680,Southern Piedmont Dry Oak(-Pine) Forest,Hardwood-Conifer,Southern Piedmont Dry Oak(-Pine) Forest,FALSE,Not System,1368,7368,Southern Piedmont Dry Pine Forest,Tree,Conifer,664,Chestnut Oak-Virginia Pine Forest and Woodland,SAF 59: Yellow Poplar-White Oak-Northern Red Oak,Tree-dominated,Closed tree canopy,Evergreen closed tree canopy,no match,match,Southern,one-to-one
13160,Southern Piedmont Mesic Forest,Hardwood,Southern Piedmont Mesic Forest,FALSE,Not System,1316,7316,Southern Piedmont Mesic Forest,Tree,Hardwood,667,White Oak-Beech Forest and Woodland,SAF 52: White Oak-Black Oak-Northern Red Oak,Tree-dominated,Closed tree canopy,Deciduous closed tree canopy,match,match,Southern,one-to-one
13760,Southern Ridge and Valley/Cumberland Dry Calcareous Forest,Hardwood,Southern Ridge and Valley/Cumberland Dry Calcareous Forest,FALSE,Not System,1376,7376,Southern Ridge and Valley / Cumberland Dry Calcareous Forest,Tree,Hardwood,660,White Oak-Red Oak-Hickory Forest and Woodland,SAF 52: White Oak-Black Oak-Northern Red Oak,Tree-dominated,Closed tree canopy,Mixed evergreen-deciduous closed tree canopy,no match,match,Southern,one-to-one
10510,Southern Rocky Mountain Dry-Mesic Montane Mixed Conifer Forest and Woodland,Conifer,Southern Rocky Mountain Dry-Mesic Montane Mixed Conifer Forest and Woodland,FALSE,Not System,1051,7051,Southern Rocky Mountain Dry-Mesic Montane Mixed Conifer Forest and Woodland,Tree,Conifer,625,Douglas-fir-Ponderosa Pine-Lodgepole Pine Forest and Woodland,SAF 210: Interior Douglas-Fir,Tree-dominated,Closed tree canopy,Evergreen closed tree canopy,match,match,Southern,one-to-one
11190,Southern Rocky Mountain Juniper Woodland and Savanna,Conifer,Southern Rocky Mountain Juniper Woodland and Savanna,FALSE,Not System,1119,7119,Southern Rocky Mountain Juniper Woodland and Savanna,Tree,Conifer,620,Juniper Woodland and Savanna,SRM 504: Juniper-Pinyon Pine Woodland,Tree-dominated,Sparse tree canopy,Evergreen sparse tree canopy,match,match,Southern,one-to-one
10520,Southern Rocky Mountain Mesic Montane Mixed Conifer Forest and Woodland,Conifer,Southern Rocky Mountain Mesic Montane Mixed Conifer Forest and Woodland,FALSE,Not System,1052,7052,Southern Rocky Mountain Mesic Montane Mixed Conifer Forest and Woodland,Tree,Conifer,643,Douglas-fir-Grand Fir-White Fir Forest and Woodland,SAF 211: White Fir,Tree-dominated,Closed tree canopy,Evergreen closed tree canopy,match,match,Southern,one-to-one
11460,Southern Rocky Mountain Montane-Subalpine Grassland,Grassland,Southern Rocky Mountain Montane-Subalpine Grassland,FALSE,Not System,1146,7146,Southern Rocky Mountain Montane-Subalpine Grassland,Herb,Grassland,617,Grassland,SRM 410: Alpine Rangeland,Herbaceous / Nonvascular-dominated,Herbaceous - grassland,Perennial graminoid grassland,match,match,Southern,one-to-one
10590,Southern Rocky Mountain Pinyon-Juniper Woodland,Conifer,Southern Rocky Mountain Pinyon-Juniper Woodland,FALSE,Not System,1059,7059,Southern Rocky Mountain Pinyon-Juniper Woodland,Tree,Conifer,630,Pinyon-Juniper Woodland,SRM 504: Juniper-Pinyon Pine Woodland,Tree-dominated,Open tree canopy,Evergreen open tree canopy,match,match,Southern,one-to-one
11170,Southern Rocky Mountain Ponderosa Pine Savanna,Conifer,Southern Rocky Mountain Ponderosa Pine Savanna,FALSE,Not System,1117,7117,Southern Rocky Mountain Ponderosa Pine Savanna,Tree,Conifer,631,"Ponderosa Pine Forest, Woodland and Savanna",SAF 237: Interior Ponderosa Pine,Tree-dominated,Sparse tree canopy,Evergreen sparse tree canopy,match,match,Southern,one-to-one
11171,Southern Rocky Mountain Ponderosa Pine Savanna-South,Conifer,Southern Rocky Mountain Ponderosa Pine Savanna,TRUE,Not System,1117,7117,Southern Rocky Mountain Ponderosa Pine Savanna,Tree,Conifer,631,"Ponderosa Pine Forest, Woodland and Savanna",SAF 237: Interior Ponderosa Pine,Tree-dominated,Sparse tree canopy,Evergreen sparse tree canopy,match,match,Southern,one-to-one
11172,Southern Rocky Mountain Ponderosa Pine Savanna-North,Conifer,Southern Rocky Mountain Ponderosa Pine Savanna,TRUE,Not System,1117,7117,Southern Rocky Mountain Ponderosa Pine Savanna,Tree,Conifer,631,"Ponderosa Pine Forest, Woodland and Savanna",SAF 237: Interior Ponderosa Pine,Tree-dominated,Sparse tree canopy,Evergreen sparse tree canopy,match,match,Southern,one-to-one
10540,Southern Rocky Mountain Ponderosa Pine Woodland,Conifer,Southern Rocky Mountain Ponderosa Pine Woodland,FALSE,Not System,1054,7054,Southern Rocky Mountain Ponderosa Pine Woodland,Tree,Conifer,631,"Ponderosa Pine Forest, Woodland and Savanna",SAF 237: Interior Ponderosa Pine,Tree-dominated,Open tree canopy,Evergreen open tree canopy,match,match,Southern,one-to-one
10541,Southern Rocky Mountain Ponderosa Pine Woodland-South,Conifer,Southern Rocky Mountain Ponderosa Pine Woodland,TRUE,Not System,1054,7054,Southern Rocky Mountain Ponderosa Pine Woodland,Tree,Conifer,631,"Ponderosa Pine Forest, Woodland and Savanna",SAF 237: Interior Ponderosa Pine,Tree-dominated,Open tree canopy,Evergreen open tree canopy,match,match,Southern,one-to-one
10542,Southern Rocky Mountain Ponderosa Pine Woodland-North,Conifer,Southern Rocky Mountain Ponderosa Pine Woodland,TRUE,Not System,1054,7054,Southern Rocky Mountain Ponderosa Pine Woodland,Tree,Conifer,631,"Ponderosa Pine Forest, Woodland and Savanna",SAF 237: Interior Ponderosa Pine,Tree-dominated,Open tree canopy,Evergreen open tree canopy,match,match,Southern,one-to-one
13360,Southwest Florida Coastal Strand and Maritime Hammock,Hardwood,Southwest Florida Coastal Strand and Maritime Hammock,FALSE,Not System,1336,7336,Southwest Florida Maritime Hammock,Tree,Hardwood,672,Hammocks,SAF 105: Tropical Hardwoods,Tree-dominated,Closed tree canopy,Deciduous closed tree canopy,no match,match,Southwest,one-to-one
13920,Tamaulipan Calcareous Thornscrub,Shrubland,Tamaulipan Calcareous Thornscrub,FALSE,Not System,1392,7392,Tamaulipan Calcareous Thornscrub,Shrub,Shrubland,613,Desert Scrub,SRM 728: Mesquite-Ganjeno-Acacia,Shrub-dominated,Shrubland,Mixed evergreen-deciduous shrubland,match,match,Tamaulipan,one-to-one
14400,Tamaulipan Clay Grassland,Grassland,Tamaulipan Clay Grassland,FALSE,Not System,1440,NA,NA,NA,NA,NA,NA,NA,NA,NA,NA,NA,no match,Tamaulipan,one-to-one
14670,Tamaulipan Floodplain,Riparian,Tamaulipan Floodplain,FALSE,Not System,1467,7467,Tamaulipan Floodplain Woodland,Tree,Riparian,666,Eastern Floodplain Forests,LF 42: Great Plains Riparian,Tree-dominated,Open tree canopy,Deciduous open tree canopy,no match,match,Tamaulipan,one-to-one
13900,Tamaulipan Mixed Deciduous Thornscrub,Shrubland,Tamaulipan Mixed Deciduous Thornscrub,FALSE,Not System,1390,7390,Tamaulipan Mixed Deciduous Thornscrub,Shrub,Shrubland,613,Desert Scrub,SRM 728: Mesquite-Ganjeno-Acacia,Shrub-dominated,Shrubland,Mixed evergreen-deciduous shrubland,match,match,Tamaulipan,one-to-one
14760,Tamaulipan Riparian Systems,Riparian,Tamaulipan Riparian Systems,FALSE,System,1476,7476,Tamaulipan Riparian Woodland,Tree,Riparian,668,Eastern Small Stream Riparian Forests,LF 42: Great Plains Riparian,Tree-dominated,Open tree canopy,Mixed evergreen-deciduous open tree canopy,no match,System,Tamaulipan,one-to-one
14380,Tamaulipan Savanna Grassland,Grassland,Tamaulipan Savanna Grassland,FALSE,Not System,1438,7438,Tamaulipan Savanna Grassland,Herb,Grassland,617,Grassland,SRM 728: Mesquite-Ganjeno-Acacia,Herbaceous / Nonvascular-dominated,Herbaceous - grassland,Perennial graminoid grassland,match,match,Tamaulipan,one-to-one
14340,Texas-Louisiana Coastal Prairie,Grassland,Texas-Louisiana Coastal Prairie,FALSE,Not System,1434,7434,Texas-Louisiana Coastal Prairie,Herb,Riparian,675,Inland Marshes and Prairies,SRM 711: Bluestem-Sacahuista Prairie,Herbaceous / Nonvascular-dominated,Herbaceous - grassland,Perennial graminoid grassland,match,match,Texas-Louisiana,one-to-one
14860,Texas-Louisiana Saline Coastal Prairie,Grassland,Texas-Louisiana Saline Coastal Prairie,FALSE,Not System,1486,7486,Texas Saline Coastal Prairie,Herb,Riparian,675,Inland Marshes and Prairies,SRM 806: Gulf Coast Salt Marsh,Herbaceous / Nonvascular-dominated,Herbaceous - grassland,Perennial graminoid grassland,no match,match,Texas-Louisiana,one-to-one
13390,West Gulf Coastal Plain Chenier and Upper Texas Coastal Fringe Forest and Woodland,Hardwood,West Gulf Coastal Plain Chenier and Upper Texas Coastal Fringe Forest and Woodland,FALSE,Not System,1339,7339,West Gulf Coastal Plain Chenier and Upper Texas Coastal Fringe Forest and Woodland,Tree,Hardwood,656,Texas Live Oak,SAF 89: Live Oak,Tree-dominated,Closed tree canopy,Deciduous closed tree canopy,match,match,West,one-to-one
13230,West Gulf Coastal Plain Mesic Hardwood Forest,Hardwood,West Gulf Coastal Plain Mesic Hardwood Forest,FALSE,Not System,1323,7323,West Gulf Coastal Plain Mesic Hardwood Forest,Tree,Hardwood,680,Sweetgum-Water Oak Forest,SAF 92: Sweetgum-Willow Oak,Tree-dominated,Closed tree canopy,Deciduous closed tree canopy,match,match,West,one-to-one
15060,West Gulf Coastal Plain Nonriverine Wet Hardwood Flatwoods,Hardwood,West Gulf Coastal Plain Nonriverine Wet Hardwood Flatwoods,FALSE,Not System,1506,7506,West Gulf Coastal Plain Nonriverine Wet Hardwood Flatwoods,Tree,Riparian,673,Hardwood Flatwoods,SAF 88: Willow Oak-Water Oak-Diamondleaf Oak,Tree-dominated,Open tree canopy,Deciduous open tree canopy,match,match,West,one-to-one
14280,West Gulf Coastal Plain Northern Calcareous Prairie,Grassland,West Gulf Coastal Plain Northern Calcareous Prairie,FALSE,Not System,1428,7428,West Gulf Coastal Plain Northern Calcareous Prairie,Herb,Grassland,688,Prairies and Barrens,SRM 717: Little Bluestem-Indiangrass-Texas Wintergrass,Herbaceous / Nonvascular-dominated,Herbaceous - grassland,Perennial graminoid grassland,match,match,West,one-to-one
14580,West Gulf Coastal Plain Pine-Hardwood Flatwoods,Hardwood-Conifer,West Gulf Coastal Plain Pine-Hardwood Flatwoods,FALSE,Not System,1458,7458,West Gulf Coastal Plain Pine Flatwoods,Tree,Conifer,684,Pine Flatwoods,SAF 82: Loblolly Pine-Hardwood,Tree-dominated,Open tree canopy,Evergreen open tree canopy,no match,match,West,one-to-one
13710,West Gulf Coastal Plain Pine-Hardwood Forest,Hardwood-Conifer,West Gulf Coastal Plain Pine-Hardwood Forest,FALSE,Not System,1371,7371,West Gulf Coastal Plain Pine Forest,Tree,Conifer,689,Shortleaf Pine Woodland,SAF 82: Loblolly Pine-Hardwood,Tree-dominated,Closed tree canopy,Evergreen closed tree canopy,no match,match,West,one-to-one
13780,West Gulf Coastal Plain Sandhill Oak and Shortleaf Pine Forest and Woodland,Hardwood-Conifer,West Gulf Coastal Plain Sandhill Oak and Shortleaf Pine Forest and Woodland,FALSE,Not System,1378,7378,West Gulf Coastal Plain Sandhill Shortleaf Pine Forest and Woodland,Tree,Conifer,689,Shortleaf Pine Woodland,SAF 76: Shortleaf Pine-Oak,Tree-dominated,Closed tree canopy,Evergreen closed tree canopy,no match,match,West,one-to-one
14290,West Gulf Coastal Plain Southern Calcareous Prairie,Grassland,West Gulf Coastal Plain Southern Calcareous Prairie,FALSE,Not System,1429,7429,West Gulf Coastal Plain Southern Calcareous Prairie,Herb,Grassland,688,Prairies and Barrens,SRM 717: Little Bluestem-Indiangrass-Texas Wintergrass,Herbaceous / Nonvascular-dominated,Herbaceous - grassland,Perennial graminoid grassland,match,match,West,one-to-one
13480,West Gulf Coastal Plain Upland Longleaf Pine Forest and Woodland,Conifer,West Gulf Coastal Plain Upland Longleaf Pine Forest and Woodland,FALSE,Not System,1348,7348,West Gulf Coastal Plain Upland Longleaf Pine Forest and Woodland,Tree,Conifer,677,Longleaf Pine Woodland,SAF 71: Longleaf Pine-Scrub Oak,Tree-dominated,Open tree canopy,Evergreen open tree canopy,match,match,West,one-to-one
14510,West Gulf Coastal Plain Wet Longleaf Pine Savanna and Flatwoods,Riparian,West Gulf Coastal Plain Wet Longleaf Pine Savanna and Flatwoods,FALSE,Not System,1451,7451,West Gulf Coastal Plain Wet Longleaf Pine Savanna and Flatwoods,Tree,Riparian,684,Pine Flatwoods,SAF 83: Longleaf Pine-Slash Pine,Tree-dominated,Open tree canopy,Evergreen open tree canopy,match,match,West,one-to-one
14950,Western Great Plains Depressional Wetland Systems,Riparian,Western Great Plains Depressional Wetland Systems,FALSE,System,1495,9025,Western Great Plains Closed Depression Wetland,Herb,Riparian,650,Depressional Wetland,SRM 601: Bluestem Prairie,Herbaceous / Nonvascular-dominated,Herbaceous - grassland,Perennial graminoid grassland,no match,System,Western,one-to-many
14951,Western Great Plains Depressional Wetland Systems-Playa,Riparian,Western Great Plains Depressional Wetland Systems,TRUE,System,1495,9025,Western Great Plains Closed Depression Wetland,Herb,Riparian,650,Depressional Wetland,SRM 601: Bluestem Prairie,Herbaceous / Nonvascular-dominated,Herbaceous - grassland,Perennial graminoid grassland,no match,System,Western,one-to-many
14952,Western Great Plains Depressional Wetland Systems-Saline,Riparian,Western Great Plains Depressional Wetland Systems,TRUE,System,1495,9025,Western Great Plains Closed Depression Wetland,Herb,Riparian,650,Depressional Wetland,SRM 601: Bluestem Prairie,Herbaceous / Nonvascular-dominated,Herbaceous - grassland,Perennial graminoid grassland,no match,System,Western,one-to-many
14950,Western Great Plains Depressional Wetland Systems,Riparian,Western Great Plains Depressional Wetland Systems,FALSE,System,1495,9027,Western Great Plains Open Freshwater Depression Wetland,Herb,Riparian,650,Depressional Wetland,SRM 601: Bluestem Prairie,Herbaceous / Nonvascular-dominated,Herbaceous - grassland,Perennial graminoid grassland,no match,System,Western,one-to-many
14951,Western Great Plains Depressional Wetland Systems-Playa,Riparian,Western Great Plains Depressional Wetland Systems,TRUE,System,1495,9027,Western Great Plains Open Freshwater Depression Wetland,Herb,Riparian,650,Depressional Wetland,SRM 601: Bluestem Prairie,Herbaceous / Nonvascular-dominated,Herbaceous - grassland,Perennial graminoid grassland,no match,System,Western,one-to-many
14952,Western Great Plains Depressional Wetland Systems-Saline,Riparian,Western Great Plains Depressional Wetland Systems,TRUE,System,1495,9027,Western Great Plains Open Freshwater Depression Wetland,Herb,Riparian,650,Depressional Wetland,SRM 601: Bluestem Prairie,Herbaceous / Nonvascular-dominated,Herbaceous - grassland,Perennial graminoid grassland,no match,System,Western,one-to-many
14950,Western Great Plains Depressional Wetland Systems,Riparian,Western Great Plains Depressional Wetland Systems,FALSE,System,1495,9029,Western Great Plains Saline Depression Wetland,Herb,Riparian,650,Depressional Wetland,SRM 601: Bluestem Prairie,Herbaceous / Nonvascular-dominated,Herbaceous - grassland,Perennial graminoid grassland,no match,System,Western,one-to-many
14951,Western Great Plains Depressional Wetland Systems-Playa,Riparian,Western Great Plains Depressional Wetland Systems,TRUE,System,1495,9029,Western Great Plains Saline Depression Wetland,Herb,Riparian,650,Depressional Wetland,SRM 601: Bluestem Prairie,Herbaceous / Nonvascular-dominated,Herbaceous - grassland,Perennial graminoid grassland,no match,System,Western,one-to-many
14952,Western Great Plains Depressional Wetland Systems-Saline,Riparian,Western Great Plains Depressional Wetland Systems,TRUE,System,1495,9029,Western Great Plains Saline Depression Wetland,Herb,Riparian,650,Depressional Wetland,SRM 601: Bluestem Prairie,Herbaceous / Nonvascular-dominated,Herbaceous - grassland,Perennial graminoid grassland,no match,System,Western,one-to-many
10130,Western Great Plains Dry Bur Oak Forest and Woodland,Hardwood,Western Great Plains Dry Bur Oak Forest and Woodland,FALSE,Not System,1013,7013,Western Great Plains Dry Bur Oak Forest and Woodland,Tree,Hardwood,659,Bur Oak Woodland and Savanna,SAF 236: Bur Oak,Tree-dominated,Open tree canopy,Deciduous open tree canopy,match,match,Western,one-to-one
11620,Western Great Plains Floodplain Systems,Riparian,Western Great Plains Floodplain Systems,FALSE,System,1162,9014,Northwestern Great Plains Floodplain Forest and Woodland,Tree,Riparian,635,Western Riparian Woodland and Shrubland,LF 42: Great Plains Riparian,Tree-dominated,Open tree canopy,Deciduous open tree canopy,no match,System,Western,one-to-many
11620,Western Great Plains Floodplain Systems,Riparian,Western Great Plains Floodplain Systems,FALSE,System,1162,9015,Northwestern Great Plains Riparian Forest,Tree,Riparian,635,Western Riparian Woodland and Shrubland,LF 42: Great Plains Riparian,Tree-dominated,Open tree canopy,Deciduous open tree canopy,no match,System,Western,one-to-many
11620,Western Great Plains Floodplain Systems,Riparian,Western Great Plains Floodplain Systems,FALSE,System,1162,9026,Western Great Plains Floodplain Forest and Woodland,Tree,Riparian,635,Western Riparian Woodland and Shrubland,LF 42: Great Plains Riparian,Tree-dominated,Open tree canopy,Deciduous open tree canopy,no match,System,Western,one-to-many
11620,Western Great Plains Floodplain Systems,Riparian,Western Great Plains Floodplain Systems,FALSE,System,1162,9028,Western Great Plains Riparian Woodland,Tree,Riparian,635,Western Riparian Woodland and Shrubland,LF 42: Great Plains Riparian,Tree-dominated,Open tree canopy,Deciduous open tree canopy,no match,System,Western,one-to-many
11470,Western Great Plains Foothill and Piedmont Grassland,Grassland,Western Great Plains Foothill and Piedmont Grassland,FALSE,Not System,1147,7147,Western Great Plains Foothill and Piedmont Grassland,Herb,Grassland,617,Grassland,SRM 604: Bluestem-Grama Prairie,Herbaceous / Nonvascular-dominated,Herbaceous - grassland,Perennial graminoid grassland,match,match,Western,one-to-one
11110,Western Great Plains Mesquite Woodland and Shrubland,Shrubland,Western Great Plains Mesquite Woodland and Shrubland,FALSE,Not System,1111,7111,Western Great Plains Mesquite Shrubland,Shrub,Shrubland,624,Mesquite Woodland and Scrub,SRM 729: Mesquite,Shrub-dominated,Shrubland,Mixed evergreen-deciduous shrubland,no match,match,Western,one-to-one
11480,Western Great Plains Sand Prairie,Grassland,Western Great Plains Sand Prairie,FALSE,Not System,1148,7148,Western Great Plains Sand Prairie,Herb,Grassland,647,Sand Prairie,SRM 720: Sand Bluestem -Little Bluestem Dunes,Herbaceous / Nonvascular-dominated,Herbaceous - grassland,Perennial graminoid grassland,match,match,Western,one-to-one
10940,Western Great Plains Sandhill Steppe,Shrubland,Western Great Plains Sandhill Steppe,FALSE,Not System,1094,7094,Western Great Plains Sandhill Steppe,Shrub,Shrubland,637,Sand Shrubland,SRM 605: Sandsage Prairie,Shrub-dominated,Shrubland,Mixed evergreen-deciduous shrubland,match,match,Western,one-to-one
11490,Western Great Plains Shortgrass Prairie,Grassland,Western Great Plains Shortgrass Prairie,FALSE,Not System,1149,7149,Western Great Plains Shortgrass Prairie,Herb,Grassland,648,Shortgrass Prairie,SRM 611: Blue Grama-Buffalograss,Herbaceous / Nonvascular-dominated,Herbaceous - grassland,Perennial graminoid grassland,match,match,Western,one-to-one
10070,Western Great Plains Sparsely Vegetated Systems,Sparse,Western Great Plains Sparsely Vegetated Systems,FALSE,System,1007,NA,NA,NA,NA,NA,NA,NA,NA,NA,NA,NA,Sparse,Western,one-to-one
11500,Western Great Plains Tallgrass Prairie,Grassland,Western Great Plains Tallgrass Prairie,FALSE,Not System,1150,7150,Western Great Plains Tallgrass Prairie,Herb,Grassland,649,Tallgrass Prairie,SRM 601: Bluestem Prairie,Herbaceous / Nonvascular-dominated,Herbaceous - grassland,Perennial graminoid grassland,match,match,Western,one-to-one
13850,Western Great Plains Wooded Draw and Ravine,Shrubland,Western Great Plains Wooded Draw and Ravine,FALSE,Not System,1385,7385,Great Plains Wooded Draw and Ravine Woodland,Tree,Riparian,635,Western Riparian Woodland and Shrubland,LF 41: Deciduous Shrubland,Tree-dominated,Open tree canopy,Mixed evergreen-deciduous open tree canopy,no match,match,Western,one-to-one
14160,Western Highland Rim Prairie and Barrens,Grassland,Western Highland Rim Prairie and Barrens,FALSE,Not System,1416,7416,Western Highland Rim Prairie and Barrens,Herb,Grassland,688,Prairies and Barrens,LF 55: Appalachian Grass and Shrub Balds,Herbaceous / Nonvascular-dominated,Herbaceous - grassland,Perennial graminoid grassland,match,match,Western,one-to-one
11200,Willamette Valley Upland Prairie and Savanna,Hardwood,Willamette Valley Upland Prairie and Savanna,FALSE,Not System,1120,7120,Willamette Valley Upland Prairie,Herb,Grassland,629,Western Oak Woodland and Savanna,SAF 233: Oregon White Oak,Herbaceous / Nonvascular-dominated,Herbaceous - grassland,Perennial graminoid,no match,match,Willamette,one-to-one
10720,Wyoming Basins Dwarf Sagebrush Shrubland and Steppe,Shrubland,Wyoming Basins Dwarf Sagebrush Shrubland and Steppe,FALSE,Not System,1072,7072,Wyoming Basins Dwarf Sagebrush Shrubland and Steppe,Shrub,Shrubland,623,Low Sagebrush Shrubland and Steppe,SRM 405: Black Sagebrush,Shrub-dominated,Dwarf-shrubland,Evergreen dwarf-shrubland,match,match,Wyoming,one-to-one
